gene_names,Hox_7,Hox_9,Hox_10,Hox_4,Hox_6,Hox_2,Hox_3,Hox_5,Hox_1,Hox_8,No_hox_3,No_hox_2,No_hox_10,No_hox_6,No_hox_4,No_hox_8,No_hox_5,No_hox_7,No_hox_1,No_hox_9
Ptx1,4.929505879733517,5.084466454388778,5.068790348583537,5.004561959745725,5.072347263301655,5.177236643554968,5.007179563373113,5.093426908484758,5.04229540630338,5.0786657686462595,4.778061423756647,4.86211850777251,4.654193836188508,5.197397524723009,4.614266127758969,4.771239735627126,4.730918768878412,5.340908483888972,4.455517376051818,4.830927032101018
Lim3,5.614053796485781,5.447060758348023,5.447189633059964,5.292931958500819,5.423691176989631,5.396714599747332,5.443958005743365,5.422832147939898,5.325455924280964,5.2977077938904795,5.114854239319316,5.2164705312761575,5.30957787852631,5.027281178029041,4.82268038932731,5.442201804650012,5.00641043162963,5.597155657949583,4.99425040619376,5.133319507050578
yps,8.759462510616936,8.779122849880615,8.760193314935485,8.719741507746114,8.784343410457353,8.784846293285725,8.81678619953612,8.779379881422656,8.82905697848516,8.766597736551239,8.73387904992478,8.782591568260521,8.726738049539618,8.673089590356918,8.783745703091071,8.715857046832875,8.684185921365133,8.739272972088735,8.71019482265983,8.757553984068668
TC008064,5.5052111875428595,5.301341163823155,5.4295322637430425,5.288194039677884,5.571433065886132,5.202223544617297,5.517185608169034,5.3873862981124265,5.3576662244193765,5.405994742453911,5.167888126999626,5.535453421543208,5.191014989976933,4.929975487412561,5.037337929664259,5.197276360731817,5.222167762497223,5.201865010710629,4.978100974217644,5.239332743151736
tara,6.274062592930972,6.299080295553995,6.271198083191513,6.259289177778907,6.270483795080045,6.276303390546753,6.21574227006937,6.260537978109016,6.23267548695114,6.241271855701277,6.078160224954608,6.347761435542508,6.220652541514983,6.152083545355755,6.034671460741032,6.114872708271318,6.182743204989855,6.089585354080206,6.155744494248508,6.311715437192207
Atf3,4.278949403883242,4.129397579167248,4.111416689847248,4.26997553730202,4.152564960976292,4.223163384995554,3.8555847391442635,4.1891172902374345,3.9957730778559903,4.101565780393211,3.618157182899745,4.025079949394214,3.9269285017811373,3.6733724448598504,3.6146679973251694,3.84993537122184,4.225954841935571,4.162216913718173,4.055842626093447,3.812247193971211
TC004054,4.1793263730595385,4.2956450847524295,4.050429360479764,4.222869079038245,4.194768698033395,4.119429570042498,4.247377471044277,4.196127236903068,4.148473502991689,4.055113224220165,3.83591986776894,4.387293572170053,4.198414369612638,3.9016835274203707,3.9516241066785573,3.177846021787673,3.921099076051755,4.050755243928816,3.9704046360455303,3.185510409696692
TC005946,4.381022371758414,4.572200369583856,4.447433583837029,4.339788851121118,4.353642338656685,4.189766954707363,4.411718740300337,4.469465332250859,4.435748697020284,4.584196879118364,4.386243411691518,4.335321739198444,4.325803911838118,3.980170574735233,3.4930885403830776,3.706686439796706,4.0465512988937515,4.262491407170988,4.055842626093447,4.058638755115935
TC009296,5.628913104663525,5.622506287454346,5.615076471649747,5.681613416055235,5.5696929926683545,5.650179943206013,5.627890452287137,5.5954944716777835,5.650496464555734,5.7397143130565595,5.567130709309223,5.590158386403338,5.631758291656105,5.426123562752783,5.449813893270167,5.486465291276852,5.601230183665607,5.685252778640822,5.499143803620955,5.431894089973877
kay,5.407894534561106,5.429472712408492,5.385009911665286,5.350336254637244,5.252667609896072,5.359460988608111,5.29318779956118,5.352837193097075,5.458105873168705,5.486797054273788,5.334065429464337,5.331190203807988,5.4452840041338515,5.040440129838778,5.166599158485478,5.047890773445489,5.28104649269432,5.443622853311183,5.15655377905694,5.0558359826344885
kn,7.318389151537426,7.2509752563414995,7.054734806832655,7.158461123006421,7.108136356535647,7.227275390512249,7.145528110962821,7.265258937524678,7.177160200314298,7.056551588559185,7.11444943178929,7.309035025283995,7.198549200268136,6.626119457480593,6.965703868667857,6.960907052452119,6.9784869233754225,6.948675284924818,6.906323404037782,6.692040591021155
slou,4.46841796659927,4.360863272637794,4.32383036723525,4.393492369925879,4.194768698033395,4.317140656827087,4.206875686354735,4.123713152237413,4.419682357185572,4.360104255884016,4.234165149799263,4.160922854113487,4.325803911838118,3.9016835274203707,3.8663587912963213,4.013710067368843,3.964688758449033,3.879712413024248,4.2755159874556545,3.943012456434786
ab,6.355744527893015,6.415188742844356,6.472223065316666,6.377059519002649,6.36915160790903,6.417578244184506,6.270579491559428,6.379880356935582,6.437465037347525,6.34999327340506,6.304995590119039,6.17712997870213,6.404888714557849,6.28481083863934,6.369003091298769,6.292194092901704,6.296679331777006,6.172990318183489,6.367365841709476,6.211219074592884
TC008121,5.809815494526659,5.844601090763006,5.848617523720868,5.797948572650166,5.876270761335353,5.835327568804503,5.801535128142267,5.852479005759449,5.833020396832264,5.865277392291697,5.681596170499938,5.738325509042742,5.802616068317482,5.7498283844091445,5.807026539110614,5.623801444409999,5.665537845815926,5.707990859305381,5.867097554830975,5.798271870477096
sens-2,4.392373740277526,4.258193224475997,4.3590834632374325,4.1060563249587085,4.152564960976292,4.067073539486929,4.120591677879881,4.1311951357121695,4.425066535598318,4.371719647050868,3.785761795995002,4.025079949394214,4.295445383938723,4.184300829975645,3.723055306808844,3.4768253143203918,4.0465512988937515,3.6142131907617228,4.3078571653903825,4.058638755115935
TC002961,6.392304786019087,6.362315296566725,6.349124512515516,6.338769598796122,6.3477847719043945,6.505794735955986,6.428078431634688,6.371189150365,6.386671396118931,6.384528521203908,6.26700690676567,6.337008298616112,6.430725920122383,6.353930511405803,6.289406721251,6.211660690138683,6.254379863751941,6.191643839489477,6.255864711356711,6.296299362104152
Fer3,3.2439154827001575,3.0340267183847884,3.1007547746892707,2.775350053299552,3.0708875387149788,3.031407545893135,3.103593856702158,3.393501496101039,3.3289191968627136,3.3474964610497824,2.054175612318994,2.8502317076223576,3.061174601549436,2.8426916072292903,2.890738060125247,1.644981001224966,2.94359401275444,2.821583050091802,2.0908417878566588,2.7568830045307355
mor,6.9109846217607425,6.874311672193107,6.853866259937161,6.868963493318531,6.8858514452921185,6.876200487781628,6.914344213066331,6.923013136733057,6.912418836535337,6.892514951020397,6.722207767160447,6.79455902601644,6.788374507471811,6.867571211492763,6.8666694718262775,6.865295201645456,6.782434281235979,6.794323383310829,6.91340018996308,6.881970002217804
Dsp1,8.420285391711753,8.397087642402681,8.383728785248268,8.39267355075654,8.448659675936199,8.429108817473814,8.437180389899666,8.420718646420541,8.396173710002188,8.432991161286997,8.255247021449714,8.343374145890005,8.329390127006947,8.340687888279215,8.383878112117442,8.32695985722868,8.334299867592096,8.248245166854932,8.35609308733715,8.361403279207286
Or47a,2.4416697936703358,2.8439929114049844,2.544416780954795,2.196363512269495,2.8327374991132444,3.360245876853014,2.9465385714192633,2.996997917363512,2.9172465627921738,2.7195125026010776,0.0,1.62392191182717,1.7088859140650388,2.7174498488016834,1.9984311670963109,2.6058501987287372,2.504706847493824,1.1810008273439183,2.0908417878566588,2.2437852941215066
TC001226,6.965836701235001,6.9563824935907395,6.936572514604459,6.967550461254898,6.972154685728561,7.019503016231751,6.986146593080932,6.9888887907992014,7.008936369153313,6.977040197386429,6.805929640196103,6.904585803946298,6.847732918201283,6.924788627436647,6.926841821069146,6.912164298963007,6.963717003654951,7.003490116153915,6.957093030653728,7.002038944381285
TC001083,3.2959273906621958,3.645806840984639,3.397461028402942,3.6775877174574934,3.346906871906582,3.5701289823570073,3.685253960146064,3.564970149088645,3.5953673619426594,3.439604036241808,2.68107696056963,3.152787667240352,3.1618408510408997,3.145126274112419,3.1027124258345347,3.177846021787673,3.0555069564549058,3.1602432002090155,3.3798680280842763,3.4845755041215547
Dbx,4.945862571478949,5.1439073719675,4.915687457013971,5.167178451248887,5.103362868526556,4.895634194399788,5.0672284801387475,5.1187336798383,4.954554290313831,5.209278767508297,4.234165149799263,4.69073389196588,4.849202400079073,4.663932626268018,4.69516664458649,4.554618807769951,4.928178164901134,4.948570083715232,4.698111791416371,4.911649108356791
TC015874,9.204538072323261,9.240817610270982,9.206259668747595,9.277937041247933,9.283114496226018,9.336019999693244,9.234897143945295,9.234316569013155,9.322723416502646,9.427258556126734,9.110277466320879,9.151853771631464,9.153200249061133,9.024756849088204,9.234371461093783,9.25046251690204,9.204712333600895,9.100445965664576,9.106860849950994,9.23735118696181
Pdp1,4.5536004953156075,4.6352206053109875,4.447433583837029,4.4554396738994155,4.347749174017455,4.451247051955785,4.533136128298306,4.351120781300576,4.392317845103036,4.6475128049997965,3.83591986776894,4.060809461572154,4.632426497889932,4.184300829975645,4.404048911642789,4.248281495467057,4.085099379614079,4.162216913718173,4.055842626093447,4.369040624096056
TC030585,6.706334063748138,6.7348674787441745,6.759518616696739,6.796513080386313,6.764336221724101,6.801281769650318,6.735706934784377,6.785042539277048,6.768131271044573,6.770206488734841,6.642720053757939,6.617918587286322,6.733378509324076,6.7446474311836635,6.726620782647619,6.732535743917975,6.708413498531113,6.726313183470417,6.5982521300599135,6.7152989825676865
al,5.678468378922691,5.70214576066227,5.900612494519958,5.688001917467256,5.835725830563317,5.6517554152891964,5.6361732821800326,5.555042641714006,5.855106966587134,5.85746675712077,5.811798945712499,5.0868640094505535,5.4452840041338515,5.323224314452854,5.458907311485523,5.528852288268181,5.718602766490876,5.886003001626292,5.397454026049903,5.216726410955535
TC034116,4.099395456278496,3.8754429323798316,4.242897914029896,4.02545009843205,3.980519724217119,3.8539207918901446,3.6005209676525696,4.1311951357121695,4.262133553699888,4.047156926965336,4.014638027245897,3.152787667240352,3.8813463367417858,3.6207148238955744,3.723055306808844,3.756751041373062,3.964688758449033,3.781800990198787,3.718108953124123,3.661772825486701
ftz-f1,6.199107262521506,6.1964908480312175,6.245272331417083,6.252975040670361,6.199772763572722,6.09973655268987,6.067604899230148,6.149067772428935,6.204082449181909,6.173117271001013,6.181730982784939,6.036622092483979,6.0113957574200105,5.936966995460341,6.039748376453763,6.244656317637284,6.054136192101982,6.11982304909442,6.093684400823526,5.935411904855661
Hexim,5.9711318073870085,5.923419008712135,5.935822464423194,5.9571544040965625,6.072342588953829,5.94209812949704,5.986146811830568,5.894252083344923,6.009582542323163,5.969835281551073,5.950875501299732,5.832149523217997,5.836189290186293,5.8877754043859145,5.856890297414919,5.927436767563044,5.875444812943302,5.8797114149267475,5.931877380002294,5.8358998665481545
TC005661,5.759327488967011,5.470040397730561,5.71512619414634,5.841213524848636,5.697068861484927,5.667375107065884,5.465712530775221,5.5277511035192175,5.610280652093034,5.612920342575241,5.584307190028698,5.238331464778865,5.165517129540175,5.4948230499018935,5.364022861654987,5.623801444409999,5.5844856619910646,5.393583869491146,5.499143803620955,5.355282971742167
TC012748,5.14257744216707,5.092783101144346,5.004292605385139,5.128935699583895,4.9699062776692156,5.036169743452995,5.243137067817001,5.0790858395764085,5.0931208149122424,5.158010101976143,4.69871949473357,4.709256011515555,4.564128464796451,4.869802431151542,4.4547306325304685,4.949189120330229,4.9602091695683015,4.829671291410289,5.0713027813426415,4.9863390293143
simj,6.573455457335979,6.564574918994467,6.56032606147315,6.535638996899568,6.574411546262757,6.543281111163931,6.580288336200988,6.556131942900938,6.53971788093975,6.565410558212323,6.447576558348366,6.514820431944667,6.378366202257385,6.556838721124353,6.492248232871331,6.488297379170883,6.498520442541964,6.461327714459858,6.5982521300599135,6.575718857191421
sqz,7.1206517568779715,7.079895643165455,7.03664697465246,7.123841770888364,7.187195144527091,6.849472594659176,7.106105520209493,7.146873471529707,7.098065632450656,7.0845234052698,6.8572930616509336,7.011071132290837,6.595005671298457,7.100969163659366,6.8688820069728465,6.730041842484365,6.902354089934043,6.8674477172245245,7.132103943080823,6.899120339805207
en,3.1890491957740688,3.903037389161078,3.916016558565949,3.9098964989428784,4.062406141475457,3.970403702812647,3.8156440738848625,3.9340877882182785,3.5704376797837543,3.937515678622333,3.785761795995002,2.9615683521578036,2.9492285789876234,3.860002129964935,3.2775179452945276,3.338467875279947,3.547313320248252,3.335470414159077,3.718108953124123,3.4845755041215547
TC001726,3.34536728434208,3.2985965791247605,2.993621437118998,3.3904089615353032,3.562986926861473,3.5315293092222784,3.4939833660091715,3.6998875184311815,3.2095878884810842,3.3148070123834223,3.488451616399236,2.5816431612634054,1.1821573435528232,3.145126274112419,2.6213984674986084,2.9863938881272887,2.046916045879434,2.821583050091802,2.720205862521624,3.185510409696692
TC007831,5.6893263819215925,5.733180087035792,5.628143952912245,5.645727932756209,5.638663965621517,5.67663113975408,5.6328683782887525,5.588575884440371,5.650496464555734,5.594391539154654,5.642202746259893,5.369845703640209,5.3206962441349654,5.762608520078907,5.422026713918909,5.545316497223604,5.449076820065274,5.481925958924626,5.459699915387186,5.494428663474514
hkb,5.881067679671837,5.836760213169314,5.588417798107138,5.751233414019302,5.783672731611411,5.67663113975408,5.853306390930422,5.834997336582181,5.79007402252234,5.798244995842347,5.696929055708313,5.4690340389993395,5.3206962441349654,5.710477752886793,5.485701708295468,5.5534480536442725,5.487015895513516,5.403793984367442,5.6345793548036855,5.431894089973877
vvl,6.130060917171477,6.057217383597231,6.088230607813589,6.0500148217076415,6.064940541477928,5.989247901297474,5.931185423118424,5.914501966338687,5.988440806997919,6.028796757852324,5.818558415988753,5.95556140358234,5.753635436622086,6.076152530440951,5.880919748484646,5.703566352855215,5.942565738519615,5.952717463576182,5.912880212492944,5.883964509801265
TC003413,5.344607920932701,5.219658247487889,5.233344831222137,5.38971770430204,5.435710826798396,5.25039887670049,5.33640955483126,5.1910243108990315,5.162255036560859,5.189085610227116,4.952594347769847,4.79704543239569,5.1124839825936945,5.053428170216907,4.888852584303941,4.771239735627126,4.895087127432471,5.472486845684469,5.15655377905694,5.145669222510417
TC032035,7.486992412076723,7.470333653179099,7.490114934542801,7.50707693275397,7.462169037830887,7.476000306582133,7.3775186944419175,7.476048299920248,7.442216769124646,7.448239591783129,7.364353127184764,7.2771759800191935,7.278144114112743,7.379662090795938,7.23492543062139,7.201157555639489,7.340106316746637,7.401099297526763,7.413427324433389,7.298563089853319
TC003570,6.619535308849875,6.621831033304374,6.731919171548637,6.64839796351418,6.6410128762598895,6.694547818188133,6.6155973541403235,6.68874323217278,6.638366718507324,6.608260198906509,6.565981454968543,6.462175238215037,6.473522016083503,6.545294414503197,6.517689200746707,6.380984060564546,6.464087095435462,6.6792056169507195,6.60146836292443,6.470513196610974
exd,6.665911688467861,6.668018510537156,6.685660904916086,6.582279078647759,6.61991108620256,6.686749337249484,6.631576436300282,6.659435473942246,6.67128475616745,6.628411248066169,6.543395562246542,6.56769757529627,6.582561594026014,6.636772163690033,6.472733540406333,6.567733681886846,6.657761903309759,6.4506871632687774,6.474986970106264,6.566868577603891
TC016404,2.589037456324774,2.817483306406912,3.0378613255433975,2.5819915350522216,2.688347615173831,3.1723992899259192,3.016887975424115,3.1271781406322243,3.0098414142094225,3.133107550587988,2.512360306772808,1.9614207363887166,2.678855863992441,2.8426916072292903,2.2516388251156645,3.0866947144974244,2.94359401275444,2.0506431578733815,1.745334284475649,2.2437852941215066
net,3.8321599828886184,3.9560419132232685,4.05825930711812,4.008518772239883,4.062406141475457,4.162222792322501,4.066591987182098,3.9431249452209927,3.9791378841675686,4.202234622679095,3.83591986776894,3.8243368635844774,3.9705231971394057,3.8165075434571265,3.4262652290063143,3.893461439741146,3.77762007872881,3.781800990198787,3.876979258665503,3.76456134300263
TC001789,3.4805211562398224,3.634003726666718,3.576718580191605,3.7575142391783327,3.409243405290805,3.5315293092222784,3.763364741169689,3.408968507117218,3.5704376797837543,3.510367645208325,3.416690744250295,2.9615683521578036,3.33707943042754,3.4437316999657694,2.2516388251156645,3.338467875279947,3.0555069564549058,3.059584438892423,2.8649032584294316,3.185510409696692
sug,4.737368305633735,4.818105944271181,4.814807959258076,4.798711390005014,4.6981595421277325,4.531599239470372,4.735015548245439,4.746252763844188,4.6414971548317165,4.579517134608738,4.29779751652055,4.528735128440357,4.515859112767711,4.605086343758764,4.234488729966898,4.41313488836274,4.534401697746021,4.324157632103701,4.559715785790614,4.225835312995834
bin,3.683253025360965,3.827689487987745,4.034583107501942,3.810930301053235,3.8337212321681804,3.227227048792989,3.948969318360607,3.640807097944916,3.7004449282595058,4.1091023341186075,3.255586355549906,3.5140371388624834,3.4143845014910026,2.8426916072292903,1.9984311670963109,3.177846021787673,3.6100500993902456,2.6773021134092456,3.3798680280842763,2.8824465686128233
CG12605,5.217029540384319,5.248421732411578,5.228516416646932,5.221932790857229,5.049170489908302,5.262088613020754,5.208321698361003,5.253598670022457,5.305619680391314,5.12593784939485,4.968482539082943,5.123909377668213,5.240139451287416,5.103756426177844,4.965848716100796,5.047890773445489,5.14660773482118,4.995495520582575,4.910761568420535,4.605572339948318
TC030888,6.163260863638933,6.048762679009301,6.085152784036747,6.02986023215202,6.043484832723874,6.005957090461436,5.963810334073573,5.975262552653357,6.141429324025921,5.997480847646744,5.65020655714738,5.783207412497522,6.07578110024776,5.859363593904536,5.5941679818166365,5.971045548330784,5.747707404583427,5.443622853311183,5.790630574259262,5.60886283647477
cbt,5.079316046347545,5.111923781904285,5.102292875092735,5.112087381629308,5.060826020455315,5.059210212416316,5.126624686615738,5.0408070375683405,5.138860929052254,5.189085610227116,4.833691932864339,5.074204177481972,5.056480034878301,5.053428170216907,4.805429780409298,5.047890773445489,4.878121707426427,4.608523034904691,4.800402249222589,4.646836953940752
fd96Ca,4.012516179688101,4.150869244568381,4.154833997938337,4.302314222081105,4.228626947333347,4.089848290420822,3.9840108719062686,4.077606111530113,4.183264507336345,4.202234622679095,4.093291348107596,3.5140371388624834,3.674877987958363,3.771034813354448,3.9516241066785573,3.4768253143203918,3.6100500993902456,3.879712413024248,3.718108953124123,4.128905801098182
TC011745,3.3770194516671417,3.6916736154986793,3.695601464430048,3.537457917788212,3.5885674961452203,3.7435115347440964,3.4798312259046367,3.3456111074214814,3.764824255202961,3.804222722670528,3.9292661679478607,1.9614207363887166,2.5101692562773663,2.407051888134067,2.453512439595664,2.6058501987287372,3.3313444485868313,2.0506431578733815,2.991285576706038,3.5471955127412316
ara,6.524480215894805,6.742851661947632,6.664586094884674,6.621847082072683,6.679058334024317,6.607043522066789,6.503617947672724,6.620004288611171,6.637191788881361,6.6265960221129,6.443978670529494,6.399858168053117,6.553982977230988,6.339770731747833,6.495463975730595,6.272660571036631,6.398951629618772,6.421746079330248,6.264897256945952,6.163585776670395
CG13982,4.316176370015639,4.459182596421621,4.420653266554162,4.2765274788777745,4.261376259784661,4.286785722784014,4.164664009843109,4.357085427951499,4.403353669367989,4.287427459984313,4.386243411691518,4.060809461572154,4.231815150152586,4.428787593991332,3.991676867195537,4.013710067368843,4.192557003943528,4.196771089443879,3.9704046360455303,3.7144871881676145
lmd,3.521796973621182,3.347209307207807,3.7606894565659212,3.551040089593581,3.1325231020596873,3.328612941890409,2.896729798876181,3.67667250695058,3.262482470742327,3.5373280814560104,3.255586355549906,2.72492793503694,2.9492285789876234,3.145126274112419,2.765108963262352,2.4381887222178618,3.0555069564549058,2.5086365633615464,2.3471407567562133,2.6132582912154954
Axud1,5.184338024200828,5.192544585433713,5.240544019547124,5.126147285767393,5.049170489908302,5.133271304394031,5.156383806160175,5.004123065502839,5.207462766372705,5.183972958272921,5.128378714386634,5.021898552408486,4.900989703169463,5.091409826891588,4.872715499381275,5.125370483869542,4.975847966455346,4.9644578227721805,5.056359963715086,4.911649108356791
TC034819,6.134024488854455,6.1695806746956645,6.090277240120751,6.165068842195604,6.123678623866879,6.147844908563921,6.08460557240329,6.062160439440696,6.046334305646154,6.148023964944036,5.939001778667796,6.051115726820218,5.936623471101629,6.121512810537378,5.93858244100369,6.0724091656303205,5.936646629575366,5.987314423246588,5.944344579543866,5.957454454920568
crc,7.27605566562959,7.317301834832674,7.325794569173457,7.294088324101947,7.315739124992684,7.281784268911666,7.308694392741469,7.273661927292428,7.293753866615384,7.323615549359889,7.29602065644482,7.304936608752798,7.200238554789602,7.266357852691141,7.251643897162514,7.261646602317604,7.19934704448403,7.251176834202176,7.21889130454812,7.257828678106771
org-1,4.66700186071083,4.6610591226302756,4.599153660941932,4.810266554497873,4.317750873209879,4.352390631045131,4.828047518302137,4.555965022389828,4.403353669367989,4.723438660254595,4.2664873825539695,4.436697255724042,3.7834313717154044,3.771034813354448,3.8663587912963213,3.935171747849459,3.547313320248252,3.4845227140860313,3.9704046360455303,3.983058561390469
Cph,7.181792604356842,7.293438855138001,7.19824003234063,7.183750327268246,7.224830677126404,7.310064542329796,7.350851712446108,7.316192642645989,7.360381714697885,7.267790343148128,7.055602356555058,7.2132463400251785,7.117582081604057,7.0807832787646126,7.12998551918448,7.089102309078746,7.100578824856562,7.10485389287049,7.254614064404665,7.024789838225529
CG11617,2.9573723143176807,3.378352643623435,3.397461028402942,3.2905373499632997,3.1905792734161054,3.0095394377109193,2.896729798876181,3.329124052914453,2.9172465627921738,3.3148070123834223,2.68107696056963,2.2133050362504116,2.5101692562773663,1.6175001506140987,2.765108963262352,2.4381887222178618,2.504706847493824,2.0506431578733815,3.103472669807077,2.6132582912154954
chn,5.931966591416739,5.866488750002853,5.907999730667959,5.776322275912038,5.822288174583536,5.972254763867068,5.903791971650348,5.944128093118089,5.881733626972668,5.910901854268449,5.7702535621735,5.731746150319667,5.788864684816907,5.5434175766827565,5.648039421147404,5.703566352855215,5.688625590091988,5.685252778640822,5.768719577556758,5.765796118552546
pnr,4.968321575729222,4.68624679260555,4.899004579735872,4.936048064871369,4.706451855315234,4.83694213778762,4.9199323832487005,4.978897470244753,5.149325933181619,5.364076338943887,4.9995210999409005,4.2805000457818005,4.564128464796451,3.941696880586228,4.234488729966898,4.509645547036452,4.534401697746021,4.754790142430139,4.6313060621342075,4.341993348712648
HLH4C,5.654796472007197,5.383067637478125,5.618359385464495,5.475990980884184,5.273960684538552,5.749177054488531,5.517185608169034,5.692346150452947,5.825107187332354,5.414171615685465,5.3557016598201,4.727441291677388,4.884023523944041,4.789106993952961,5.166599158485478,5.296281771451868,5.399534688113856,5.238479941656231,4.780764137139147,5.157868281175446
NfI,3.9958757671857272,4.100032150801736,4.111416689847248,3.919275050068499,3.980519724217119,3.9788261872168613,3.865325530957595,4.045643027025284,3.9096834963426,4.070838392511587,3.6772022002935425,3.313245763700779,3.4861399480314916,3.506271647001125,3.670329409929246,3.84993537122184,3.964688758449033,3.251689979009724,3.2959475011596244,3.269069406462911
TC003191,5.886149042402176,5.949541799060437,5.760210612421644,5.644065773093861,5.76235567761457,5.777338787001175,5.650911655984181,5.843103790878808,5.826430411766614,5.572041830267659,5.31195070066313,4.9807918326547815,5.405454842323153,5.443745941792263,5.412590047014107,5.495087642514056,5.496279952436488,5.481925958924626,5.307931872218726,5.2052286686521345
E5,5.9487698344845885,5.854960866624047,5.991507389755904,5.97642915868616,6.06706100893917,6.003745264182604,5.94339317417693,6.019091028310117,6.107069434755112,5.893405503502763,5.748815158274886,5.634778423698003,5.948497119488821,5.723767427294127,5.740983047171693,5.600895896808365,5.803492433037264,5.500541027718003,5.79782883598746,5.5614135634534225
zfh1,7.411077645243333,7.416667973029183,7.365698335412501,7.326155179133643,7.379590184639201,7.351758893333314,7.362073975368198,7.45827903635166,7.412341745236967,7.326627429940291,7.2758317905076675,7.195077539410074,7.260819269305185,7.214209526603678,7.145189274773387,7.1758988387586005,7.245298580827105,7.1340827637980135,7.369715538245186,7.23682185236564
TC031968,5.875960364765756,6.099460163632224,6.051719369503725,6.02986023215202,6.003664869816571,5.870092160537517,5.931185423118424,5.996263026389794,5.936509845017453,5.8984357757282835,5.549654033291623,5.725123216782825,5.502202577331147,5.799997219179572,5.640518915306402,5.827926950351882,5.617698937595924,5.509720209084283,5.804975652836906,5.745792058219397
hth,7.992261785837582,8.06331773791674,8.036144648313233,8.01912799188015,8.038937634268088,8.030388800471947,7.905982062719393,7.981163347020872,8.014082755838784,7.993850845363291,7.818194726965555,7.811651873616379,7.871679542822978,7.887461069953337,7.730946842695874,7.887674346501321,7.808954093559667,7.874314965116285,7.879096600985571,7.9349042924829165
Kr,5.918563069363692,5.924621330223575,5.815533271550866,5.665461291457548,5.872418125395173,5.90123838023693,5.939746471403303,5.8404089344789725,5.79007402252234,5.768693983609778,5.407828741032007,5.238331464778865,5.547278719899754,5.352354004067146,5.655503790889557,5.253484590180511,5.078963984199493,5.383268431887524,5.272181023088142,5.553281755102907
TC032451,6.455926668421809,6.601887474075379,6.466625574103401,6.508678100443864,6.552491992976687,6.604618147369768,6.512585616193112,6.558766721468594,6.484434208834479,6.5240032319558035,6.245261355686828,6.269941829544524,6.277450696171535,6.22665378883563,6.33566301600481,6.415772795155625,6.284176295377296,6.271529114776175,6.273848945455811,6.06582200439239
nau,3.8121976666673922,3.9981624866553647,3.888671393325441,4.074589145048071,3.8819518853799275,3.9533428845570437,3.874972354336899,3.8389183291611566,3.8154783506670698,3.8635361025106407,3.555405868927032,3.2362316188827527,3.061174601549436,2.7174498488016834,3.1027124258345347,3.4100375362763184,2.673318257451367,3.059584438892423,3.204333775011319,2.6132582912154954
HGTX,5.430131504256701,5.445121737543254,5.318706015881489,5.417225269616961,5.4216737807321405,5.484194733377213,5.459826258255782,5.4411010174583945,5.570089706717639,5.408045237542572,4.7391771456442795,5.2164705312761575,5.1124839825936945,4.915268256712699,5.077900250278144,4.903711833241145,5.185101243674148,5.04031730687174,4.978100974217644,5.193597189103837
TC000916,5.430131504256701,5.550050428538591,5.271155138837917,5.21684536615611,5.4155970570776475,5.294111072206611,5.403149495968075,5.449114602878783,5.446572380790098,5.265160954814732,4.778061423756647,5.021898552408486,4.866764518188379,4.805775437924965,4.54898357634569,4.934258648637655,5.00641043162963,4.916016684437188,5.041190466779491,4.927040052476173
Dr,6.110003928719108,6.060369559299843,5.918979260798374,5.997678246502069,6.024878394677076,6.083512809152857,6.045939378849143,5.998569420098091,6.0292074799039925,5.942604586773275,5.476522810558874,5.663456064859734,5.679219709502267,5.342738082262727,5.259182436615481,5.495087642514056,5.775988864556416,5.621962015330988,5.518297252570548,5.711536163784693
Kah,4.414697079716831,4.769719802501817,4.72686962578735,4.639464370510848,4.68559069964796,4.614891855596391,4.5673422190832955,4.5800445825483465,4.502532676508972,4.638709437965965,3.8836818141115814,3.949546847950003,3.9705231971394057,3.771034813354448,3.4930885403830776,3.0866947144974244,4.0465512988937515,3.6732519609542447,4.055842626093447,3.4845755041215547
TC006788,5.571580391234748,5.551796469529855,5.683387834422827,5.605053118070604,5.618964995674417,5.491612745211605,5.505973929642585,5.49969378919617,5.368176488768941,5.498092625802495,5.242511426688644,5.111712772573307,5.070777797692069,4.95875652638305,4.888852584303941,4.716659270343235,5.29241737884258,5.04031730687174,5.1005347879564,5.228093456475351
vnd,6.011059907249157,6.0020518295161835,5.890677183579884,5.977621583980636,6.0281871411598535,6.002637513768099,6.0249130407691265,6.036985494655973,5.974854099996918,6.029897246584558,5.522852632995383,5.612717252874262,5.3639732770507536,5.662521713983689,5.562029062744491,5.569515448434354,5.5844856619910646,5.834525807294385,5.617546508850211,5.739034113868195
Mef2,5.488378673144335,5.606118506117645,5.624893056365523,5.454105093798291,5.506800496537474,5.55079837631399,5.407306107292727,5.520345788160585,5.325455924280964,5.547400819941032,4.9995210999409005,5.159631269316246,5.191014989976933,5.11595244422684,5.037337929664259,5.16196959000204,4.975847966455346,4.995495520582575,5.025787307110788,5.181828824501924
inv,6.274062592930972,6.3371809329991535,6.364006725125736,6.5390435404812015,6.34055982089766,6.371135968633599,6.330011565265385,6.300503162314302,6.278305025866137,6.3945079753641085,5.920922587883002,6.006988984234529,6.0113957574200105,5.968466490834857,5.874966301214399,5.904897855048164,5.999906154703034,6.11982304909442,6.027516516951924,5.823513855805034
TC005342,6.653635801006857,6.642557478215135,6.682838779423926,6.685480734425407,6.68877442503371,6.647981047625896,6.7106731112315625,6.571187982482698,6.46017345222911,6.562186178654233,6.181730982784939,6.107076717978075,6.160433056204751,6.185914126473364,6.093956739958417,5.938518541670044,6.130336499393092,6.182360572438054,6.1853875610434015,6.1320480168493345
Dfd,4.524357519964285,4.694503646502253,4.576186894352322,4.215954716077034,4.588249949994278,4.687657280810603,4.365776381821722,4.53129130044266,4.565134406554182,4.371719647050868,0.0,0.0,0.0,0.0,0.0,0.0,0.0,0.0,0.0,0.0
pb,4.5193994574494845,4.6176164063140455,4.398700348836554,4.405044707540895,4.299310214808001,4.739934583902067,4.507966406744624,4.345120344054986,4.522215464195021,4.506558544803648,0.0,0.0,0.0,0.0,0.0,0.0,0.0,0.0,0.0,0.0
Scr,5.575045445582366,5.760452245170844,5.557551967613008,5.615377974231055,5.637037125282587,5.665824071125912,5.553675229546067,5.5222022644702715,5.585351229168739,5.488688532197172,0.0,0.0,0.0,0.0,0.0,0.0,0.0,0.0,0.0,0.0
Abd-B,5.5290352723000415,5.4794615532637145,5.579939081792268,5.518376160166289,5.48429343914282,5.5646339097313655,5.652535924544415,5.767665365925053,5.608637886757903,5.626183416383969,0.0,0.0,0.0,0.0,0.0,0.0,0.0,0.0,0.0,0.0
Antp,7.274160045520582,7.2416824752083375,7.208650792058103,7.250668909283739,7.211768178090012,7.243429627517372,7.234447295553343,7.249887378238555,7.205861614863957,7.206631066284063,0.0,0.0,0.0,0.0,0.0,0.0,0.0,0.0,0.0,0.0
abd-A,6.816637609178846,6.771593411071706,6.906748993264425,6.825513722528055,6.741398073360893,6.851371722591091,6.844897026857356,6.819081268324078,6.820861479567434,6.781681758662367,0.0,0.0,0.0,0.0,0.0,0.0,0.0,0.0,0.0,0.0
Ubx,7.4152056838556915,7.307402915290853,7.454962520474878,7.383861292371648,7.4315219437024025,7.413377211476836,7.3783858312605854,7.412003065343277,7.439058231582319,7.341552245809895,0.0,0.0,0.0,0.0,0.0,0.0,0.0,0.0,0.0,0.0
TC034050,3.4374680223926504,3.4522148562142276,3.1007547746892707,3.4061258686409586,3.5367347750064533,3.6193815147046924,3.309303472477575,3.524779901631882,3.6666311970162657,3.496609860888369,3.488451616399236,3.7788559702049334,3.9705231971394057,4.017218720537051,3.4930885403830776,3.84993537122184,3.669082248505469,3.6142131907617228,3.204333775011319,3.812247193971211
Ets96B,2.169638096391344,1.8554770230262387,2.305335013079906,1.9617446132878256,2.2218534669067846,1.8531560741839945,2.92194426732386,2.763108753456733,1.5233907880145303,2.270746650587652,1.7108391601757373,2.5816431612634054,3.4861399480314916,3.2285427399657465,4.234488729966898,2.4381887222178618,3.6100500993902456,2.3056336015678838,2.720205862521624,1.6514389099052975
ac,5.376751793652323,5.567375147259408,5.417585057732032,5.470069448053804,5.59378272339754,5.552538322647196,5.473507381647436,5.449114602878783,5.467616533635227,5.606222251104047,5.696929055708313,5.590158386403338,5.581931560420253,5.293220561159678,5.868977198028191,5.63132150014003,5.747707404583427,5.5717182581563005,5.564634857265038,5.631769050435212
fd59A,3.3613185952392834,3.7138414793984134,3.397461028402942,3.324948128014367,3.2274915916928495,3.7435115347440964,3.56188716811624,3.439202830881579,3.5052508815905776,3.5373280814560104,3.339379375411625,4.79704543239569,3.8335867933465013,3.3770180328698265,4.3228583557307205,4.154399172603126,4.648303680459349,3.8319545540915776,2.8649032584294316,3.4845755041215547
TC000383,5.798814163972749,5.76469118981223,5.757362481737619,5.795091946366906,5.744968687743998,5.8033772670965575,5.807112683969899,5.8046984577590095,5.79007402252234,5.803776080760137,5.956759908250231,6.016964574845144,5.724530239915801,5.781477598804796,5.77454991193589,5.809290366251148,6.027388740484651,5.987314423246588,5.783380121648534,5.854195898465255
tup,6.165179896234449,6.140958894475416,6.154610299488042,5.954718726249399,6.062815568078043,6.113719574482415,6.043746784676872,6.235405502587727,6.138530014387691,6.262414529398386,6.304995590119039,6.511799199872217,6.225138016499969,5.993978730503074,6.249155045814559,6.240590913840644,6.488314357514452,6.254320165842892,6.260391182476641,6.1320480168493345
TC030676,2.655304185686376,1.3076228332366824,2.0503541742846605,1.3404586316058653,1.5380051309644132,2.204959578151201,2.181948607623236,1.950531078810993,0.8524594201864408,1.4351649042875003,2.68107696056963,2.4143382082503444,1.1821573435528232,2.8426916072292903,2.765108963262352,3.706686439796706,3.1561464618945214,2.821583050091802,3.4572879185364314,2.6132582912154954
Awh,4.768843164147648,4.781095437499385,4.871719194555356,4.759200399302306,5.066603234166307,4.716145697965237,4.809366690147908,4.662224443178127,4.728425707938074,4.83842530422977,4.656555755472465,4.937922642309775,4.654193836188508,4.885188535616777,5.091063460730849,5.0206701963006095,5.120096748649942,5.025598808876765,5.235104510735452,5.000630181640936
Prdm13,1.9359149383706449,2.673242715950865,2.6454602667404274,2.196363512269495,2.4820595087337067,2.4258216439833973,2.2328194364347786,2.4572566783828997,2.154546611670607,2.2223983269140275,1.7108391601757373,3.5140371388624834,0.0,3.305533473070544,3.2775179452945276,2.9863938881272887,3.1561464618945214,3.1602432002090155,3.103472669807077,2.2437852941215066
TC032830,6.377685678645467,6.3331959888363345,6.278846528635349,6.422375274623342,6.399230487424884,6.295506964747519,6.323395388078333,6.290230462798028,6.206798046991846,6.14115908813168,6.520287735938875,6.358400171592817,6.640338568086872,6.277249222750228,6.4256613452441425,6.373878688834478,6.535076061467793,6.241216276707222,6.467672264648653,6.352923696085397
TC034534,6.624392068251269,6.605543285392167,6.642469224080836,6.637369298594363,6.606415510402011,6.598528849425408,6.648503841703596,6.568585771124547,6.588408378823348,6.613182718486588,6.624832683725221,6.747875128149682,6.754687522110716,6.647312584839003,6.6526050044264124,6.602371341752628,6.625495820937633,6.687681610129912,6.684612831335618,6.660163227729539
mRpS26,4.414697079716831,4.355107012470724,4.32383036723525,4.26997553730202,4.405173985381396,4.274380964011403,4.444841320282461,4.437057217834531,4.305422377389792,4.383201668564194,4.493179524171662,4.6130113792723115,4.736813427977672,4.625089014301112,4.377711089168143,4.387478223048216,4.459262799881917,4.3536209692910806,4.534666275986323,4.540295684051916
Hmx,3.624198486392291,3.136734932496833,3.8413657942997856,3.653527002508342,3.4390125552914266,3.7645139782887487,3.874972354336899,3.329124052914453,3.5704376797837543,3.5373280814560104,4.014638027245897,4.222497724198371,4.198414369612638,4.017218720537051,4.3228583557307205,4.186682569846118,4.085099379614079,2.9476476784137944,4.427678281449391,4.058638755115935
prtp,6.073906078240776,6.03701949544471,6.012720278969064,6.043341657774321,5.988886644314749,6.072204315120349,6.062232365783102,6.066474719264405,5.98280209584801,6.038657827721202,6.249648460002715,6.250485284930719,6.268919757201785,6.130343085251737,6.21998271349233,6.0724091656303205,5.977362983690403,6.053112140100875,6.260391182476641,6.099483146053469
acj6,4.392373740277526,4.319855768713579,4.335720022053499,4.302314222081105,4.123405954840093,4.112115881090473,4.359882288513873,4.295774827884842,4.33523443291718,4.486169155674184,4.69871949473357,4.84624290190129,4.900989703169463,4.85417589027869,4.655534274870644,4.806038948184578,4.0465512988937515,4.08930614736871,4.7402916476067185,4.341993348712648
TC014168,5.499631771788983,5.534197333767532,5.605162565444564,5.613664550858687,5.553894559817279,5.55079837631399,5.502208594677211,5.531433297698048,5.575202803924794,5.572041830267659,5.70450822858449,5.559265762786096,5.631758291656105,5.574549708921216,5.713293946847555,5.703566352855215,5.673293138730468,5.707990859305381,5.980839868553219,5.624191795962901
dve,4.909518012884686,4.941033380779787,4.970413551171015,4.894680978313064,4.994971141107944,5.073345501963928,4.975746433622683,4.9628020988858825,5.033567565466205,4.98625219785524,5.044344086227139,4.86211850777251,5.070777797692069,5.040440129838778,5.202329832125579,5.395887955336971,5.078963984199493,5.15086147884087,5.1966002238691305,4.911649108356791
prd,3.1507245311427843,2.673242715950865,3.14058842543973,3.616314356996509,3.862937846442732,3.375694848454861,3.374727021787562,3.1473177712750635,3.5953673619426594,2.7195125026010776,3.785761795995002,3.152787667240352,3.1618408510408997,4.153043393313377,3.7731398690422058,3.0866947144974244,3.8755223915235435,4.630774387834431,4.2755159874556545,3.185510409696692
TC032655,4.1509942813922,4.150869244568381,4.249361415394338,4.113770801878671,4.221946387308681,4.419368543262866,4.279919319044036,4.339083684100828,4.323416046321367,4.2999130088729185,4.41406846772283,4.2805000457818005,4.325803911838118,4.625089014301112,4.3228583557307205,4.486376976256283,4.626537591876016,4.514209011537353,4.60800749085319,4.194557894678433
TC015373,5.571580391234748,5.445121737543254,5.368315571144503,5.368030857430486,5.638663965621517,5.4616047089634305,5.433910938935644,5.246293235576243,5.696713288687694,5.499962878469834,5.741565658194454,5.559265762786096,5.724530239915801,6.139096068224052,5.528822836540482,5.77743614994628,5.789835201601623,5.730223393516993,5.75384089999144,5.459174819288038
E2f2,6.564493631395701,6.604934910874171,6.561603025175576,6.611784908172985,6.583931265591513,6.591172406539921,6.5962055290072685,6.626787508241303,6.62238749248201,6.614409571553471,6.584942894600795,6.693873091990095,6.640338568086872,6.626119457480593,6.679672424101812,6.570666421381774,6.625495820937633,6.673514777387081,6.788369621019631,6.678881625275317
TC031421,5.645168547755789,5.709622717389012,5.745888140705936,5.78213517224781,5.698600985971274,5.721668210248455,5.712381047994541,5.706329023784434,5.699719770788132,5.706835651401275,5.689291999987363,5.890139793028788,5.760781274194106,5.683356525612254,5.807026539110614,5.737821353062121,5.718602766490876,5.898468653752425,5.900011928942246,5.9298245038786765
APP-BP1,4.892550744588398,4.941033380779787,4.909047666824979,4.862492473113973,4.9009561475371815,4.888905384790034,4.885583850073338,4.838570962068734,4.879041729444667,4.891312753956244,4.903356582250726,5.008383197639685,4.98175398485446,5.11595244422684,4.856313731906115,4.963899948400565,4.9912459525333155,5.201865010710629,4.961686451162122,5.133319507050578
TC002395,7.371991412354634,7.364524075309992,7.381842722846041,7.336007090170236,7.402416508947786,7.3745050422922755,7.367930229893858,7.393618401002859,7.365786011184869,7.381340432870347,7.371506835793231,7.3889213510446385,7.412369668099968,7.417985930153294,7.38678100346326,7.380492388039651,7.519884968515946,7.4482179566869124,7.447071127360267,7.4429984097885455
gcm,4.6005151512115585,4.548694694868973,4.673516077589497,4.460885507828503,4.564740320689286,4.363869802538145,4.4873643108103805,4.670952214794337,4.403353669367989,4.4547837368749015,4.69871949473357,4.6130113792723115,4.7167896135747025,4.789106993952961,4.655534274870644,4.73518574127207,5.050571069566994,5.069119921091301,4.928026287965053,4.7057068427642745
ase,6.145821807332832,6.176142843156075,6.098422137737225,6.1699967712028805,6.235305703523088,6.227059186042638,6.204591415656884,6.168692502180456,6.0776773078276465,6.14410695066583,6.1770348409786795,6.2144801061813055,6.319046729121116,6.318147877434221,6.418752148599526,6.292194092901704,6.304928677621627,6.4326973743804094,6.338548135636658,6.40651281452585
TC010699,5.0934130132066135,5.159523564370198,5.20649531655734,5.083360261972383,5.276298835335495,5.245684449913076,5.345275610374863,5.238934038759241,5.151925161381805,5.29541782459795,5.230454539228238,5.2164705312761575,5.263825397670601,5.272705967415577,5.449813893270167,5.376744651503949,5.3790095357105185,5.509720209084283,5.375813553026483,5.536817029741112
His2Av,8.790066656334202,8.817405752722594,8.777181883571727,8.818653271354917,8.821829293936565,8.822085314272487,8.855584471497485,8.83025840313427,8.834100306090754,8.859675889382904,8.856378546059059,8.898933575817681,8.81042940020837,8.815591233416125,8.847765634906413,8.854538928772103,8.950191959419525,8.888481069716768,8.931354431732442,8.942221629721313
Polr2K,6.229227489536876,6.26632419554107,6.27460461637045,6.149134266592523,6.267021153590215,6.203765453012372,6.304126353676142,6.256986065514697,6.203175608664437,6.29415812638486,6.231983366824583,6.358400171592817,6.323112730660152,6.246417669241218,6.324297983313594,6.315141548994249,6.421138209688832,6.4069552591455174,6.430273968911671,6.477017822835648
TC005398,9.415139500435915,9.442164185135129,9.410551923704757,9.406296888344079,9.427052275115775,9.43275888057097,9.458003126039513,9.461500710147824,9.45427777504252,9.44187272376111,9.518957528550327,9.537732760917777,9.449972919381473,9.437854607101176,9.468476043251904,9.431294242091365,9.508293047884518,9.44794872179628,9.480142291060652,9.502764958597059
Polr2L,5.934384410651729,5.949541799060437,5.894414502346407,5.9461468294703845,5.910292421784753,5.900010980370299,5.974452986017812,5.998569420098091,5.955284675308513,6.011022210499143,6.088499378821635,6.084138990310042,6.096353491440013,6.028636523823527,6.093956739958417,5.954914289941025,6.110577388123391,6.037064118413358,6.010267079574895,6.070700668405513
Polr2J,6.545014925776743,6.532381039660877,6.544224888396804,6.555225919179813,6.564156285993154,6.530287422956372,6.608759346064123,6.552166712785864,6.585936540756761,6.616858771394093,6.6718391811154145,6.66314013497247,6.634411609827296,6.573909080146371,6.663520045995426,6.540944640740959,6.657761903309759,6.623788636698556,6.633074256095422,6.72546491172684
Sox15,4.381022371758414,4.069778237537496,4.643562886458595,4.5882014551479395,4.668582663044842,4.430108025038532,4.428417162185983,4.223685726453414,4.487512102194457,4.330461437307333,5.344942059308888,4.952417530876143,4.654193836188508,4.353743002544683,4.9805612667628845,4.618499705905788,4.878121707426427,4.735159707337053,4.6313060621342075,4.584283415017433
TC007335,1.0384138226699164,1.422369823787223,1.70724833183679,1.8199351647310582,1.796088363001068,2.04444941050925,2.181948607623236,1.7299415323543492,2.2052422001677416,1.7965980695120058,3.164124581644763,3.4514817473396255,2.5101692562773663,2.407051888134067,3.909899945582998,2.2366400311506403,2.30178239186369,2.3056336015678838,2.0908417878566588,2.7568830045307355
Arl2,4.74533038148299,4.750468031375894,4.803766884685687,4.814088793753318,4.808425555686375,4.770797597867569,4.809366690147908,4.75826949027647,4.793650419532176,4.790211985990808,5.014686427846432,4.9807918326547815,4.813124885074189,4.900341490603874,4.965848716100796,4.888081231146476,4.730918768878412,4.948570083715232,4.893193534022843,4.9863390293143
ss,4.916225123793199,5.087246362240069,5.407518847221212,4.9918684966294915,5.114406950499286,4.66679977227855,5.14566449473465,5.001004446606342,5.238886825101237,5.1067427320442444,5.734263218845831,5.36032100979053,5.671464257946639,5.5591047891169785,5.009352492783931,5.623801444409999,5.449076820065274,5.307917775296211,5.272181023088142,5.5614135634534225
run,5.930755486066112,5.913748038549282,5.878117603718149,5.82884439339919,5.966887087809715,5.902464275439765,5.9324129264076735,5.92571487107537,5.90522833909675,5.892143971784736,6.093629143326227,6.051115726820218,6.331195470227767,5.926242744084661,6.0295686383733145,6.146696705070824,6.016486172717259,6.209955769102969,6.251317658096215,6.194159240454785
Hey,5.86695931249008,5.971565945272268,5.814186860674988,5.975235309815924,6.044568622088016,5.831389163005612,6.001147176107191,5.96101315351311,5.956446480214897,5.903440870909703,6.292492361390433,6.026841635136845,6.1840254877004925,6.080782275694148,5.886837961880059,6.057844271691919,6.236946038287805,6.129702456344779,6.251317658096215,6.172416848226841
Dll,5.2195005560153245,5.323503993759605,5.257143271087026,5.479919278416675,5.337446920301714,5.322955139480991,5.39478407920406,5.1648554262935065,5.289914776276697,5.4638157813834445,5.818558415988753,5.981605756989313,5.6398266121882825,5.434973570300617,5.3934452847041054,5.675291595118408,5.924702255740992,5.715456759572052,5.839963086972981,5.450163683629685
esc,6.007699282888268,6.0316357538803045,6.048526911012075,6.07410901984173,6.035865239077532,6.002637513768099,6.052488463283864,6.054565370262492,6.0302865431755235,6.085515415982061,6.067713055219948,6.168637035702064,6.065333987989345,5.947577456505556,6.176773925086811,6.203238820530642,6.090419970985628,6.168272058416826,6.160746429710152,6.181170614152005
Pep,7.150437568902777,7.099384875855153,7.101180152887012,7.145572576924216,7.144127465751895,7.126976958937353,7.115920023805155,7.0733598485506075,7.1127867731772145,7.125066648844776,7.141726768735086,7.1843245997150404,7.169384722465353,7.128885820265679,7.189460946904197,7.281982001607754,7.178988202325827,7.13946932502099,7.19965735422729,7.276947622931448
wor,6.678038704201617,6.651310400150815,6.625255209561488,6.741427339428339,6.762752847750748,6.7496007432709355,6.755292343086377,6.72057938593988,6.722770341992763,6.7717790738574815,6.910677292865658,6.852161915587398,6.842918761512033,6.751756550239398,6.937215995050229,7.078584722992852,6.990975512011945,6.897546557052571,7.047394829268345,6.966911637689454
Rfx,5.687782438130771,5.6127058806680905,5.579939081792268,5.676795113095555,5.676934637278167,5.696396716892202,5.542867465678473,5.624375872572082,5.63780251174822,5.570301753001555,5.933011625917242,5.826161160256636,6.016922398116904,5.703766092686843,6.084316736214395,6.062722845025142,5.740510272907945,5.773258386173341,5.761307910399619,5.732230188793786
pan,7.268769525261366,7.2888428707253015,7.2720775273866,7.3298610293095265,7.289885076751656,7.273421800375428,7.206020542580269,7.186274661505213,7.292838878072205,7.307192757937372,7.740462980046571,7.490563018583203,7.623303637363851,7.44195366826726,7.557076947457187,7.526892395243704,7.4864223103313785,7.600404894028592,7.267893964398661,7.288533986891777
hbn,3.2439154827001575,3.347209307207807,2.9707452285015448,3.0766592010366267,3.346906871906582,3.4913796730993245,2.970542486874212,3.361830741970378,2.941211396044882,2.8856980866094175,4.357621907857168,3.6811747624794404,3.8335867933465013,4.184300829975645,3.9516241066785573,4.41313488836274,4.085099379614079,4.293799784752445,3.103472669807077,3.812247193971211
fd102C,2.622719630528467,3.0554296359271924,2.305335013079906,3.0323326377417956,1.937280626843371,2.502105688586737,2.9465385714192633,3.2240498340095844,2.6069135187847183,2.7195125026010776,2.8253952672109244,3.8678389184157087,4.0122965207963075,4.584675385655211,3.7731398690422058,4.050781051251487,4.225954841935571,4.65254137627273,3.718108953124123,3.0943274144703645
Phf5a,6.378460456804235,6.456974811234092,6.453915472402735,6.478084385300077,6.453929772858531,6.465453743177701,6.514643707386837,6.488605759924278,6.452425460338767,6.440048859216616,6.4688962099252665,6.6341136646618954,6.55075656644736,6.565410324837761,6.619126311041144,6.488297379170883,6.625495820937633,6.54909059410859,6.528205538991809,6.533730475753439
Sox21b,5.952334086982895,6.041305716620849,6.062287885526622,6.090210231056465,6.183879953531922,6.1157012829470885,5.97209772138074,6.14807635310298,6.0161670741657,6.10610949447609,6.16281262513988,6.292800747509736,6.2161468563578985,6.4218695013225675,6.240906569744596,6.475496318119831,6.3608437738682975,6.361223065786085,6.304563482506406,6.374705153256192
TC003355,2.9573723143176807,2.9669240502671044,3.2513711608271847,2.9619257363675566,3.1325231020596873,3.1534343704524694,3.1442814035374607,3.295311360727135,2.8151948002120597,3.24603636211056,3.6772022002935425,3.313245763700779,3.4861399480314916,3.506271647001125,3.2775179452945276,3.8044282287322924,3.6100500993902456,3.412771070725398,3.596177893194411,3.901295517995375
D,5.255851267896811,5.271775036920861,5.2780881292368385,5.363636473101355,5.359177996199363,5.255091181917711,5.409377951826139,5.40838863373755,5.13358706977137,5.366214520687878,5.748815158274886,5.731746150319667,5.492938294035318,5.768937855771291,5.312975959699805,5.887653904369726,5.718602766490876,5.630095914671954,5.675933864616065,5.639289321628403
TC004945,6.342987138510507,6.2899495129829415,6.343585276658719,6.313539669736469,6.291857818582857,6.290532780877796,6.2573711427844145,6.284188956776508,6.243190556305394,6.331454630115193,6.440367791157649,6.426571740538599,6.462993467920675,6.385075436959717,6.439338155864322,6.432723596707082,6.421138209688832,6.454246608647138,6.517785993326414,6.352923696085397
TfAP-2,4.721251408446253,4.843221679826158,4.909047666824979,5.083360261972383,4.940936340398642,4.944706855770177,4.743107455422578,4.7622431893046,4.932169816126995,4.797782409643827,5.128378714386634,5.2164705312761575,5.2520525508467655,5.186160819083099,5.528822836540482,5.047890773445489,5.347409613040357,5.443622853311183,5.397454026049903,5.082336530455327
dmrt99B,3.110872350657103,3.534200664712843,3.5640144219896066,3.324948128014367,3.2092057377913705,3.6431269942615727,3.6967931883130083,3.4829065164358273,3.6893002441550067,3.3791510494415204,4.386243411691518,4.727441291677388,4.383888531068614,5.053428170216907,4.3228583557307205,4.387478223048216,4.4329072306732495,3.8319545540915776,4.455517376051818,4.314194133178125
croc,2.589037456324774,3.2298698027496657,2.3493650378482487,2.342060722735999,2.656787912246747,2.4258216439833973,2.92194426732386,2.702767764699335,2.6069135187847183,2.8333126348209468,3.618157182899745,3.313245763700779,3.4861399480314916,4.087435329208127,3.991676867195537,3.4768253143203918,3.6100500993902456,3.251689979009724,3.204333775011319,3.4845755041215547
dac,6.2953274649421855,6.558218525233393,6.485392865848983,6.351149803965369,6.369934271263892,6.3657543643634025,6.4023420874170505,6.215205670962418,6.544243565980184,6.350791557284573,6.78564708537548,6.745482731257262,6.692157337997153,6.700897515955792,7.0410333470435065,6.845469819018331,6.853727191663224,6.584021106843391,6.572142948585172,6.7152989825676865
dsf,3.4520259939452664,3.393567989984619,3.3024761634165807,3.4215995720585757,3.297464129586065,2.2992333643250698,3.4211305403206786,3.439202830881579,3.19131580087892,2.935475366423079,3.83591986776894,4.436697255724042,4.325803911838118,4.563839124423923,4.733287985015272,3.706686439796706,4.085099379614079,3.6732519609542447,4.242093799216201,4.605572339948318
Fer1,3.624198486392291,4.164931762396897,3.8510076346225324,3.689404406362588,3.9457905773027275,3.463688775506271,4.034373190884166,3.524779901631882,3.825308390504994,3.79398588484603,4.2664873825539695,4.893133051208817,4.587416631550719,4.663932626268018,4.751817188136668,4.716659270343235,4.3493975202691075,4.437135097481464,4.719424095560883,5.0691740388556505
TC015977,6.385406579401758,6.393622149469796,6.3976435001082335,6.351969726783708,6.4459857067346755,6.464755775185762,6.440702406620218,6.352768810130535,6.44817384305455,6.40287503301423,6.486321826701659,6.642113898377961,6.640338568086872,6.59069292605245,6.523949581977731,6.635849291714694,6.657761903309759,6.555533024095329,6.562173539251486,6.635570114638401
Pfdn2,6.75904383360077,6.773137634543807,6.730842290457608,6.773659523255525,6.790363245999633,6.78620785342403,6.815911835062654,6.722256624237142,6.754110382848473,6.79763116453919,6.78564708537548,6.9307974552031135,6.857292256211151,6.797901371235686,6.892902181081709,6.886872018875582,6.904611708337276,6.872137685025335,6.879938106479233,6.8969925642323355
pros,7.890394135738791,7.817055257980771,7.803175853548928,7.818478856426422,7.879272609577722,7.862730540463098,7.860469433614076,7.789027370754013,7.763159438977783,7.821118297810387,7.948821481620511,7.986039431819614,8.000949586595636,7.904754799154588,8.046136245349802,8.058225598685512,8.002555007603972,7.987081334359433,7.967268977480942,8.102599503027271
disco,5.02385848176299,4.765898984605765,4.803766884685687,5.071634291486564,5.0780584869125,4.851065144573019,4.7903302347020995,4.675287700569723,4.8618432065211765,4.845640674121784,5.242511426688644,5.434093254357418,5.464619074739565,5.272705967415577,5.3934452847041054,5.503636283909788,5.269544820920422,5.372845475969147,5.14284047484789,5.261439306226639
Optix,4.425674614234778,4.484861325507852,4.426067012272439,4.597719577673284,4.421777516622404,4.536413178004203,4.572134670679571,4.250505069884472,4.190079781568783,4.342424213303237,5.457372685185223,5.971269269283668,5.3639732770507536,5.230369359039733,5.476849774702479,5.137719618276839,5.106572948651738,5.9701655546523655,5.546356660138655,5.631769050435212
Cox10,5.041705894701809,4.966413490291322,5.142651800859569,5.056780785848944,5.188477930487591,5.15678762829509,5.0672284801387475,4.966041964768013,5.095870110162437,5.168476270881919,5.584307190028698,5.442943571016599,5.767876410857762,5.361878339903928,5.562029062744491,5.486465291276852,5.601230183665607,5.654108028526392,5.617546508850211,5.601109330270878
toy,6.073906078240776,5.854960866624047,5.894414502346407,5.8371074570873045,5.998006753027652,5.868825905638499,5.802932436290209,5.958618387387748,5.855106966587134,5.91830758335133,6.711231948009047,6.544541092383399,6.412339142343972,6.668065869080493,6.69556804464149,6.570666421381774,6.694599019225221,6.542606389945086,6.351000406329083,6.660163227729539
Rx,4.240282825679851,3.912068884719874,4.1688973999936,3.982571832833007,3.853293510511117,4.223163384995554,4.19996298725008,4.13862155458635,4.190079781568783,3.9463898537560707,5.180718496007045,4.84624290190129,4.736813427977672,4.805775437924965,5.236827745462298,5.1499181099794695,5.409641415273053,5.383268431887524,4.928026287965053,5.293708999150553
tll,2.74713394676141,2.9669240502671044,3.159925611567939,2.9859497271406594,2.9103185971580943,2.9871824035680152,2.7304269533968415,3.167059791743731,2.787967273917752,2.7491994871678873,3.255586355549906,4.412300473418946,4.438783735892745,4.584675385655211,4.592975322229384,4.361145920626465,4.192557003943528,4.437135097481464,4.5089731309749395,4.540295684051916
scro,4.788023466324616,4.799771903315266,5.037061381737486,4.602444880111613,4.890706256694777,4.808083282865021,4.853627924127385,5.046792301411829,4.662890193066359,4.809031659167034,5.087243868034486,5.801842528615827,5.717119625957056,6.062133281135818,6.003656479750077,5.834062753345481,5.775988864556416,5.987314423246588,5.931877380002294,5.889813350014398
bi,7.595410671773855,7.636984764239847,7.728957479239243,7.5505276877905,7.824534411911854,7.604750739478836,7.649744163555314,7.5455990893561005,7.654514998582707,7.568292837440146,8.068608635680432,8.034714423949069,7.984905753337823,8.135399804479832,8.311355960465608,8.234299964521234,8.097903149147934,8.065266703587193,8.091185582123638,8.136469696877942
erm,2.883614513389691,2.673242715950865,2.9473334226250887,3.1191040356808637,2.8592722737566234,3.0528076559038078,3.2922562114511638,2.638550597139686,2.9172465627921738,3.281012746080002,3.8836818141115814,4.160922854113487,4.198414369612638,4.244028999947785,4.526240026719416,4.387478223048216,4.289579734811185,4.262491407170988,4.584153121097296,4.256164051676543
oc,5.418063587655286,5.3102653247453215,5.4135707247539315,5.365836079090682,5.354869396059211,5.346728194636009,5.531941616652564,5.370260943266793,5.257745087679264,5.501829639820761,5.9148228191594905,5.981605756989313,6.281689028620664,6.013930015348176,6.394186959138709,6.41918601978825,6.140071549370999,6.139485214960338,5.956658260010007,6.240390902484474
dpn,4.79559375150471,5.027181024476198,4.973541335064423,4.939419304664799,5.001140408949761,4.628123615638768,5.2955098078883625,5.110369047228254,5.114906400558053,5.2532755015921975,5.3768796605762335,5.1941209961798975,5.20352419033612,5.597278822502797,5.586229567666633,5.306700880495354,5.458697381345353,5.481925958924626,5.439378768410389,5.042317614955925
TC012851,5.20708396225032,5.1386473079452575,5.204018323103369,5.345863245697774,5.216139526062626,5.179763617073668,5.218393243768281,5.258439477466795,5.192619451846422,5.322557313628163,5.712030389432336,5.340995064733685,5.425567705389202,5.619502783878572,5.511796860500952,5.537118276135263,5.3790095357105185,5.383268431887524,5.375813553026483,5.54508327793692
CG10336,4.310067320768951,4.1579252225799195,4.249361415394338,4.327452691022713,4.341821074007161,4.311142936510105,4.439396518548638,4.283048368559305,4.190079781568783,4.383201668564194,4.566488246713479,4.5717608020514495,4.264136282520803,4.5425594581236535,4.675546787471198,4.554618807769951,4.769800256605982,4.410064674347556,4.559715785790614,4.421034742335518
Hesr,6.722934783134747,6.807515280151362,6.8917262825544485,7.004074242560051,7.010399644105088,6.938966731812671,7.13710519480908,7.174971733747767,7.042415903703758,7.057339242202392,7.604455826752977,7.4837175140397,7.21531567689156,7.511696608882065,7.4821545740264845,7.293419220557565,7.703131440773225,7.215309833497781,7.3815601055660265,7.4052806018180135
TC006580,7.157925056779671,7.194889918677118,7.283612344265548,7.3183902656360855,7.323909380472451,7.242146848540908,7.3749127632793305,7.378083683583964,7.25172734163093,7.372762057833087,7.925337502025398,7.636314752684095,7.56526305629937,7.719371521662379,7.8362634545669865,7.645615627627445,7.892120618534311,7.450844550276554,7.682974254971828,7.478154629671133
Xbp1,6.008820746342973,6.005382485176323,6.047460489315069,6.091274483180942,5.90656889455247,5.940919899071805,6.0045770763263695,5.978793401102996,6.000735176172796,6.077157546183368,6.200298071326523,5.8730930583580925,6.1508379967054125,6.222653703362975,6.108244710806321,6.033087880710296,6.130336499393092,6.058404755557909,6.066644476749652,6.104200702159176
ind,4.675541910275402,5.015319347000271,4.854279859387424,4.755162062940113,4.68559069964796,4.83694213778762,4.828047518302137,4.742214883444562,4.724453189434101,4.790211985990808,5.141722716121044,4.709256011515555,4.866764518188379,5.040440129838778,5.091063460730849,5.16196959000204,4.928178164901134,5.054822309220472,4.760732631201008,5.2052286686521345
fkh,4.577332921153604,4.6903837414842275,4.5668504315195415,4.549196292890684,4.569486670741396,4.578726537571391,4.6977691244200726,4.41485320544364,4.708403400213417,4.59810613012441,4.903356582250726,4.550479348472997,4.564128464796451,5.11595244422684,5.091063460730849,4.658926918940198,5.050571069566994,5.176688379569576,4.5089731309749395,4.8801378121929515
Snr1,6.136986891927594,6.121412217261755,6.105494907213846,6.118554804504505,6.062815568078043,6.1583338765990385,6.207390807929729,6.119909869495103,6.12782670993724,6.142142674836142,6.153217517157439,6.168637035702064,6.165196280912842,6.234606275400424,6.277500420465702,6.215845175461774,6.292528998318341,6.191643839489477,6.155744494248508,6.268735800899808
