gene_names,Hox_2,Hox_10,Hox_1,Hox_13,Hox_14,Hox_7,Hox_11,Hox_15,Hox_3,Hox_9,Hox_4,Hox_12,Hox_8,Hox_5,Hox_6,No_hox_3,No_hox_5,No_hox_14,No_hox_15,No_hox_10,No_hox_7,No_hox_12,No_hox_2,No_hox_4,No_hox_11,No_hox_1,No_hox_13,No_hox_6,No_hox_8,No_hox_9
TC003413,4.948343579963067,4.55620011918928,5.047763009073126,4.795871299564428,4.776342184769739,4.550357523443348,4.638985735258353,5.473612797128854,4.928499557762893,4.83443106060208,4.756195595253944,4.976464808842485,4.8952187368005635,4.725411109900973,4.862938674987814,4.828138419163176,5.018024751341798,4.498125474904259,4.540996300421315,4.758564476971304,4.135380385055926,4.243119421947325,4.939036205904393,4.308135492129863,4.755777018943417,4.805912778947214,4.746550150279457,4.183210268709576,4.4254379174631815,4.858141226095603
TC001226,6.546039288528693,6.593302478762778,6.565099881637244,6.566403314608158,6.539794289431449,6.551408038867488,6.535838227894599,6.62351925577862,6.59213901528382,6.64392465364616,6.584982107815311,6.539875536148992,6.514696256741503,6.583896498822682,6.597012464895185,6.589142915750763,6.426275899767454,6.493300611024445,6.361790896623695,6.443733158291021,6.564620878053937,6.491282160441924,6.542728445724856,6.649897743290714,6.586368518150488,6.51947393693537,6.477233596652416,6.536417664075064,6.5412390102334825,6.545687027228296
simj,6.099674862319249,6.13871256185077,6.168853960925765,6.133324890042208,6.153510344457722,6.140107274728448,6.15565462532997,6.172380529759602,6.12223000346168,6.195588467908389,6.121178950818708,6.148580805490599,6.166430210735333,6.209775747636469,6.17753188127622,6.090325208028332,6.047824733239157,6.108547732181657,5.953459920049153,5.973962903387212,6.153422238938814,6.093053882640572,6.210510357163927,6.093224568275062,6.12614095560183,6.268580689816421,6.079015830894398,6.036895924194374,6.08000206036519,6.107755388812286
TC009296,5.160680612974278,5.309191977932741,5.267816007445672,5.245811857261943,5.228278966234173,5.261077827548761,5.231549923081699,5.191823741582588,5.196567658331646,5.210410977443926,5.124277121783244,5.329770618165281,5.279324426650632,5.214433331742193,5.248480324086864,5.321439410039871,5.078260027656376,5.121526673599681,4.9953760470743545,5.154646513728867,5.133396657851309,5.245538396585135,5.094345206226192,5.0217464708404265,5.189157595386318,5.100078640458834,5.004075010009316,5.304228363596334,5.137749918670332,5.0558669209904785
TC008121,5.407716974302964,5.389200576226498,5.3420719416227636,5.446956491861413,5.47813996810854,5.472259704909158,5.358741660687307,5.4658483318850335,5.409736610440305,5.502545651111994,5.5367382660946705,5.414671973293046,5.425232767620804,5.44891692743771,5.348301258573497,5.490236432334951,5.378914166444961,5.356658471169708,5.193484855901534,5.289091166741925,5.422961290442661,5.352631060667998,5.305731875868201,5.193968754940166,5.406317092017529,5.511985768781265,5.253897092926407,5.271604211455617,5.276745800109063,5.37258136574931
ab,5.985983184560092,5.871187757931067,5.912675152798076,6.007091568885284,6.047662611246558,5.908786012292955,5.900381326798622,5.96714248745779,6.040346255280613,6.011351918425636,6.060566969607676,5.985731649919483,6.009685184271813,5.973508529530685,6.003291810405189,6.134460467575162,5.954964819854267,5.8248917941244684,5.640169194092577,5.896051814074446,5.816831662980296,6.028020018207879,5.841773948065767,5.764065813530237,5.842347312315243,5.916103943274258,5.808100059561777,5.844719106176267,6.004579002845135,5.86325094551442
FoxL1,3.990186921296158,3.868758336884369,4.203023307706166,4.135161267842802,3.9713202556576057,4.069141610865924,3.800000417528714,3.851879791298931,4.12816097467899,3.964796100664444,3.9910529641788735,3.9073832700093143,3.865088156387559,3.964449819845683,4.028313880844251,3.9914525883718506,3.521558265875885,4.0347775513246855,3.5702183788631157,4.130171601051545,3.6821226195853805,3.960213498353197,3.869591801347012,4.19203337043544,3.299357840524668,3.849810868653383,3.6094983837262573,3.205907236236042,3.61046013505192,3.6885076751585553
mor,6.524916005428033,6.534903788751,6.532313130438739,6.515247301575532,6.457499457794239,6.497074474997958,6.4340405446064,6.424299362589639,6.457242476471292,6.487105154721779,6.5348496118440575,6.480568208873653,6.5014615570270085,6.426101351355942,6.465435343203991,6.3874241251481365,6.339066534039013,6.545694290049553,6.532583835577463,6.436498316671736,6.2848691686059235,6.4205375764532215,6.456127261255638,6.499469296784765,6.437929250120823,6.462402251366721,6.349018556997573,6.325266100347219,6.455191148551974,6.380306681600102
TC033122,5.48854790707945,5.535842694784782,5.379386428856665,5.504182236167885,5.641311159634469,5.233571791467681,5.380618239884585,5.369791545622669,5.509488277912538,5.596605454746966,5.354846835852621,5.473437033917103,5.467523135072191,5.4199999989955785,5.516536848594745,5.414335894193325,5.063537933680296,5.173184245038376,5.358761474142449,5.531621552209808,5.328092418844843,5.485570318672145,5.145331887609234,5.2381791867970104,5.499442343000386,5.41454502242879,5.275762360403085,5.17901467421794,5.086765570492464,5.402297786260173
TC004054,3.927458902229428,3.5592840237965464,3.9766258775045644,3.83450655425038,3.7911171656273392,3.816326982672657,3.909422881444945,3.693102049976895,3.965969034681033,3.7214419515064012,3.5947855497217396,3.638778640626644,3.683042620694885,3.5173086458554086,3.8427742533082707,3.3938580940227245,3.449721048014456,3.2360613538961878,3.7376140384119094,3.555166991878981,3.790695318471648,4.0758766169298575,2.7682033831797663,3.7310581728615153,3.4482221636025683,3.338345180495774,3.6094983837262573,2.902535001157955,3.273356864993746,3.7412577506255533
grn,7.160254979037758,7.019700436247611,7.160060734360061,7.108613767103921,7.15363196000566,7.019318532334592,7.230644388366839,7.135894021150551,7.092778629057921,6.973027500688096,7.072416228177655,7.105242955675679,7.0369045963096815,7.108729189376806,7.215371787186939,6.990079931124978,7.1242961454095415,6.742034096670386,7.08527185143678,7.06314727467168,7.200890760938293,7.032895704628227,6.779622372095277,6.862715930611108,7.138942421155701,7.007256870767055,6.859144551155615,7.001967174067657,6.776841591134485,7.136632420978419
kay,4.872216354882996,4.917362706409633,5.103229012921087,5.013819307963454,4.988152423573209,5.013500115262928,5.004081895696236,4.922905048234004,4.938061080804033,4.968382981678248,4.9146844666655385,4.919902291850034,5.016822807039087,5.06158843879003,4.954197151756731,4.754645750184552,4.732546111277059,4.61467109637263,4.766605821619809,4.868886765833776,4.682860792144655,4.7419682894285815,5.026723432893264,5.159479057889438,4.698024089177053,4.978271167668355,4.945641127043788,4.782390358203593,4.801140703812535,4.751774355307878
Fer3,2.6822844205978806,2.439647386821553,2.7399408469231616,2.5282205785293055,3.0908963188850263,3.0464358645893252,2.9854908291250575,2.664699331405918,2.997085811193714,2.8947164096150875,2.5844938681837597,2.772945400474583,2.5397790330039896,2.9504229023412187,2.2065907174458856,1.6915318368148713,2.0839967213828334,1.1697582293950897,2.2649961496469184,2.0539612368361797,2.9562730182698838,2.461519432452304,2.4565309477633046,2.7247848801804007,2.0180724549638005,2.7492771564504705,2.6164726423178792,1.6686627453089409,1.9946938971663684,2.2683416807259555
TC002961,5.9487026507757435,6.0342461429499075,5.922736359146019,5.959737369124743,5.899744679259122,6.026924497058186,6.015712443645592,6.0132777221061104,5.960326366510146,5.958840650366014,5.978952292853066,6.027301713567604,5.956709251496818,6.027145767513839,5.996217166325503,5.979071078350115,5.924084129764329,5.72131548155445,6.002659997191812,5.762913241719629,5.925956862612556,5.963986644147353,6.0328627295417,5.96590798302679,5.873413457032263,5.833935915701,5.833184004478314,5.893371396659291,5.8766072997898515,5.6206246156311215
Ptx1,4.497080672325171,4.706795566448834,4.637996152439283,4.680001734071008,4.586090642621852,4.719324657955179,4.786541865160746,4.493975442588658,4.570350307803288,4.823050399971499,4.453045869047358,4.764685615403932,4.7446385743031065,4.6003855607977,4.68655510059168,4.773531449032545,4.885438281449206,4.1807546280656815,4.392441703324787,4.266244929947577,4.498170987782222,3.960213498353197,4.574489258784229,4.796893605298884,4.0524746818584365,4.735059648444287,4.197973834928042,4.3351800758770125,4.566941623861233,4.0485075266426005
TC012748,4.857730142906286,4.584477620004332,4.677887989011769,4.827141057701668,4.679662056125222,4.7461672354387865,4.828753866971746,4.685549973472501,4.841563853735122,4.572942955981791,4.683348717696331,4.641456918773434,4.537756135790243,4.50740922559158,4.632512901734538,4.494861632715864,4.623568416420198,4.277760519754061,4.60774194075449,4.266244929947577,4.571483691392202,4.273455751978052,4.678818085997079,4.5716092942708295,4.0524746818584365,4.438024015661814,4.197973834928042,4.277133170871446,4.373440946064904,4.422471892252148
net,3.78880076369882,3.646082758288731,3.5038498102979987,3.663823467366794,3.6761514541979903,3.8066925683350092,3.5902436593081792,3.5841278483566312,3.6185700839683275,3.650074763049079,3.6194164575251415,3.9167613407104382,3.54470257412931,3.391731830295813,3.3693156633132655,3.5951815158700042,2.712908322954073,3.3970480766744773,3.5075547460706598,3.555166991878981,3.168959604468041,3.0106552456316513,3.105866333412221,2.9614231824818327,3.6924443624586485,2.8747796425243535,3.6094983837262573,3.833049549913753,3.4888957623793453,3.791364128647769
exd,6.237263650751106,6.216168403108592,6.209122453936057,6.235405677858765,6.196291345827889,6.237523452689096,6.243402751399795,6.325408500847346,6.2402006833422545,6.2772583130687885,6.26139114519363,6.267461676074578,6.259943929269837,6.244675281642944,6.221936317618235,6.21285905579362,6.019721368181132,6.280566797939563,6.146497821554087,6.253770971243159,6.05152134063164,6.102694076959053,6.12095261606652,6.189582885036329,6.216922716041306,5.986793824430666,6.117030049920046,6.206743079493156,6.2240888645422014,6.068430885241523
tara,5.799670685724524,5.8198402202176505,5.874017518299633,5.857719439907664,5.758354763728106,5.8932872858144405,5.901667288755781,5.934752743089018,5.798396653866188,5.900824710776541,5.896340113237267,5.86560728486004,5.768358727923643,5.870552037471301,5.871622272389429,5.815019856950244,5.818323730483508,5.74290678874369,5.714023400669629,5.770008425942292,5.694322753831401,5.789860275236266,5.702447463924548,5.641872754518728,5.647911585517675,5.927309896732555,5.839357895939314,5.773705309795333,5.743476438834152,5.887573914619015
TC011745,2.9608544039902167,3.449880881772584,3.610418498147071,3.430616130300725,2.707907314293679,2.787969443089807,3.536988672608728,3.4022413226162858,2.7186402085291355,2.9206192730363245,3.417942274256818,3.196483724467653,3.230325567375921,3.4210321869037994,2.8970451446679526,3.1415170912758184,1.7388888569601049,3.044090141735717,1.1498666774699993,3.063213237196776,0.0,2.461519432452304,2.254593901559752,2.213168685320701,1.6769480723662928,2.438072620782304,2.6164726423178792,3.505197457629028,2.449560498013515,2.908360385668942
TC008064,5.009726515424145,5.088407748393726,4.899170082492671,5.149002038486459,4.939255787074197,5.205287722320738,4.975291706979712,4.909399089253769,5.014373431819198,4.65294498712817,4.849302359833756,5.1511377376467875,5.0970699806915585,4.958484349131486,4.906094892797975,4.773531449032545,4.690369207373842,4.592423338838741,4.629035903975126,4.5179744469097995,4.547638366613409,4.814115423857276,4.859590111659665,4.7799414954600765,4.9734441050383955,4.618373751334738,4.851042129489219,4.782390358203593,5.174351668618758,4.874818920975704
crc,6.891500278569537,6.893190515215777,6.888483235770826,6.924217734022794,6.943512283055973,6.858606164782527,6.887361706147072,6.91651881015359,6.865421016871735,6.91162783601749,6.875605729037997,6.892926525029157,6.884677308886286,6.915161265311567,6.873093107095365,6.789840351898713,6.780564394561724,6.844125360750522,6.850069290943591,6.842639373464356,6.805939617614435,6.820792123548138,6.836178693270993,6.83244276733688,6.789239670651679,6.893128232284335,6.8137310043337065,6.903215889755622,6.947240971602825,6.924395324699182
TC001083,2.8031698626163988,3.276757079511287,3.1338733293257834,3.215531764420067,2.8182543050663242,3.2346227916419794,3.179110151594211,2.9429525355065227,3.178449713457124,3.188233690229488,3.307946394653264,3.2341298991698197,3.1926853894087297,3.0802971945959428,3.13009809174956,2.2880375541911078,1.7388888569601049,2.291003787654814,2.2649961496469184,2.9512553617690425,2.5169997798354964,2.899010754398212,3.005469666601951,2.5815016525223005,2.9121779638943477,2.6057323825984735,3.097638690143181,3.1146410805143367,3.273356864993746,3.020062176613067
yps,8.35311585649362,8.38037733338744,8.386828672799805,8.369245948321115,8.370553757292663,8.393273665201674,8.360819908768823,8.357205721256317,8.360128825644349,8.37231163580584,8.384234474766147,8.402492338223345,8.364729456304577,8.37857150540961,8.346862347144883,8.314690469541096,8.258864457146302,8.369759227589876,8.297657049531308,8.253232252423345,8.293891820250236,8.331536756956284,8.379376250299659,8.349982798040644,8.265956149338754,8.332379903457023,8.345978420780584,8.381680359786968,8.328733455220254,8.359846217558756
TC005946,4.057366006848178,3.9682106136356983,3.9409523921074614,4.078943592817694,4.019605360806242,3.9422846294529346,4.008044244802387,3.9541327460046096,3.9231395807297282,4.017390018085248,4.215533007664169,4.11890317964783,4.052064010411959,4.1266373629497615,3.872896184120722,3.3938580940227245,3.288423904523787,3.7659113548229484,3.2082390817324136,3.4882132258924097,3.737881749726817,3.731601649359898,3.869591801347012,3.8241871154332516,3.515092642732428,3.8043038522131396,3.717870961165101,4.042452750258752,3.9473828661689874,3.6885076751585553
en,3.8703709156942327,3.60980175170479,3.335875188023156,3.313422962510802,3.481091706472929,3.449860160350405,3.217481890792913,3.558209613695161,3.4368653224601013,3.5598165691771,3.307946394653264,3.1573646869015057,3.2666002061218635,3.4494984149056185,3.5208848280137035,3.1415170912758184,3.521558265875885,2.291003787654814,2.46715496664961,2.9512553617690425,3.2604399761834006,3.6788643454953225,3.3578416571386525,2.5815016525223005,2.271962087616858,2.2365264101728357,3.4211253484209285,3.438348061610954,2.9982220976861202,3.020062176613067
cwo,2.6158798251429314,2.8018991318798845,2.463659913665283,2.8214978316547743,2.791787977026818,2.3997218050966973,2.5077870397540822,2.726888957058836,2.8290668755239667,2.723397048011661,2.6822823633538206,2.4668574495001785,2.880023513915039,2.717193851473101,2.756375005712716,2.0336178983314896,2.3400766918906184,2.0364872296483396,1.6706353130474494,2.8251639440381524,2.0585776988894633,2.259477966934283,2.624460798317621,2.414198808761515,1.6769480723662928,2.438072620782304,2.885720820237779,2.7768135900446134,2.449560498013515,1.6736666273748964
TC001726,2.580947222659022,2.7450607510661356,3.11331338911018,3.3882617267804616,2.8936933484759075,2.612570487739092,3.3577476044647945,2.893153933010864,3.19671174712924,3.3165961647993356,3.0213871079459222,3.1771154808763815,2.7692326562697107,2.687573849372321,2.8970451446679526,2.49067929490505,2.85753615010508,3.044090141735717,2.63523799358011,2.6808479009667643,2.685779835331433,2.461519432452304,1.6612161629246978,2.213168685320701,1.1551825292881084,1.1282325219542122,2.2468861871719086,2.7768135900446134,2.6173889484486614,2.47057132355321
CG12605,4.801457449593264,4.751033315440928,4.761220935238931,4.806403570967684,4.823149332686642,4.870530871099281,4.908181271559205,4.782725506461619,4.738630170086767,4.826858362709279,4.894495552560408,4.822924534026469,4.856017731890456,4.568817772378768,4.916599090304237,4.633166049214068,4.752985708327351,4.699019970200832,4.563743453415897,4.440897198309545,4.78306684894436,4.622936736485344,4.482404336313432,4.361494113986136,4.34524722341785,4.638791613514173,4.834367548552348,4.81781450450572,4.609984523709985,4.589679106545607
TC030885,6.2715590338333325,6.267543635679648,6.291177042433609,6.295472022476696,6.256796138637676,6.307407503658652,6.349025477082556,6.305410668506205,6.283254027715498,6.257457609454291,6.26398696950783,6.23583155742072,6.267946525789807,6.229991534610827,6.267163549329019,6.285555628024773,6.2615839048932,6.233739811791548,6.084562489755575,6.249403031643565,6.25905450313388,6.257895211038666,6.20190700108832,6.238474226859235,6.212574124067219,6.159904577021926,6.256098701072993,6.148681878555554,6.232440604675858,6.255369460213672
slou,3.8201744213995648,4.3320964413051195,3.8752873889114126,3.8064257260648637,3.839302511389069,4.140962355129584,3.851226385757977,3.65808040640087,3.9143490831589958,3.7987363429384624,3.7972616252420055,3.888359087156612,4.060151987492999,3.964449819845683,3.882738517871873,3.7626872385793857,3.8693276687477742,3.468762333974348,3.44070030860572,3.83567927207429,4.019594925304731,3.781696503981088,3.105866333412221,3.7310581728615153,3.4482221636025683,2.986273098780066,3.4211253484209285,3.6268201239014077,4.1332908382634,3.791364128647769
TC007831,5.182007392085184,5.1666786992929605,5.310261197383121,5.185516527588007,5.232959679739454,5.198089914792773,5.389236603787374,5.367644101647192,5.312100157771983,5.129527894513203,5.3221430161434045,5.236986601718554,5.223025436690051,5.219226475942831,5.145921476016277,4.773531449032545,4.903005291666142,5.06705454435625,5.065864033401818,5.230209951951053,5.146741055118951,5.112759718178924,5.12016346693499,5.074052044481249,5.396509231609146,5.1375931552762,4.7826076894515115,5.2029780845488665,5.099757415466735,5.209106923350432
CG11617,2.9362404813379825,2.439647386821553,2.9561807951815875,2.4203632315221726,2.9638383836376216,2.9137778324625336,2.6828866990598814,2.5273569870923747,2.7186402085291355,3.1684732977685366,2.82661257317667,2.5434278274376596,2.610879689017041,2.7739250290521724,3.150673789520846,0.0,2.0839967213828334,2.291003787654814,1.6706353130474494,2.5121343427504526,2.5169997798354964,1.145661874059995,0.0,1.9612891805016854,2.4742681033631615,2.7492771564504705,2.4486573821883706,2.262818546188784,2.449560498013515,2.0145725571860207
kn,6.874168233640623,6.7057939265595055,6.820481435107161,6.798597492015209,6.66050227447765,6.866355330996774,6.9719270751996,6.592425511827895,6.765495952954483,6.667123188689393,6.913776495921911,6.630485992381395,6.748694361432821,6.793107743564152,6.710959527659598,6.39853733894404,6.725820135387567,6.720838454410988,6.409078719122961,6.7137416126027425,6.983440540107002,6.399370249214494,6.268746407949347,6.445995946282669,6.723469728713178,6.322548173684177,6.440802459379566,6.471975783095803,6.653758430605727,6.816537516395873
E5,5.458996644511759,5.340223045371649,5.667531623346763,5.3278708199832385,5.5655645012358095,5.602514753031343,5.6535159274668425,5.737239023667095,5.504099946127933,5.525486473857787,5.698218688353927,5.527076123344057,5.771273582830131,5.712918352630483,5.4595024314489065,5.077673175284814,5.556850843767539,5.3977108402055665,5.2850154927628,5.7117852991874125,5.518784281255493,5.211038855990863,5.06784265676869,5.301032938640329,5.345972939566777,5.185518898663872,4.7826076894515115,5.249248061651076,5.3794290256070525,5.266619337320861
Hexim,5.622775614131975,5.600134755266713,5.565600091770936,5.593892496850951,5.5503816664306225,5.556476354344332,5.567571314519361,5.581643898926206,5.509488277912538,5.502545651111994,5.594075201982459,5.57798394229114,5.534260180781149,5.502557671546111,5.566864021052129,5.35337342691612,5.4619266810390705,5.653595094646689,5.609029414621885,5.495068195461122,5.41285395935179,5.278887304852234,5.471206896895826,5.406909996769864,5.386604223477198,5.4776412697163,5.506505333649441,5.582600165430133,5.298143296664567,5.666623228500281
sens-2,4.057366006848178,4.034792622059623,4.1960126221576015,3.4443447882193374,3.595449572177932,3.694094007937369,3.8208067416165097,3.8017037553114275,3.6420288362998985,4.107167142338761,4.015908659284563,3.9073832700093143,3.634922288277788,3.663440965615633,3.852916046284299,3.04094699253053,3.588578970767035,3.713129224577063,3.8809652961704333,3.6179178784960633,3.344248603863187,3.202329339824245,3.4962903214201373,3.9878761325079477,3.1243905467005635,3.47670203612676,3.767949236822888,3.505197457629028,3.666115230462151,3.8390792008482464
lmd,2.831238363728878,2.8815231802264543,3.11331338911018,2.742178178876551,2.6163410995144036,3.1067006455580755,3.217481890792913,3.0790005837529915,3.266597048184924,3.4148620922329536,3.085645050811,3.5211997591217066,2.380339372480508,2.717193851473101,3.0432808627838743,1.1674834147084137,2.0839967213828334,2.0364872296483396,2.011338761238517,2.9512553617690425,2.685779835331433,2.259477966934283,2.4565309477633046,2.850087470824311,2.271962087616858,2.438072620782304,2.4486573821883706,2.464931132541074,1.9946938971663684,3.1205309286647362
Kr,5.3447388395526225,5.470968743867671,5.464035818845609,5.354465875574164,5.341284359546316,5.292240250819507,5.543960815543245,5.384695900919505,5.379599320908072,5.292422512112955,5.525950731188286,5.963074750409365,5.387503593730966,5.332146046684058,5.3706684149787876,4.469830097227296,4.953927305261951,5.1476889853233825,5.065864033401818,4.85132435633177,4.973495308694136,4.831367253390271,4.923643911502894,5.086711864400445,5.031889139661725,5.242366317951724,5.1733687736957155,4.8687034953563515,4.588694642313819,5.220877066534485
scrt,6.354114880216258,6.434172969641201,6.3947058013478655,6.41767962146211,6.436698395892262,6.420654332818068,6.4452966171072354,6.364242989338183,6.346487228772611,6.395624611378034,6.398791862985545,6.452133021487296,6.515387991446312,6.390429128177797,6.442981036666627,6.3140184228618415,6.248065700641823,6.352756822680371,6.2178091217584015,6.399517496243045,6.412308851088753,6.286241056483889,6.435819854597007,6.493324716582615,6.242624480955609,6.3187884658196225,6.247951117496238,6.410199066071053,6.285090214513567,6.376629689312495
Axud1,4.733602210119064,4.735172363732367,4.808078888680879,4.635431343817379,4.750200426197042,4.7649087379230375,4.692065462941347,4.782725506461619,4.862307186628972,4.634688636866222,4.866926886928604,4.663815957877065,4.7687224881547685,4.725411109900973,4.746121140731297,4.735396504873257,4.64633478020602,4.498125474904259,4.60774194075449,4.698475831141385,4.239139961983665,4.53490268464371,4.983840642854295,4.745150005344888,4.4521298404793574,4.361020334499038,4.31761595962792,4.726784002921417,4.28999539117493,4.907362375488016
NfI,3.722936567644513,3.420551960587853,3.6353761240038254,3.630428214537772,3.5335379411416765,3.284804416460856,3.6158440455905003,3.558209613695161,3.751715786259485,3.809306379939995,3.530415668911189,3.7101249499918696,3.634922288277788,3.580811207956957,3.5486248038047976,2.9291198865168306,2.9838654150764694,3.1446753097897453,3.016512213095071,3.2553499349709547,2.9562730182698838,3.5015804057131463,3.197096774899341,3.451333509649486,2.7863818924975994,2.7492771564504705,3.2724058335396804,3.366707634714697,3.273356864993746,3.211820880869266
bin,3.850593641013604,3.597409553088437,3.4459800244781196,3.607528585522164,3.507658610350467,3.638397464776487,3.097645309321238,2.9429525355065227,3.569934154289909,3.2815711781088166,3.1653639164707648,3.2524345259283898,3.2666002061218635,3.31448939400945,3.150673789520846,2.0336178983314896,2.9838654150764694,2.6621655865555875,2.63523799358011,3.063213237196776,2.9562730182698838,3.1110776497429082,3.105866333412221,3.152641118905159,2.271962087616858,2.438072620782304,1.9938399518087513,2.902535001157955,2.247770214522375,3.020062176613067
Pdp1,4.015910827783647,4.08962363359446,4.1746807532888335,4.034604021949017,4.179032692565145,3.950702514659817,3.8710039296009398,4.182265033257252,4.061843189237081,4.167742204977421,4.167480793647752,4.055955939407793,4.084030680831882,4.02937426167801,4.177489529549436,3.3938580940227245,4.126863588294029,4.073317663124982,3.5702183788631157,4.1659647902826125,3.623069855055995,3.781696503981088,3.9949180062771656,4.160772150643761,3.932136661226824,3.0865733124077,3.767949236822888,3.8785852853074725,3.273356864993746,3.928178496465224
Lim3,4.812968170894642,4.793396710502125,5.262986713125906,5.066340560103185,4.948607882441827,4.829610778030194,5.111606987024528,5.003419737233731,4.999569747954907,5.0894203074116,5.116140444362212,5.0895164634363415,5.019912653018384,4.884439256717974,5.043971444790626,4.611403206349452,5.264407218490819,4.7953403821171365,4.9351744092308225,4.612292216045036,4.639786818186831,4.643785460081482,4.736561007472795,5.193968754940166,4.615434624350286,4.277588667556447,4.650271886586251,5.049743678158928,4.609984523709985,4.713646697832213
CG13982,3.8201744213995648,3.915193243036664,3.8849362492297175,4.071688850522726,3.8203060738437964,3.9590501301859677,3.8411889714378624,3.8119423959283134,3.8599187843254397,4.000164239698831,3.903433499762119,3.9887785794321755,3.984891425831967,4.044967485689315,3.94904896401101,3.5324717015669447,3.651388649796954,3.7659113548229484,4.044840348346815,3.785521473307856,3.840858980255838,3.8294011265222565,3.7763661359842193,3.513888606884248,3.8430299755577684,3.706562354203581,3.6651520315336357,3.8785852853074725,3.551524049494587,3.5738459252429586
Dbx,4.582289961020135,4.390185803785409,4.633463874654105,4.647785239058023,4.707687871705848,4.783305448503903,4.813609410039468,4.473159795023996,4.556509890855829,4.958436211564498,4.824094230186815,4.463766653554784,4.7115969649878044,4.591467418494123,4.49374726159297,4.031535395313948,4.126863588294029,4.67859033574441,4.540996300421315,3.8834409708751143,4.76381287293719,4.0758766169298575,4.297517835569162,4.5285836902575,4.548683655045084,4.186557293221975,4.565963406585617,4.183210268709576,4.025939457818477,4.009984505904677
cbt,4.610710455916965,4.844841397252149,4.852839103456424,4.680001734071008,4.616823650733466,4.779653081918016,4.629858590018218,4.731263657660944,4.719079964783846,4.688487236503854,4.69170986909491,4.585662877454238,4.5912601783410185,4.767601194892966,4.641725195179478,4.36292414422934,3.9627385553202217,4.8314126903947034,4.563743453415897,4.357379154679148,4.682860792144655,4.760498900824285,4.380971727382122,4.612859807519004,4.316641034462928,4.53225913869478,4.543726883147808,4.605336001645034,3.9874323559880707,4.497579033592404
TC034819,5.607380944005042,5.7556796318458785,5.6803700064529234,5.707900549004915,5.700081939815572,5.7895668534731355,5.682732710092068,5.74611258912772,5.680321720363504,5.6857989037713645,5.7544296350483375,5.727532289178757,5.665450655795506,5.7529658377010255,5.730808193563508,5.594269735727794,5.201829210600048,5.71401352499104,5.776127973272158,5.566885745837057,5.686626792787594,5.554286740632659,5.666203433829466,5.597582170820712,5.499442343000386,5.638658669098394,5.588874753760143,5.5069112750462725,5.524515495048194,5.580607020993874
HLH4C,4.911004211862611,5.3808532294521445,4.933403590521018,5.31325194293208,4.932972110829909,4.953833522430345,5.100215009574615,5.168486674013327,5.060324210401836,5.436601913898648,5.091325473587899,5.306788102133535,5.433427167409644,5.18765232734336,5.129166115870065,4.735396504873257,4.331473355872607,4.8135391788662485,5.024170160239825,4.677616214875335,5.034640046389353,4.703843968279515,5.19384455898174,5.37912814811348,4.159874495756717,4.186557293221975,4.629851725444368,4.042452750258752,3.9473828661689874,4.3126575574589685
TC001789,3.0755815316032504,3.390336795771045,3.4157388268488287,3.180649460522818,3.185689206923096,3.2516313396017154,2.936852675328685,3.179749963240651,3.1215730579278267,3.263587646480036,3.064681196423736,3.0522978426598977,3.430522690574657,3.1394120555293945,2.756375005712716,2.9291198865168306,2.3400766918906184,2.493706876281756,3.116963525933131,2.9512553617690425,2.9562730182698838,2.899010754398212,2.624460798317621,2.850087470824311,2.4742681033631615,2.2365264101728357,2.997282930133519,3.205907236236042,1.9946938971663684,2.47057132355321
TC032433,6.0751436863288975,6.05046802917922,6.107320292379404,6.067262148081676,5.898545330693876,5.982869023804387,5.959102105037258,6.030044071965976,6.0714607080538014,6.017148310773741,6.0369911545072945,6.1013989792974455,6.033478539745997,5.980233026301939,6.0068104515683824,5.94487029782698,5.979000632978671,5.9539443318490175,5.913446224005742,5.991111936977528,5.944036295414334,6.0685388019532045,5.866244662090543,5.718303539481945,5.994277884375298,5.97091866303144,6.059452713521358,6.057256532783396,5.983466969466952,5.869387375418421
fd96Ca,3.7115247569849625,3.5330347515296703,3.8944928980696836,3.7376643713593185,3.698061479832131,3.6497877083934633,3.9188013421269865,3.7703434156127424,3.7924297608237905,3.909281755915665,3.7450047151560697,3.721536362450269,3.4603129582333083,3.8106672183707095,3.7123001901834076,2.8031943607132574,3.521558265875885,3.7659113548229484,3.44070030860572,3.1638890692666264,2.685779835331433,3.5015804057131463,2.8938569916914623,2.9614231824818327,3.8430299755577684,3.539306865105813,3.487937467611281,3.6268201239014077,3.61046013505192,3.444313351863417
TC031968,5.816593246384219,5.439849751906371,5.444040750613056,5.716371090513903,5.70300469614259,5.459363322174522,5.59936891826276,5.688535763107938,5.500491526971339,5.547912796258832,5.439137009752407,5.593811717773789,5.370267024827642,5.500755100933342,5.5650445245250335,5.2069657218635195,5.148784909463597,5.684260538773684,5.193484855901534,5.437603826877272,5.07816369268884,5.562553552618382,5.081181727069025,4.923062581020304,5.499442343000386,5.185518898663872,5.149117198467525,5.2147478323367675,5.359718603132468,5.160590049511775
nau,3.602496898235261,3.692496435716186,3.958948201066856,3.5229795187275816,3.5587643927297044,3.163539092126695,3.2900720430066355,3.646128558918443,3.5188113019314056,3.8403622274542784,3.2029602809997013,3.2880682647414914,3.474881771464847,3.017466984799633,3.4015231456032833,3.2328906980491667,2.712908322954073,2.0364872296483396,2.63523799358011,2.5121343427504526,2.9562730182698838,2.7733168083759727,0.0,3.152641118905159,3.023902996536801,2.2365264101728357,2.885720820237779,2.464931132541074,2.8866541661512084,2.7825937863339134
sqz,6.625712155437496,6.829304438159524,6.65926402086469,6.656547083628154,6.722928046973523,6.574775091015739,6.6030515267980565,6.66841896450409,6.796634534343111,6.834538548549832,6.565996633773463,6.698069879843003,6.7601284026872985,6.533158002135044,6.618834741689286,6.479868100892074,6.676808571287396,6.360465469159155,6.292389117861911,6.368915500402316,6.354586967735887,6.3813819724180085,6.130278046995332,6.558923736563333,6.850949582369209,6.3557642035155455,6.639033711057015,6.520692317515546,6.553379780121778,6.76792074730746
ftz-f1,5.895868777291924,5.705462122558684,5.7541202835009955,5.673282113998413,5.716052404915261,5.727716578600478,5.714225023686686,5.889866944687937,5.827489232527986,5.731432431946607,5.742855480307966,5.762037479369034,5.7942915126850485,5.879239505397133,5.78193925209019,5.626673908693934,5.72331076488891,5.564068231163076,5.6703685001346695,5.558185594830187,5.631029980512308,5.671639591729619,5.651329827073617,5.634625879679329,5.770402000650655,5.6751648215287025,5.762629684576651,5.630053186592855,5.6055495390603,5.745823095459087
Cph,6.782693548987945,6.754180897746305,6.88466487052105,6.8821756584787,6.89950716182729,6.901598590694804,6.806484492496884,6.8591768575737415,6.930211670794198,6.970802912494834,6.853326789167495,6.822441253619115,6.8946648315851995,6.844766051560502,6.861206499191669,6.6539760158308665,6.8094433749120205,6.564655187135542,6.7960609225128294,6.662946538382625,6.762111272607843,6.699043703264397,6.690949734181336,6.708739580424256,6.860114292387299,6.676052633805114,6.711070047346891,6.705407173296731,6.675353318458111,6.6902543769484275
hkb,5.407716974302964,5.2319962319770275,5.184987225622846,5.380371918943683,5.313669213043489,5.351794897178909,5.382779804250434,5.361173961204518,5.511277955738061,5.417836035412545,5.419224081213176,5.387164725926072,5.330362894959497,5.439370560495644,5.493329586953159,4.960669135945082,4.953927305261951,4.7579180106579395,5.1058888834574105,4.886146053010059,5.223271015538499,5.15075517621842,4.983840642854295,5.311134940749381,5.345972939566777,5.074263569270824,5.242782522155658,5.063449174838709,5.308672763868214,5.232510283526482
TC030585,6.372729412154097,6.282965503038174,6.287708249350559,6.37422058312227,6.356497220172938,6.353952952242918,6.411912846029194,6.3885451395885955,6.359586911258232,6.362626495641161,6.366560783753105,6.319460486987517,6.408192637732712,6.373989543230585,6.3198950825584355,6.301919144308514,6.238950961800251,6.356618573805188,6.339187952047487,6.240609495681686,6.232555742012724,6.321543504386581,6.272779177932359,6.285086213296671,6.304129388494579,6.330025447093903,6.243852296061137,6.21107275468113,6.34258337871995,6.3275561512090555
TC030888,5.52289394307581,5.40364284056983,5.4797489130904395,5.721978517833993,5.612975571376715,5.786897677564274,5.684331104141675,5.650385647624662,5.704194189830364,5.671202659766871,5.620734432788309,5.616240661085587,5.722056994925393,5.705595139251295,5.650521505550946,5.424144539746148,5.227332226870688,5.437144159662464,5.338240239047205,5.180473975838068,5.235475378280333,5.467627195233018,5.434662757037887,5.406909996769864,5.087106146438884,5.451085966948379,5.531936270619327,5.346134857537462,5.445507966532305,5.3210031893613285
TC034116,3.2894496436304737,3.390336795771045,3.5178087217779193,3.685483053888974,3.687166471967764,3.950702514659817,3.603125772684566,3.596839334153995,3.70927357160342,3.53245804906634,3.7870264250311565,3.6011011337450713,3.517356420129742,3.7397610946780766,3.640069016127748,3.2328906980491667,3.0960107132416814,3.3970480766744773,3.5702183788631157,3.4164529126801737,3.168959604468041,3.6231902198891794,3.197096774899341,3.2360845467751638,3.21569601659383,3.47670203612676,3.4211253484209285,3.1146410805143367,3.4888957623793453,3.372658267144033
sug,4.332524828561201,4.177144951215719,4.492206301966496,4.366008385814364,4.172311607700696,4.2768339582842305,4.1360878721769385,4.373723784796682,4.356623402712086,4.475233093297352,4.208808163851421,4.390959406621027,4.0274000200497255,4.296688514620607,4.483057845453026,3.9914525883718506,4.419957893783321,3.713129224577063,3.966255951848145,4.327914356236879,3.790695318471648,3.960213498353197,4.174166687326098,3.867689027969287,4.159874495756717,4.120913543493644,3.815638824812995,4.003933965220297,4.063018580212327,3.884620856146994
pho,6.159981528403823,6.121875429299944,6.132998545132661,6.124951513329475,6.151648642398811,6.132569281063374,6.134497876326991,6.12513555622489,6.177917375866875,6.169132103934662,6.133069663185391,6.182077101012209,6.157568753755207,6.142763666549111,6.198048372493727,6.095326426426239,6.1479470688814235,6.04217999641762,6.059681058962487,6.181485587802442,6.035299413730225,6.112242224573113,6.10203673708773,6.106923968125854,6.111783884267357,6.062595931290179,6.117030049920046,6.026558021879808,6.004579002845135,6.117349550244904
Kah,4.02434048671563,3.8782194172023496,4.655922599292715,3.9143067825859257,3.9630411075762404,4.214428885402446,4.180171144999215,4.338252799197892,4.367906387828982,4.348706161142847,4.280405372935378,4.156323587268678,3.7176717260189296,4.371971452772206,4.450286424400673,2.9291198865168306,3.7662836233192323,3.1446753097897453,2.7790927225754802,3.785521473307856,3.4933455752617144,4.0002728403366214,2.7682033831797663,3.451333509649486,2.9121779638943477,3.539306865105813,3.717870961165101,3.205907236236042,2.247770214522375,3.511175509864345
TC000916,4.882944940961413,5.000425283670202,5.144943437328669,4.857462593820511,5.026192498804657,4.903396634577284,5.08579007727907,4.905993904075771,4.9905811909814055,4.968382981678248,5.009933201666872,5.04521341396032,4.88467904669442,4.920536744268459,4.974124564435467,4.792067079336798,4.551983811372348,4.2141464842940906,4.30897523361019,4.589533578902806,4.571483691392202,4.53490268464371,4.552250729211401,4.592447236421516,4.698024089177053,4.277588667556447,4.2292528607407505,4.277133170871446,4.4254379174631815,4.544688998463101
hth,7.60540080336529,7.532932904844005,7.5606558640600685,7.650148454524948,7.564182707092674,7.536933153026033,7.661292959421474,7.623238446937499,7.608042667036383,7.632939373599659,7.613175428410091,7.589605429440266,7.5854096237018735,7.643793599453235,7.6203586233461955,7.406056933741375,7.492935084210892,7.377930080887676,7.372292667507683,7.632053309498537,7.522226740816352,7.471569938476684,7.498535080390095,7.382455131786878,7.444387715028439,7.491250907424357,7.411305909513578,7.387338383696874,7.387712130689741,7.3974867812047265
chn,5.434710317360809,5.393348264866954,5.481695802626091,5.426503655948191,5.4890434959883825,5.457507329497379,5.49499862633117,5.4984388631134316,5.48225149775499,5.569847190693836,5.538524928747731,5.536358956633251,5.552537514522394,5.518636238445794,5.44523402608813,5.35337342691612,5.201829210600048,5.245987581053535,5.338240239047205,5.3554569176205336,5.5003401974239585,5.449356224555072,5.406350661089584,5.135806825918286,5.335551820657692,4.992561529468332,5.368638488326791,5.260488609931622,5.232526239194322,5.3210031893613285
TC032035,7.087244476904386,6.9554114085019805,7.004404519133664,7.089211720886499,7.076500850965597,7.025533845311745,7.090242327973199,7.052948350741697,7.092778629057921,7.09346821078113,7.063521102730802,7.080301407573678,7.077133001008342,7.010859545111083,7.063497147783899,6.926961091150643,6.89377139741873,6.848848475056803,6.968496378445866,6.8875704269704485,6.876539023721358,7.057197496495934,6.950782505988774,6.78524205311195,6.909071710520203,6.86298461463878,7.028254900086877,6.94139943125222,6.903572488564199,6.830673302275065
TC003191,5.208041752246771,5.1795755485760715,5.296312023927614,5.279012390227029,5.400270186915783,5.320332265919168,5.571154725180163,5.650385647624662,5.227913657095357,5.374828635658691,5.527756754371586,5.457567857580273,5.314404175173083,5.235823838485876,5.377282155756467,5.020881423539907,5.162312092821711,4.8831928402982205,5.0382621565448655,4.903112504187314,4.94146127064945,5.059743515857898,4.825955891881258,4.460361661285607,5.1136118575205565,4.697657029776921,4.88357965521005,5.1419571889923406,5.137749918670332,4.938880048372798
Mef2,5.16337146690275,5.003486226663434,5.270221936888338,4.964367844340638,4.897687848738259,5.138562611635999,4.965507789426238,5.066376944994606,5.21115723029078,5.148994153399912,5.051457196892907,5.180580556418235,4.942986407195618,5.242853523049826,5.207669028797015,4.754645750184552,4.600271646451668,4.738668213805772,4.837477771067655,4.656312188333298,4.547638366613409,4.579888147186456,4.297517835569162,4.612859807519004,4.6780073495935,4.716533198403839,4.945641127043788,4.583579255624096,4.916073012513884,4.653582668834346
inv,5.99304096241572,5.98049365751393,5.940103506429004,5.871055533387474,5.960208103122386,5.7625489670596926,5.915704790474123,5.945666306788306,5.863332613709447,6.072242686941155,6.0456286244914175,5.938657463670516,5.83470719121503,6.000139387247304,6.085582216543354,5.374109938740201,5.635201926402871,5.502618560170778,5.662903742317649,5.531621552209808,5.622829108053178,5.430745202808722,5.673558092419414,5.205205949410272,5.534392651108223,5.600769156916598,5.76925341359491,5.660481983291618,5.4988670231089865,5.6206246156311215
vnd,5.627854951740914,5.574566500957406,5.48557824732566,5.493698888023821,5.463414494576717,5.685729818320696,5.558556203361438,5.656845930690389,5.587011764051252,5.580636567884902,5.7743675529859715,5.490993920767413,5.536103020358384,5.665095482474677,5.665456995734498,5.020881423539907,5.092768522407337,5.222303878902707,5.378870042390859,5.437603826877272,5.119871776479162,5.01805130207852,5.357306252486517,5.123757198222776,5.073585091710194,5.347197920802773,5.328421115947775,5.2029780845488665,5.243765792444962,5.0419704192211485
Dr,5.572297594309878,5.7039462747572145,5.554811336532501,5.668869313405762,5.590367931558946,5.750148619075387,5.67792214135121,5.7327725376262375,5.637122453017415,5.666289513552854,5.594075201982459,5.445498494642236,5.603727479889558,5.398249843068606,5.59906124294285,5.23093282990918,5.048595857014767,5.173184245038376,5.18143120799089,5.167643624690914,5.282855755074435,4.9745449374486235,5.240112241600052,5.074052044481249,5.087106146438884,5.185518898663872,5.231543027930448,5.293471473556517,5.174351668618758,4.999083251071431
HGTX,5.085147587099168,5.116095242582662,5.147663491326609,5.0109771169729544,4.979164570224178,4.984111765637703,5.025914911350398,4.968789155419276,5.008478229995711,5.118231783339017,4.931202688685395,5.039155222220534,4.939649076927392,5.121346058229002,5.062203338601005,4.654465341032194,4.623568416420198,4.932423288642632,4.871115053739887,4.698475831141385,4.724155763890076,4.723087800835097,4.791150919819222,3.867689027969287,4.717648009009439,4.735059648444287,4.746550150279457,4.416383466755702,4.230226964497625,4.544688998463101
TC005342,6.369516892046393,6.207037561979812,6.157044427182594,6.241244664937672,6.152579926670024,6.267719606986751,6.184154195258916,6.159803817185714,6.341822533315154,6.203294833853891,6.205261835005085,6.221963408947878,6.118234933648839,6.2825342646074205,6.252619196811025,5.94487029782698,5.961028151049275,5.706657857422144,5.7351563883488,5.376634894045671,5.782330953042497,5.641667236826102,6.006950362660763,5.123757198222776,5.647911585517675,5.386235483556106,5.927664592428432,5.515609662009485,6.009788095556678,5.7105986901310715
TC006788,5.088049256299947,5.121541924184577,5.035683378718712,5.082369049705263,5.192457325463212,5.207675524367983,5.117254676051785,4.984679148452172,5.37551150860495,5.1434709242076835,5.009933201666872,5.101006467258174,5.136275207128844,5.142220187316935,5.2534665880702045,5.063774737884783,4.885438281449206,4.738668213805772,4.802669519139754,4.589533578902806,4.594773634218043,4.622936736485344,4.859590111659665,4.412149239310228,4.501571625267173,4.509519736828383,4.543726883147808,4.3351800758770125,4.690881703089832,4.713646697832213
pnr,4.491834881502909,4.522166191056234,4.562892835634194,4.16212771378453,4.179032692565145,4.93207971116649,4.528629850421919,4.706588316418734,4.8096190518105875,4.491309926856918,4.609306265673764,4.580869751696055,4.5912601783410185,4.573388928095782,4.375367791200775,4.417805051285338,4.623568416420198,4.2141464842940906,3.8354272221129446,4.327914356236879,4.135380385055926,4.0002728403366214,3.7763661359842193,3.7787063775911585,3.6367502310901294,4.277588667556447,4.543726883147808,3.8785852853074725,3.9056622544674737,3.5738459252429586
ara,6.199845668876549,6.261481420518337,6.230505887676533,6.20309932313981,6.233890217587615,6.221211213159263,6.30019949385011,6.278109180029717,6.2263026425591255,6.063452464093084,6.085667562899757,6.290327201678329,6.130503257640955,6.208887461490548,6.324166392912325,6.153467776917369,6.085888040874233,6.137753964982213,5.991933931193163,6.0515894372850205,6.214491579632511,5.963986644147353,6.017396020702614,5.770435622093064,5.97235437560072,5.78376186741011,5.98248096934249,5.916837760296019,5.750234479560024,5.731881868003165
TC032451,6.190268239273155,6.109817368595601,6.0915907618697736,6.010240049040479,6.179216669732858,6.045669278453913,6.2880479176338815,6.1321660265086155,6.263224314916017,6.0960248168033555,6.078411411060131,6.050776116533483,5.967531334586183,6.126491681449036,6.1626151775480205,5.695958115380159,6.162878190566553,5.987951536642926,5.776127973272158,5.973962903387212,6.108846929889056,5.907303429863846,5.835561546194609,5.867192962822183,5.873413457032263,5.7642780020830875,5.857654111188814,5.6453833194359095,5.7366724160691405,5.666623228500281
vvl,5.600462050910242,5.601816284343384,5.696189617226145,5.553357896134283,5.650580697932258,5.517006264998168,5.604571590193065,5.694754978033343,5.654316826081704,5.61750820894213,5.667314018668145,5.6381775627005295,5.57048677467643,5.621288069039239,5.623405921677827,5.732471395328277,5.323298777972404,5.5205642758104005,5.655382842542583,5.48571719942089,5.518784281255493,5.321690010040399,5.471206896895826,5.205205949410272,5.728861997727691,5.486338608367069,5.4167372078325355,5.462246866966022,5.436331270325739,5.459205823496337
zfh1,6.979182452538394,7.024572163483564,7.029126724952198,6.8861112227541215,6.999725613698609,6.9237080841785055,7.065267074971684,6.908262526616388,6.918460960784573,6.98451625279192,7.046675814218666,6.983851432098322,6.988978971003563,6.922153495716988,6.9719283886355825,6.90055410991882,6.753566834943822,6.883578190453338,6.90130961481399,6.823099929515463,6.84550575752849,6.725123091877733,6.880982144273111,6.7453298205140895,6.749280287000431,6.966709087106146,6.647298837686091,6.852203040531063,6.759808407192883,6.818907400756703
Dsp1,8.001776421670261,8.02743216448946,7.971043398112004,8.041052092738896,8.037955409084583,8.017364374734615,7.971278116988414,7.991505918267363,8.012023166118105,8.013822700829458,8.014281254090541,7.9891141598093,8.001715067142007,8.048746192948402,7.994709296953251,7.9163703862554975,7.892536030249234,7.967750314755403,7.9608543978508015,7.875540905117219,7.940979038033188,7.845856674563869,7.922544595412517,7.95206823536119,7.926338807431386,7.9565150295729605,7.849263887033926,7.953898316248425,7.927214718697878,7.954751571330082
org-1,4.275413385554581,4.3320964413051195,4.315248577649937,4.327295617249767,4.158732381839971,4.105696621879409,3.536988672608728,4.3620393661037085,4.373500497064357,4.231771841840721,4.0945637456491895,4.293399896271252,4.159743576379517,4.02937426167801,4.184756858706465,3.3938580940227245,3.449721048014456,3.3970480766744773,4.337578487430442,3.2553499349709547,3.344248603863187,3.5015804057131463,3.005469666601951,3.8241871154332516,3.515092642732428,3.653858747961092,2.2468861871719086,3.505197457629028,2.9982220976861202,4.1892792070228415
tup,5.6963827870499015,5.800745180155441,5.700887108109071,5.6849552596075785,5.701544385791769,5.77749905388968,5.842096572090233,5.704011873918713,5.5803590427993495,5.701770930515484,5.732617025620817,5.813763300521304,5.697293331854547,5.662029234315129,5.7745819795793665,5.725274618545501,5.753518531399128,5.456292624938233,5.769414891534735,5.908440379397342,5.907544536157468,5.707884292028329,5.907678341733306,5.813923133323315,5.82964549126457,5.809163537943625,6.291962988593001,5.806610684962168,6.127298359762344,5.951563467280266
TC009734,4.562884071879917,4.53200893729573,4.624337225019797,4.562387837832119,4.447633812709803,4.380198850639668,4.438444337831326,4.451901628642453,4.58851116816862,4.480620807196186,4.473966817005554,4.485142693758057,4.517567804438622,4.573388928095782,4.555589893467264,4.754645750184552,4.690369207373842,4.1807546280656815,4.444450851541784,4.467255256236185,4.639786818186831,4.302898820868757,4.736561007472795,4.796893605298884,4.525405057420459,4.554492936007506,4.728021807509451,4.707539527535072,4.801140703812535,4.841180661425245
Ets96B,1.4556366469430715,1.9340195290221542,1.8882069700111368,1.577684948880128,1.596737044666911,1.6783237812073488,1.5600886813096113,1.8031877800858729,1.9733677456769452,1.901031019869346,2.1118067450392606,2.505875337349407,2.0802064609213318,1.6897373401526385,2.306161829322467,0.0,0.0,2.0364872296483396,3.629185763178086,3.339142192630715,1.1873166994485937,2.0060056678530334,3.005469666601951,1.6237990007490377,2.0180724549638005,2.2365264101728357,2.6164726423178792,3.505197457629028,2.9982220976861202,3.511175509864345
ato,2.341039588880971,2.5869886107224094,2.5026664384167923,2.5617341217173033,2.6163410995144036,2.889850603788329,2.650234028979355,3.1406596374480964,2.62700086082034,2.3039427913578527,2.6822823633538206,2.6482997993806214,2.677258884193959,2.286060798154365,2.2065907174458856,1.6915318368148713,2.0839967213828334,2.6621655865555875,2.7790927225754802,2.309061757710966,3.2604399761834006,4.146164044894289,2.624460798317621,2.7247848801804007,3.023902996536801,3.338345180495774,3.349527733663133,2.63298223284848,2.8866541661512084,2.63870325755424
Fer2,5.122228011977978,5.217297180857489,5.586834566723486,5.2091392189350945,5.339186982039752,5.272319069775637,5.397781325715217,5.452113740696609,5.4156565905917216,5.639670425725283,5.452843823658308,5.7635110311790925,5.625850732958997,5.539679921117774,5.58666298629686,5.104903638018787,5.660011688360739,5.735761359698403,5.3278195096667424,5.696683977834617,5.901330979104626,5.918900027938617,5.666203433829466,5.691181600251231,5.921195189843834,5.423806197921111,6.239736605120072,5.396163011154666,5.743476438834152,5.899517084909024
Dll,4.754041996856769,4.844841397252149,4.959970871140148,4.837350733000617,5.216480423469072,4.691741635366775,4.7424691785833835,5.189257466602038,4.699139914744658,4.823050399971499,4.863426743859431,5.137462592189154,5.016822807039087,5.126605582047009,4.725252508484136,4.469830097227296,5.121168894117232,5.06705454435625,5.295889486194726,5.600948619448873,5.371370985230496,5.187359668601304,4.998340195142332,5.111560604311596,5.8672769570725585,5.208647085157379,4.899459832702938,5.690012145403709,5.7229238913153955,4.938880048372798
ss,4.350859448525455,4.714985722266423,4.548160688464009,4.737745277924966,4.512080776707183,4.7461672354387865,4.592493427752688,4.899148549188923,4.4792737716924576,4.442282617779079,5.042703202780265,4.913032541082167,4.614664995758111,4.867590421449935,4.439119533328536,3.8605566999186545,4.66859435305696,4.963946679934393,5.079384432393535,5.531621552209808,5.442874546280142,5.430745202808722,4.808704821467886,4.727289555674325,5.2817521886444405,4.716533198403839,5.1613165016427205,5.090309200732706,5.198029134674513,5.109598725989479
prd,3.1180242001015266,3.0672534568436918,3.2490753965211856,3.2977588439843073,3.336511210470798,2.644024186972128,2.468762399586992,2.9429525355065227,2.658489672175231,3.226620277830672,2.7128630754175487,2.5434278274376596,3.173320320087832,2.3299979599334093,2.479735946427586,2.8031943607132574,3.8693276687477742,2.9322444001132784,2.904831982854314,3.7327144034796897,2.8301445002946264,3.2859460142045567,3.2806956093012145,4.308135492129863,4.125340503354586,3.338345180495774,3.097638690143181,3.366707634714697,2.8866541661512084,2.908360385668942
ac,5.130593240701806,5.1509796650117075,5.117328051406925,4.98502720709913,4.973127473315196,5.115293445402987,5.134008850197514,5.083659971056042,4.931696900956237,5.210410977443926,5.135024051783388,5.185841891606921,5.133525240342881,5.105399445996137,5.028520093904562,5.374109938740201,5.345917435624392,4.8314126903947034,5.5436805503938436,5.029380905520068,5.0493594137632245,5.01805130207852,5.240112241600052,5.171108296682448,5.499442343000386,5.33719567949324,5.275762360403085,5.314870773312942,4.946622590437783,5.0419704192211485
mRpS26,4.040989576209057,4.119656605485169,3.8752873889114126,3.870761626040605,3.9462742969112474,3.950702514659817,4.049846535256212,3.9272662769879045,4.106540059048356,3.9557550959152117,3.9655636817917963,3.9167613407104382,3.855249526148125,3.849036284120884,3.9672143157966633,4.107180974552228,4.551983811372348,3.9093534952692877,4.185603461579491,3.785521473307856,3.790695318471648,3.918482194911107,3.9949180062771656,4.361494113986136,4.34524722341785,4.361020334499038,3.815638824812995,4.183210268709576,4.063018580212327,4.009984505904677
TC008143,4.22175585129588,4.010340920984207,4.084488965511976,4.049603387162947,4.205474209625054,4.252337246060771,4.208516089432104,4.210011823224205,4.113799095467336,4.114942751866888,4.12437156799513,3.9073832700093143,4.002112301216844,4.133741510293644,4.1173674790471235,4.274505748631443,4.126863588294029,4.447417790075054,4.444450851541784,4.467255256236185,3.737881749726817,3.918482194911107,4.297517835569162,4.222346878162355,4.4521298404793574,4.217830924993051,4.2292528607407505,4.362987011209599,4.230226964497625,4.283210508780324
TC032830,5.856344681992263,5.811701237801785,5.768823403948736,6.014422661561004,5.880380320279199,5.87387615881088,5.883511570157626,5.770835005618645,5.9476935548290495,5.855670788861463,5.949802606839038,5.983370743122283,6.022218947159122,5.889076495645132,6.000939152509304,6.256258908730991,5.692161989667533,6.276399260553021,6.034164711341539,6.0515894372850205,5.901330979104626,5.913118538942902,5.980348642654352,6.0118365027002465,5.873413457032263,6.133054734847168,5.966349237948866,5.881428429926045,5.928650452119859,6.1820486742077385
Arl2,4.587083157028699,4.455712509165289,4.369926923664986,4.3605689034547686,4.367713168184876,4.407111800170593,4.381327752129552,4.402351136305927,4.373500497064357,4.265648600392665,4.34721713888841,4.148950690884559,4.3753615092828415,4.431524635734433,4.399023153227741,4.654465341032194,4.3913242571920765,4.61467109637263,4.4187843582693,4.5424008996360135,4.2714645156744755,4.579888147186456,4.2064599995101135,4.745150005344888,4.4521298404793574,4.576243124548174,4.587716203937291,4.362987011209599,4.4254379174631815,4.694023494432232
Xbp1,5.535938510563324,5.616824145774742,5.592073472369989,5.53330178649424,5.617754278455272,5.684250080213212,5.620019144399577,5.660060488609186,5.593620518937985,5.538629539109539,5.657853253407122,5.713699375499632,5.541611249942484,5.555177074568419,5.544808468724785,5.725274618545501,5.660011688360739,5.653595094646689,5.677777947963162,5.575510856608516,5.6391641453522015,5.7149782156291655,5.6587942832188896,5.764065813530237,5.542942645460117,5.821626433698446,5.523530946472624,5.967706364651673,5.613303172126145,5.752721495972654
Polr2J,6.172794262812054,6.277851261128822,6.1010581389483685,6.158935855217796,6.141346862247345,6.148520148084823,6.121172929544956,6.192368440111674,6.089675043157325,6.148059848283761,6.155472406921814,6.172341182056102,6.1110082825219925,6.175453535782101,6.1922293433122135,6.2520027082414105,6.112215556184397,6.292966202373975,6.3802440940879706,6.046240150608217,6.148566420906855,6.286241056483889,6.346464801886045,6.111449044544464,6.288094400735991,6.228167627716436,6.318994488497352,6.269798557657987,6.215666784976325,6.136266068004287
TC012851,4.7740723534095935,4.890352009575993,5.131231067531374,4.9123431308807515,4.871221306193926,4.671563012276665,4.8020986279550755,4.813126441357592,4.834552675712261,4.784151323795667,4.700001690915333,4.7485648481780975,4.7446385743031065,4.887775223683563,4.721026008442172,5.23093282990918,5.323298777972404,5.05295991891345,5.131708948833636,4.833447986488249,4.801957101458818,4.929059333170608,4.859590111659665,4.796893605298884,5.303620578045401,4.554492936007506,5.275762360403085,4.8687034953563515,5.243765792444962,5.596806729110351
TC000383,5.430604626868094,5.389200576226498,5.282165515121969,5.46699937987094,5.392338139500482,5.3600203969164735,5.374105370427833,5.354661685274022,5.421541730729185,5.390092514595151,5.419224081213176,5.399954463386031,5.314404175173083,5.378057882611406,5.334636817845063,5.374109938740201,5.5009840974605755,5.71401352499104,5.5436805503938436,5.4762779362185805,5.39232756151232,5.392450665299808,5.251352248317411,5.425011493146196,5.259394860566656,5.593015883406112,5.548537894232039,5.443807143329173,5.541256147816903,5.530371162639715
dpn,4.704265924902335,4.762766088390098,4.1746807532888335,5.055510368105977,4.71555306996664,4.407111800170593,4.558612895524991,4.558781068532339,4.813219286946083,4.532959204159607,4.442418940157627,4.663815957877065,4.537756135790243,4.740959687706893,4.357251653409576,4.390741039763685,4.937239766995162,5.572546435977154,4.9351744092308225,4.634544402379924,4.682860792144655,4.989258375958103,5.094345206226192,4.937770649154803,4.810375876082206,4.697657029776921,5.059282063162734,5.116466597144925,5.472543351222227,4.589679106545607
Phf5a,6.096509065328715,6.130824506798111,5.985776838076764,6.141628735128982,6.064068422272222,6.046700423894665,5.98544689301184,6.06810579261563,6.015818492685857,6.055697119984481,6.055257426913307,6.02390278727168,6.064347196114391,6.009945914453632,6.028812195632685,6.100302757056229,6.201637785138257,6.2117076560143785,6.2048198704431305,6.062202923885504,6.113899003940447,6.038304666930093,6.072974618751907,6.15127888288474,6.208206539218652,6.232283225262503,6.201912665839752,6.10160651565168,6.211428995691703,6.154831384349266
Polr2K,5.7441113559738595,5.863457722694858,5.923986922082503,5.89954946900696,5.873020907008666,5.854080768671013,5.804572789377717,5.913807506668459,5.788959568344567,5.7882397373995955,5.826562657832545,5.849524004317672,5.850964606193497,5.828548490256645,5.770141492953295,5.973451560961616,6.091209287077659,6.078462766530414,5.936506859948539,5.755767355906468,5.816831662980296,5.783279845367228,5.9306060741635385,5.87865498962885,5.9888419023375725,6.027935294820271,6.034448024289489,6.016112129983431,5.9058538629510124,5.968327221830532
His2Av,8.444432764637783,8.439550625564875,8.39952438107013,8.479946643898952,8.461606698103356,8.444693708964332,8.373377910711797,8.38913633622679,8.410902894249938,8.413878648015528,8.370136059482197,8.39149291031315,8.397585466252528,8.443317676566071,8.367953106393902,8.510078194745,8.51610999119573,8.526227543541337,8.465953770683317,8.367965307448225,8.382163297077621,8.381396872250217,8.493536800748185,8.46790000790734,8.516405417924997,8.461471028344851,8.531017113473805,8.480638028490354,8.500653186726913,8.489029575263086
TC005398,9.029516400171525,9.057202544592494,9.023461576206154,9.074924459628182,9.057130809020574,9.064620549471286,8.996808515808462,9.017583029393846,8.992920255268967,9.013166597237884,9.031754892591223,9.017560696119265,9.0287248418705,9.021277779375486,8.992780233187846,9.085409956902891,9.082393495301918,9.124921518285499,9.085489705401613,8.970449062869928,9.016939189888936,9.014180477052825,9.050628136112412,9.067266964760682,9.062979389922313,9.043845171394334,9.081509300862132,9.150870914225287,9.130400093718894,9.107871002563375
Polr2L,5.586478973909972,5.6299779690110885,5.458079165387566,5.595480198277693,5.553775607066875,5.499347177264356,5.5026890776020645,5.483234360637408,5.5886680518724425,5.6157829043043295,5.50586617476881,5.512041991141525,5.528711197662614,5.530965473125383,5.527941588739452,5.725274618545501,5.556850843767539,5.811685941581679,5.647804949925961,5.3554569176205336,5.597815074253709,5.529068179733209,5.462195298396689,5.68428459881246,5.624647482711477,5.660721887477191,5.70095486729644,5.819475529996412,5.7833561337228145,5.7105986901310715
Dp,6.093333214229906,6.177245663587786,6.065897267715062,6.162541601888537,6.112699434687578,6.128778868587423,6.058361486271871,6.103742624366042,6.126105001285806,6.062348233366345,6.090818480921527,6.076946129210512,6.091125684121576,6.092132926693827,6.106993955586348,6.289671678423957,6.152948921317036,6.31329622090447,6.169333676053807,5.938756523329037,6.241466911049795,6.112242224573113,6.214784436815268,6.142563893575004,6.0522010459949005,6.1239421588126,6.239736605120072,6.206743079493156,6.163588055564972,6.150222268069474
fd102C,1.6537256657811548,2.1141786323333593,2.080614383105058,2.8949856260844538,2.736656438314406,2.3997218050966973,2.5077870397540822,2.1785911809379037,1.8421175028740129,2.9206192730363245,1.9317120086119555,1.6525654720555392,2.380339372480508,2.5594539014217634,2.62759127322305,3.04094699253053,3.288423904523787,2.9322444001132784,4.629035903975126,2.0539612368361797,3.623069855055995,3.1110776497429082,1.6612161629246978,3.8241871154332516,2.271962087616858,3.9750869216317715,3.815638824812995,3.833049549913753,3.61046013505192,4.36907136656292
Pfdn2,6.387059390501004,6.393904986580578,6.435991650464233,6.372033740656829,6.36481304968427,6.365258508435533,6.329947705239005,6.361859520076417,6.307739851496289,6.341957905948478,6.334062159452864,6.344479877556621,6.400465465905902,6.374742689475228,6.35273729833017,6.493361229068268,6.395436186893075,6.529614198551037,6.507142304174797,6.425546954335396,6.427154788466414,6.437841063669007,6.449403842987595,6.484036468760885,6.3658155144862585,6.472143270457535,6.473975977343834,6.514332279084889,6.4518575059305014,6.542571388310005
Polr2F,6.019643521496619,6.07693308635506,6.0915907618697736,6.043221119527857,6.087190001355295,6.062041357617233,5.969963538060958,5.982371147462155,5.908808404088782,6.060136107190507,6.009507924966928,5.9666864597780345,6.021085983559882,6.054479540397331,6.011482796477672,6.105254446392307,6.0254055804125155,6.128113022482597,6.2048198704431305,6.118645157644964,6.040736014174164,5.936046606597697,6.0531197811221045,6.2304898694734066,5.921195189843834,6.012704906090274,6.188979941101152,6.193640428120199,6.108647404567465,6.093189317395038
esc,5.713580667597975,5.628343172236411,5.5530018397600935,5.714964306865673,5.65365154756577,5.66632029649814,5.562172006324428,5.675980080590221,5.598548579894305,5.659700875390197,5.632178021505854,5.649793395656265,5.596820671346629,5.644994720836816,5.581302027579224,5.703368208248167,5.8458307970962125,5.669045358287712,5.8533548976626735,5.726661959112093,5.869670528544496,5.707884292028329,5.730525620305578,5.724970625529395,5.685521354219364,5.511985768781265,5.679521328392377,5.7465784865735605,5.597735317078599,5.724837686135828
Sox15,3.79936839520559,3.4923218885060137,3.7405640994326133,4.3329186173357765,4.292873639527876,3.950702514659817,3.8999556318781265,4.326143919851831,3.931853478315939,3.53245804906634,4.292889703692849,4.240802041627551,4.195553509323406,4.060321289619829,3.9305475175285784,4.8102653831278115,4.234392513503348,4.0347775513246855,4.249190716488238,4.440897198309545,4.391228518774548,4.0758766169298575,5.026723432893264,4.506356166937751,4.927253524478366,3.849810868653383,3.6651520315336357,4.605336001645034,3.9874323559880707,4.1559001810876435
TC015373,5.015974008171668,5.0714196513255985,5.139481032118215,5.128968387979836,4.679662056125222,5.376271160824765,5.091585043459089,4.990965115550439,5.1692544057975045,5.383579360096001,4.8910907480103,5.008301196097983,4.88467904669442,4.989043149841294,5.126346056825919,5.7180256724892455,5.264407218490819,4.8135391788662485,6.213498090915124,5.044099768147005,5.15990972189231,5.311159862039696,5.19384455898174,5.248933005395872,5.126605827975282,4.918975594405725,5.378445092821235,5.2147478323367675,5.15009995598244,5.331533846338448
Hinfp,3.927458902229428,4.0972168595850365,4.060610082526298,4.019376245405805,4.065666010417283,4.119952499838378,4.008044244802387,4.070766339911359,4.076965214665231,4.075445620595072,3.9569208021776476,4.031290232802821,3.976168486626484,4.112275844944794,3.9938582276995476,4.107180974552228,4.006363411736769,3.9093534952692877,4.392441703324787,4.233922810548535,4.362605195098378,4.302898820868757,4.2064599995101135,4.308135492129863,4.013948899709014,4.0135851558123425,4.398801006588254,4.183210268709576,4.1989474815051935,4.009984505904677
TfAP-2,4.255627667218322,4.445085245112678,4.5077797074601005,4.376799383332745,4.457823111228453,4.503244630861943,4.548718098918739,4.307701159906479,4.42248723437249,4.491309926856918,4.534225131115294,4.636924487636368,4.470596355786002,4.531476219198718,4.519981337608035,4.6957494312698165,4.600271646451668,4.498125474904259,5.2850154927628,5.1008999366146,4.908366995679358,4.959611776774783,4.808704821467886,4.937770649154803,4.862147401216887,5.100078640458834,4.473887089149408,4.978248495204939,4.884560668549182,4.497579033592404
ind,4.432238458921475,4.326097513796083,4.492206301966496,4.488396945441839,4.165545044015115,4.306634361036527,4.5029384146549685,4.230328080991481,4.453860726758578,4.304841658951962,4.387521288131105,4.490416063049247,4.421309379804175,4.360751984555113,4.483057845453026,4.543119930443292,4.474877006820956,4.073317663124982,5.024170160239825,4.656312188333298,4.661555708142924,4.4877978134643,4.617535484454106,4.796893605298884,4.615434624350286,4.4130092199737225,4.449479508570621,4.626629453555172,4.747530065220158,4.611437203738146
TC010699,4.695723590559047,4.735172363732367,4.870913627580327,4.774468012636591,4.8336467918859825,4.7461672354387865,4.8325044139611295,4.79423443468256,4.820381103920603,4.849406560466449,4.904640957779321,4.815352541218536,4.799957826875914,4.811683291434519,4.840641434195689,5.063774737884783,5.048595857014767,5.00944339220874,4.980661988649835,5.072903080572474,4.973495308694136,4.897543940032178,4.9691277565088745,4.8460910141371425,4.6780073495935,4.903585567165034,5.045763395225913,4.948155003668011,5.060264281629147,4.891223026944331
Awh,4.4210105521789265,4.257618944101188,4.369926923664986,4.464105213936385,4.492689620290915,4.227225343244946,4.415987643058238,4.435656083303429,4.236184464998285,4.285437129363943,4.358899316935923,4.234028440452846,4.633002274690136,4.595936431270735,4.509570147896726,4.735396504873257,4.501245429404183,4.569669334374894,4.709947824490951,4.589533578902806,4.391228518774548,4.848326497796207,4.574489258784229,4.361494113986136,4.477156263016151,4.678417685043671,4.670283395574282,4.306577744654123,4.521962374305042,4.52141140897662
fd59A,2.141668116626274,2.906715356226272,3.1338733293257834,2.941138992195164,3.050311327024643,3.0870131814217783,3.2544354886116027,2.8672926982586953,3.3319157924071994,3.1483145472626752,3.126298660572382,2.8571879360856456,2.905904216032778,3.5303358651349566,3.5486248038047976,4.469830097227296,3.7662836233192323,2.493706876281756,3.7877160811820865,3.972621590399589,2.8301445002946264,4.211833929836531,3.824064953572916,3.152641118905159,3.3765575214029697,3.47670203612676,3.1888353571142325,3.8785852853074725,2.9982220976861202,3.372658267144033
pan,6.884315064530327,6.754180897746305,6.837168378110616,6.863155618036997,6.772212098385457,6.776131210778956,6.821963654682628,7.024654147865934,6.913193770875884,6.8436844521894,6.889108732944642,6.879028310322462,6.915736568537246,6.888045642186764,6.909828134771599,7.395238001130325,7.006141493949946,6.923721816274362,7.1102524781908745,7.2849546666465255,6.957767327282541,7.328838179622108,7.01026852905384,6.9600589114287645,7.123288834716025,7.053477661502008,7.174481805179174,7.203540536471203,6.975328623279249,6.902864193047621
TC031421,5.26303781410776,5.324827872716488,5.337589036239939,5.332008687211619,5.362019684561191,5.200494945056827,5.306531588242853,5.303273256951931,5.346419148384278,5.3503616544704435,5.330969142317349,5.276098720091518,5.298186638684236,5.297379844931205,5.285285015856746,5.543605340415894,5.357037761761006,5.335482500709503,5.482772805924062,5.437603826877272,5.259446152946661,5.458533437859824,5.471206896895826,5.37912814811348,5.3664949299823945,5.366907181498224,5.4804107502755555,5.356342718370835,5.265872871183031,5.402297786260173
Hmx,3.35712362874573,3.293794148071843,3.0708801978335796,3.3882617267804616,2.8936933484759075,3.567189115989847,3.3244822122201896,3.057572754671047,3.0403265027650273,3.127741046350868,3.503460912085383,2.8571879360856456,2.5759611408614007,3.281840595438319,3.2659583955000375,3.812818795641218,3.449721048014456,3.1446753097897453,3.116963525933131,4.054496142737224,3.168959604468041,3.6231902198891794,4.033430431893746,3.7787063775911585,4.089571124328201,3.5982221772254483,4.197973834928042,3.7853409762103096,3.551524049494587,3.2954696777553703
prtp,5.715129543935771,5.655777655941176,5.641349546686209,5.667394041949565,5.665841504810065,5.687207370038201,5.5729416266738045,5.6056517710342515,5.632381309576085,5.6036216988747025,5.640272571994095,5.558292365069355,5.613999063135433,5.611645775890842,5.60081994051535,5.767698288006629,5.7309486841131765,5.74290678874369,5.576888696807776,5.926740127388198,5.796274395154917,5.769987637153962,5.8293103090001255,5.656210830387804,5.7359062719104426,5.710385080062377,5.762629684576651,5.780373576269866,5.7089837065249345,5.83832158982194
TC003355,2.6822844205978806,2.9312884505725867,2.463659913665283,2.769323166320777,2.5502801127351304,2.3997218050966973,2.5453457843907867,3.2536250585279314,2.62700086082034,2.5541203073055407,2.904164992772409,2.614549890263386,2.422645103491955,2.8276098315166505,2.843127711181954,3.04094699253053,3.651388649796954,3.2360613538961878,2.46715496664961,3.7327144034796897,3.4215732579347784,3.202329339824245,3.617881254676567,2.850087470824311,2.9121779638943477,2.2365264101728357,2.997282930133519,3.366707634714697,3.098582567558361,2.908360385668942
TC034534,6.239098295742241,6.13969420812666,6.1882317837797745,6.190928873670546,6.158149492367738,6.24431294778562,6.241574811344988,6.228461078125025,6.143359039261036,6.224186139996402,6.1988262318933245,6.2182325225524995,6.200163765480015,6.260835346554332,6.236930468764186,6.3140184228618415,6.2615839048932,6.288850126758044,6.234869764577503,6.195443116110284,6.26340349084334,6.198672855311423,6.357618625259364,6.314995977716675,6.284045154067722,6.244529354636422,6.231454055249734,6.2023945766708675,6.232440604675858,6.323679602108368
Pep,6.753535854149106,6.7547114870362135,6.6628522410401265,6.739737980828395,6.695182369914259,6.690577772978333,6.724148101103325,6.723096992558351,6.691947402195936,6.669534124028531,6.693584417284286,6.715839132270298,6.728783751811078,6.761906530601149,6.691077026297345,6.7620573981668155,6.834992355029261,6.827416542411391,6.741519541006514,6.732818814009307,6.777800373843317,6.677679152703008,6.782043863392903,6.87119970436799,6.820570565150312,6.727414648388353,6.674366073755265,6.8221752328647804,6.828560342658584,6.874162225474737
TC014168,5.16337146690275,5.057039065084151,5.15308150336182,5.008126824902543,5.155304667932912,5.064316112445229,5.208684704902992,5.28007951275254,5.135982828969841,5.17078697230378,5.140354513627569,5.1263862125965565,5.197523022100427,5.219226475942831,5.154195040404476,5.1572361988125595,5.400322221573297,5.173184245038376,5.295889486194726,5.044099768147005,5.349965813056326,5.372739050004988,5.284333557534883,5.301032938640329,5.3250209573663945,5.29615519893259,5.242782522155658,5.293471473556517,5.15009995598244,5.504274037379634
gcm,4.380689352123845,4.191015091177956,4.068633232945103,4.071688850522726,4.250128453372824,4.188333990200991,4.0580013190348385,4.175206349945062,3.9826000605068703,4.083470835160523,4.071609918710502,4.0478014504829565,4.122603512839596,4.105016993076436,4.028313880844251,4.444155861784104,4.690369207373842,4.421065945971399,4.279529682090463,4.297554957546868,4.333138373773702,4.53490268464371,4.326116660325354,4.436545976865691,4.501571625267173,4.361020334499038,4.197973834928042,4.6679025724437215,3.9473828661689874,4.39612803908089
croc,2.246314268416674,2.4785674029746163,2.980197326807017,2.2994503642630066,2.321023413425325,2.3997218050966973,1.654248490954899,2.0084029655195015,2.287452051463912,2.1506439483345168,2.3104487462989773,2.1940843526255627,2.7692326562697107,1.5117028996241046,2.4390844691261337,2.9291198865168306,2.85753615010508,3.468762333974348,4.217902421281257,2.0539612368361797,2.5169997798354964,3.434738768447209,2.8938569916914623,3.451333509649486,2.7863818924975994,3.4099145296398286,1.6542428844382906,3.2895360553367254,3.7689149067030336,2.2683416807259555
TC004945,5.951150244561475,5.886470845019332,5.90760633277883,5.837998374202872,5.859386350220435,5.914683678861379,5.893926593955652,5.9063090655925805,5.919564280871733,5.798361165255891,5.841176917716563,5.903439568283089,5.926018477552488,5.907264030137601,5.947728857137689,5.995742605242716,6.1479470688814235,5.965409047035202,6.059681058962487,6.1720711511527835,6.05152134063164,6.053535992954988,5.964041173204279,6.097811919141079,6.097217681272849,6.0228842286555935,5.893271910157923,5.7465784865735605,6.065365685394514,6.0222597752085525
Rfx,5.1579824988103145,5.171857415491714,5.171816662860754,5.239037398147556,5.100856906158949,5.283435349903661,5.270951457718844,5.209605597498268,5.174276262186593,5.292422512112955,5.229312655051906,5.211741183703459,5.242969210751945,5.256766357413776,5.37508243209392,5.602469749856365,5.684220798008184,5.2917358745281655,5.338240239047205,5.447413476392369,5.67105487522697,5.594953890029434,5.157682472424387,5.369693325489809,5.685521354219364,5.41454502242879,5.4804107502755555,5.154462890574885,5.436331270325739,5.538921020993455
Hey,5.559721737825901,5.550098180829263,5.562016757506274,5.395986822136641,5.490849247949834,5.4080012596639895,5.803155611994096,5.585109085547235,5.546414905266269,5.502545651111994,5.352699543261327,5.487118942117776,5.519393914202691,5.5854689875841235,5.541084782056058,5.602469749856365,5.760930016264297,5.72131548155445,5.755851999981766,5.7909968386273265,5.84360004838546,5.907303429863846,5.680859054684253,5.68428459881246,5.7429012711979714,5.6534214353211265,5.556736481832548,5.825846416056652,5.7229238913153955,5.6515242393003
acj6,3.860531170131335,3.9420532423918866,3.7405640994326133,3.7677142651092597,4.3106480867004855,3.7969644283338226,3.7460079977851035,4.12434919016199,4.084441329629115,3.9557550959152117,3.8755772951080925,3.829013579587725,4.04391008420016,3.7605381621113896,3.5622114636121687,4.070073296162765,4.3913242571920765,4.61467109637263,3.8809652961704333,4.093049548021206,4.2714645156744755,4.331499732064946,4.380971727382122,3.867689027969287,4.400115839479195,4.154273959410179,3.9864622062988277,4.183210268709576,4.28999539117493,4.448139523024137
Hesr,6.4601997737887356,6.845904785387516,6.547836781315327,6.715706246904703,6.754014025743283,6.595229449328082,6.427225579124818,6.569423802343192,6.659583200225636,6.577535993871535,6.441659700294732,6.520724839940366,6.511924523000318,6.472222629431059,6.465435343203991,6.831314596446475,7.11671211174023,7.328129635470843,7.166777910788082,6.767310365358513,7.207665407903708,7.345587439793672,6.950782505988774,6.5817498422529805,6.853248646135838,6.799826396902394,6.887594545691182,6.994100311997418,7.21047862865709,7.183742567261041
TC006580,6.809989976703168,7.049371480660883,6.973820305075756,6.9697950901073265,7.02766054420708,6.874044909096318,6.701304689666456,6.913316128247229,6.937969461202532,6.872598171030868,6.825131299838412,6.830072422022443,6.881325844176385,6.8034589689031035,6.72075447412335,7.141181633137793,7.448864874943111,7.448915071359029,7.35312616608989,7.055356665398841,7.287131592836852,7.54790107563249,7.2534352176124575,6.879612108764758,7.325723740169263,6.986222722841358,7.144897393957201,7.26713134028631,7.328353325177116,7.610636668490265
TC032655,3.9637837845452477,3.9331798306157784,3.8557057934561416,3.674711901692656,3.885272374493047,3.7969644283338226,3.7348506653274973,3.822077268331656,3.7924297608237905,3.777255069240027,3.8849491803241323,3.9712546419198214,3.9035023492175513,3.912831424052732,3.9581728868374175,3.9914525883718506,4.1998185101879395,4.1462091223864315,4.006319889971208,3.9290250992309432,3.9342149658027497,4.038789049911474,4.140795615932486,4.060659009481051,4.013948899709014,4.0135851558123425,3.767949236822888,4.277133170871446,4.098771856052136,4.009984505904677
D,4.981119487823937,5.062816139334761,4.852839103456424,4.774468012636591,4.976150577580155,4.963013643130078,4.8583716118792735,4.981521285020117,4.984543617887998,4.955098513087695,4.7522848015969394,4.9988562492008874,4.724115855206664,4.825955819905872,4.866607020812483,5.049680408127186,5.345917435624392,5.564068231163076,5.2850154927628,5.265953035045667,4.957606556636741,5.34242338069822,5.628596211610918,5.2381791867970104,5.3250209573663945,4.963773627192958,4.930483100492816,5.237879725680397,5.349715763414785,5.266619337320861
disco,4.281922576592238,4.455712509165289,4.404785806029466,4.544397006965188,4.3106480867004855,4.453801895808373,4.229259691991174,4.689793200049982,4.156280371335097,4.496611943308566,4.6875380319767554,4.536665292625017,4.562431567077104,4.721485894842904,4.499049423932526,4.715769441509594,4.867557144901239,4.657734611333418,4.649885872310234,5.289091166741925,4.594773634218043,5.0732633914342085,5.026723432893264,5.123757198222776,4.845186301353623,4.805912778947214,4.930483100492816,4.932761693639018,5.349715763414785,4.841180661425245
dsf,2.713903145077257,3.2238318422172765,3.2670485660451263,3.0275084088627664,2.5502801127351304,2.7041106451492123,2.5815447859255665,2.2294407973243215,2.7753770243012807,2.8681247053725434,3.2391942262602114,3.196483724467653,2.9797548712581685,2.625564313714384,2.396710166537745,3.316609718248717,3.1968380419637326,4.2141464842940906,2.7790927225754802,4.014396562920616,3.4933455752617144,3.363107252698283,3.9548627575558597,4.813563124955002,3.299357840524668,4.086401687230508,3.349527733663133,4.183210268709576,4.566941623861233,3.1205309286647362
run,5.496282952597768,5.486172469201098,5.621253079985508,5.3921058954047405,5.355844106965898,5.559836034152406,5.5365824519493065,5.419993433616695,5.504099946127933,5.571653523694992,5.559719538020318,5.498699120541283,5.483174713701122,5.484384057714186,5.563221711394862,5.710723795285557,5.684220798008184,6.004531063211169,5.6703685001346695,5.575510856608516,5.782330953042497,5.6789943882891585,5.565318425109529,5.78305479305384,5.749847680162988,5.864062591227808,5.453616953191914,5.660481983291618,5.680506446589567,5.86325094551442
hbn,2.246314268416674,3.0882199201751916,2.7985399399372377,2.6255689935136886,2.183102492747303,2.3997218050966973,2.6828866990598814,2.6320913641997534,2.6890171330666144,2.9206192730363245,2.742536290804638,2.9096486328619027,3.3186582597874064,3.0388520272131245,3.0876313354363085,3.654189790979352,3.9627385553202217,3.1446753097897453,4.006319889971208,3.063213237196776,3.4215732579347784,4.038789049911474,3.197096774899341,3.5727598758380914,3.7953106665593443,3.47670203612676,4.132318199117602,3.5678566613950986,3.098582567558361,3.5738459252429586
Sox21b,5.738079333050709,5.706975676042994,5.495218920723269,5.629786661359045,5.76797304897544,5.697489551493877,5.7157739033260935,5.585109085547235,5.705667465031386,5.676091784945941,5.556218151651925,5.7167899350440505,5.695725050911494,5.544872369344724,5.715258265247983,5.995742605242716,6.053351858299895,6.083540202991442,5.84714228683601,5.902265281182057,5.938046062960838,5.924648283366791,6.106799357191982,5.9067481261621895,5.944256302693714,5.770814894837721,5.893271910157923,5.630053186592855,5.911601915503141,5.850863949753562
wor,6.314113862333303,6.347971684923624,6.290310971559806,6.356590457204133,6.294651829238844,6.312950775366514,6.314759181551225,6.331166658031234,6.27828408530941,6.329348542494758,6.325160284535554,6.243150007422425,6.3347441138590765,6.306194093170491,6.306970583682392,6.610231102877443,6.664918755997809,6.513271306091258,6.572593672065136,6.425546954335396,6.668233479990745,6.523288343214267,6.514686504539,6.474661139929641,6.514900636199938,6.513291124686192,6.454204211136959,6.471975783095803,6.471694674126673,6.46472665993059
pros,7.441428677415238,7.450719798239538,7.445276204468791,7.397313589566731,7.435801107296166,7.387157761955527,7.394125992641344,7.426124951346724,7.434306676216701,7.394641044037165,7.443251599990193,7.357956340235322,7.44808086774403,7.494823664304129,7.414158848556261,7.579721039510328,7.653146818893635,7.711244465197346,7.5982896574690075,7.647313438198282,7.621847782766305,7.597527213592547,7.593150276436878,7.624297923494505,7.5741834273594,7.547924680773717,7.580231413396906,7.472853504795779,7.515418844769209,7.622364360470673
Fer1,3.0755815316032504,3.2238318422172765,3.4459800244781196,3.825233617689271,3.050311327024643,3.2346227916419794,3.272412502910929,2.990388431615888,3.6066310600347045,3.4899635095121573,3.372274253045936,3.464149410020239,3.762053941071785,3.56842920939204,3.4479691525330276,4.304855532671076,3.449721048014456,4.67859033574441,4.365386294757208,3.555166991878981,3.8886259951535136,4.273455751978052,4.755090743038859,4.592447236421516,4.089571124328201,4.554492936007506,4.289020452631141,3.922137510333837,4.28999539117493,4.085601408817592
dmrt99B,3.097028021467188,3.20554878233563,3.048968710256018,2.6855723368232467,3.1298982104857984,3.1817893111038202,2.803777175229575,3.3710716207171627,3.266597048184924,3.263587646480036,2.9761334852244548,2.8018220006643157,3.1334275010543986,2.9504229023412187,3.209976490879741,3.654189790979352,3.7662836233192323,4.366182796770123,4.006319889971208,4.612292216045036,3.790695318471648,4.146164044894289,3.824064953572916,3.9493967064061244,4.089571124328201,4.217830924993051,3.550563921529823,3.014201154244303,4.450456456452659,4.611437203738146
Cox10,4.5229046236825985,4.593728509713595,4.651471024733166,4.676030977030536,4.502432199881063,4.815589992021966,4.734243015593058,4.6982260173116845,4.6238724156905215,4.532959204159607,4.662134776170485,4.728041416144621,4.852376610717043,4.804469903744456,4.790554452549052,4.6753204180363905,5.002381429891909,5.269123318274674,5.358761474142449,5.24226682363973,5.0922605584605485,5.430745202808722,5.081181727069025,5.340842707443706,5.100446818499103,4.949062812292728,4.960572814412189,4.80025928192144,5.408284826556949,5.3825852791974285
scro,4.120314762117729,4.141603840789302,4.950090669149035,4.194844265021485,4.545136008134548,4.412408552226337,4.276050887499661,4.446515717910727,4.310173609848567,4.643858473209251,4.3931486731989065,4.260851830674879,4.707388930433057,4.1266373629497615,4.627874733430946,4.896597721482875,5.811327091294645,5.2917358745281655,5.991933931193163,5.154646513728867,5.5003401974239585,5.421308170657791,5.2056137130137765,5.425011493146196,5.3143780136429095,5.78376186741011,5.208677810608758,4.978248495204939,5.445507966532305,5.48648973876379
TC015977,5.990693900141275,5.9850850498113966,5.9904654089892935,5.982618135267593,6.043518755997816,6.000293052143832,5.946893850493058,6.004219382174954,6.004963686349339,6.026353216424219,6.0150653293896115,6.010190363461256,6.046824809491628,6.0088610372968505,5.997399754874215,6.090325208028332,6.206378785435656,6.108547732181657,6.350553284614141,6.072704946375673,6.138783470268281,6.181087379989449,6.180069102201929,6.333245250766469,6.203819794861305,6.177412147652943,6.214680268416594,6.148681878555554,6.277168516511229,6.09806828704165
Rx,3.465539430228117,3.8200617847801683,3.4002682181644297,3.7872573060428656,3.9462742969112474,3.579414897050956,3.4661657191466158,3.5316017094954315,3.5823166898527137,3.5732201709708,3.631508079451082,3.7328190224404825,3.6947194056440322,3.60512454284029,4.268078951027174,4.896597721482875,4.419957893783321,4.522546591126708,4.365386294757208,4.327914356236879,3.9778158861014896,5.222671451849191,4.552250729211401,4.308135492129863,5.059878709373677,5.074263569270824,4.88357965521005,5.049743678158928,4.7835879081669495,4.341262224002149
dac,5.9535918622559345,6.11082777897589,5.9619984627158,6.000764712825114,6.025713249854887,5.824920316862704,5.986628049331359,6.031151896559462,5.891843645276345,6.0433873154874425,5.98924159155658,5.916160241411196,6.068680235513903,6.003418926594313,6.082330543298996,6.466190415110081,6.238950961800251,6.276399260553021,6.361790896623695,6.38050126920703,6.133855869495124,6.658603253406322,6.25245070104234,6.471516395435666,6.413276629627372,6.422460630690153,6.167046631537569,6.245051411132704,6.465125911574038,6.271867284351127
bi,7.0793646174370854,7.162437820736587,7.164769796057424,7.259147408901678,7.324872439622107,7.212858083884711,7.173948751562034,7.419241038917933,7.051485499822725,7.129454340437644,7.460898948384072,7.273472784291135,7.253447069545938,7.14666673196488,7.294012197740673,7.608693984743714,7.483747779865611,7.692166627580098,7.596123896819572,7.7162744875275475,7.583181953067431,7.931085303477702,7.579080306015629,7.959919860080772,7.823023104021738,7.627333273199284,7.626630095860731,7.662798742482547,7.836131835013542,7.836251963441247
erm,2.6496332179149102,2.906715356226272,2.8804634863548477,2.4576233170018824,2.6163410995144036,2.7041106451492123,2.5077870397540822,2.726888957058836,2.5261086951017915,2.754066839530116,2.2160519882256247,2.6482997993806214,2.5759611408614007,2.0317058743374923,2.592626025326799,3.812818795641218,2.712908322954073,4.0347775513246855,3.966255951848145,3.6179178784960633,3.840858980255838,4.211833929836531,3.6735474733957965,4.335170653661913,3.888575490392663,3.8933368218608573,4.132318199117602,3.6268201239014077,3.8621249654777317,3.928178496465224
Optix,3.850593641013604,3.7149196632013894,4.449451042846775,3.8971155853900856,4.095235142040012,4.246118142012879,3.9188013421269865,4.131774779249198,4.13526529879071,4.008814219363597,3.7972616252420055,4.192394070859885,3.8352770195144514,4.090339278115629,3.801146120373107,5.035384584940227,5.288381608717799,5.038663791526352,4.887518695110206,5.086999483387339,4.703721422209885,5.199269348648132,4.698438540085688,5.193968754940166,5.335551820657692,5.253358045531679,4.989783522113338,4.948155003668011,5.643730145718281,5.185142693458265
toy,5.4119175186750095,5.297871878840553,5.423637708287571,5.315353483925199,5.351705765303902,5.499347177264356,5.608025061073965,5.588562306102665,5.733255023525467,5.5311403810603466,5.640272571994095,5.547385793946667,5.600280038606773,5.484384057714186,5.432839804122283,6.064936908506755,6.080538327461085,6.0733594180859685,6.3467791745590185,5.973962903387212,5.979243156804518,6.2496465954425595,6.292702627763086,6.311305815713041,6.339294775919396,6.198874186095271,6.2356039052394365,6.148681878555554,6.257085297798502,6.1315703796742484
tll,2.341039588880971,2.356945281461606,2.241907469835209,2.2994503642630066,2.6478040225114614,2.889850603788329,2.468762399586992,2.2778293688483764,2.452708013729298,2.3944698447473214,2.742536290804638,2.8298880927950094,2.610879689017041,2.687573849372321,2.694054864610302,3.7626872385793857,3.9627385553202217,4.1807546280656815,3.8809652961704333,3.6769625175395184,3.6821226195853805,4.17953795725248,4.380971727382122,4.251768448598392,3.745199616320147,4.186557293221975,3.6651520315336357,3.6268201239014077,4.166657912476118,4.009984505904677
oc,4.9382976012801185,5.184688073835342,4.923256026339215,4.943272652534161,4.844035198222628,4.963013643130078,4.897714651173667,5.018773000222655,4.969288254365722,5.050679786906199,5.140354513627569,4.9988562492008874,4.841373018311489,5.105399445996137,4.884749573220669,5.695958115380159,5.618313391121035,5.85079155654073,5.8533548976626735,5.457127830739304,5.768190338855071,6.017628495371783,5.764549715678934,5.944798030540297,5.5764298267447705,5.66796942906932,5.714992854028913,5.773705309795333,5.77023882138221,5.759572634403213
fkh,4.157736026207245,4.218191237259711,4.044368047626617,4.315953864393039,4.185708905865642,4.098491740149798,4.22239285782389,4.094082841847367,4.261460685032493,4.083470835160523,4.335396872798873,4.337257638573371,4.137625465792908,4.175338086576016,4.227285475328552,4.494861632715864,3.917123414939204,4.546385506189468,4.585984660930074,4.589533578902806,4.76381287293719,4.579888147186456,4.482404336313432,4.937770649154803,4.373057804880817,4.306179666343913,4.473887089149408,4.306577744654123,4.063018580212327,4.283210508780324
CG10336,3.8201744213995648,4.058660680129477,4.060610082526298,4.107447431691971,3.848667097630277,3.97553917741692,3.6530562164106115,3.780906514472931,3.887504220214826,3.650074763049079,3.903433499762119,3.878709531770238,3.9495336222612427,4.021485510788341,3.757709530837269,4.210894725665604,4.006363411736769,4.394000844132757,3.8354272221129446,4.130171601051545,4.391228518774548,3.6231902198891794,4.174166687326098,4.460361661285607,4.256850104560416,4.0135851558123425,4.31761595962792,4.21550805198502,3.7188354590160624,3.9699177959268757
TC002395,6.95752538673846,6.962762166866451,6.979925489916009,6.995159644143514,6.990103547684572,6.9697934864322075,6.9263955827052355,6.979795496293079,6.969661005398606,6.970802912494834,6.920073737740136,6.980368825844838,6.975975681256459,6.986249258452997,6.949831557278467,7.0475269609477476,6.903240574515121,6.9974471280215,7.025715320494876,6.9194317600558195,7.099005901699995,6.958273238610937,7.082660523696258,7.005393213261433,7.023843596287374,7.087229938438179,7.005503935372058,7.005877518343809,7.029242516670366,7.019809735572809
da,6.250036038302908,6.235967520094559,6.203468142479627,6.197901542731497,6.243285683808478,6.227251987383454,6.187056595204516,6.1848010312231105,6.187056035949877,6.178028890037533,6.189560067427916,6.2182325225524995,6.1703435702075655,6.2377921333634205,6.146454886735642,6.394846639967229,6.22512116261076,6.180023659132599,6.2004523540171625,6.157781196577217,6.326465768198431,6.359360010858961,6.288749566813657,6.189582885036329,6.323818175673303,6.2115337354204785,6.311345475304049,6.193640428120199,6.228273453529098,6.251202122730828
CG31365,5.566927295385716,5.417879491908208,5.368555372145459,5.4688016969542,5.425623247854142,5.444418024405261,5.420909670360937,5.485147614072613,5.437068186712316,5.52359471203713,5.4740105531837235,5.441442784153024,5.433427167409644,5.493512149091973,5.418183009400238,5.6186707731164764,5.5009840974605755,5.484344901690557,5.446226858209244,5.625755322087047,5.64723267905003,5.578884938317551,5.581517196311858,5.551238654624909,5.5514201567009716,5.593015883406112,5.506505333649441,5.366447430819155,5.46361252318223,5.412010210591026
ase,5.83460851909807,5.810338277063496,5.757078252999312,5.796052392204341,5.673385452974821,5.790898774485483,5.72501713718212,5.753447548728426,5.7460618478079795,5.778014817865366,5.7715435016685745,5.644831694050456,5.769817217423902,5.802205648555935,5.732349969657136,6.028274316164598,5.879183597325961,5.764041747199032,6.018536417512735,5.914577579678436,6.0132525352439785,5.918900027938617,6.0328627295417,5.955408709511019,5.909462087319968,5.8817123480731714,5.826971759166446,5.7869976713506555,5.882525441780004,5.940229442697093
Snr1,5.778106646204143,5.806238213303463,5.77319251269406,5.7036382191420705,5.765234394428997,5.688682741817203,5.698602832493745,5.754908106481724,5.629208013028642,5.757245883643435,5.747211501967171,5.662905489063986,5.68149873297299,5.680287260938674,5.743076352939503,5.933205072201354,5.651809969605052,5.837925522700765,5.913446224005742,5.831696628265649,5.882455244306888,5.742861133266074,5.95301988668947,5.813923133323315,5.823233562810881,5.730936785447914,5.76925341359491,5.5986693412442055,5.834169603297303,5.759572634403213
