gene_names,Nbs_type,Hox_7,Hox_9,Hox_10,Hox_4,Hox_6,Hox_2,Hox_3,Hox_5,Hox_1,Hox_8,No_hox_3,No_hox_2,No_hox_10,No_hox_6,No_hox_4,No_hox_8,No_hox_5,No_hox_7,No_hox_1,No_hox_9
Ptx1,VNC,4.92950587973352,5.08446645438878,5.06879034858354,5.00456195974573,5.07234726330166,5.17723664355497,5.00717956337311,5.09342690848476,5.04229540630338,5.07866576864626,4.77806142375665,4.86211850777251,4.65419383618851,5.19739752472301,4.61426612775897,4.77123973562713,4.73091876887841,5.34090848388897,4.45551737605182,4.83092703210102
Lim3,VNC,5.61405379648578,5.44706075834802,5.44718963305996,5.29293195850082,5.42369117698963,5.39671459974733,5.44395800574337,5.4228321479399,5.32545592428096,5.29770779389048,5.11485423931932,5.21647053127616,5.30957787852631,5.02728117802904,4.82268038932731,5.44220180465001,5.00641043162963,5.59715565794958,4.99425040619376,5.13331950705058
yps,VNC,8.75946251061694,8.77912284988062,8.76019331493549,8.71974150774611,8.78434341045735,8.78484629328572,8.81678619953612,8.77937988142266,8.82905697848516,8.76659773655124,8.73387904992478,8.78259156826052,8.72673804953962,8.67308959035692,8.78374570309107,8.71585704683288,8.68418592136513,8.73927297208873,8.71019482265983,8.75755398406867
TC008064,VNC,5.50521118754286,5.30134116382316,5.42953226374304,5.28819403967788,5.57143306588613,5.2022235446173,5.51718560816903,5.38738629811243,5.35766622441938,5.40599474245391,5.16788812699963,5.53545342154321,5.19101498997693,4.92997548741256,5.03733792966426,5.19727636073182,5.22216776249722,5.20186501071063,4.97810097421764,5.23933274315174
tara,VNC,6.27406259293097,6.29908029555399,6.27119808319151,6.25928917777891,6.27048379508005,6.27630339054675,6.21574227006937,6.26053797810902,6.23267548695114,6.24127185570128,6.07816022495461,6.34776143554251,6.22065254151498,6.15208354535576,6.03467146074103,6.11487270827132,6.18274320498986,6.08958535408021,6.15574449424851,6.31171543719221
Atf3,VNC,4.27894940388324,4.12939757916725,4.11141668984725,4.26997553730202,4.15256496097629,4.22316338499555,3.85558473914426,4.18911729023743,3.99577307785599,4.10156578039321,3.61815718289975,4.02507994939421,3.92692850178114,3.67337244485985,3.61466799732517,3.84993537122184,4.22595484193557,4.16221691371817,4.05584262609345,3.81224719397121
CG43088,VNC,4.17932637305954,4.29564508475243,4.05042936047976,4.22286907903824,4.1947686980334,4.1194295700425,4.24737747104428,4.19612723690307,4.14847350299169,4.05511322422016,3.83591986776894,4.38729357217005,4.19841436961264,3.90168352742037,3.95162410667856,3.17784602178767,3.92109907605175,4.05075524392882,3.97040463604553,3.18551040969669
TC005946,VNC,4.38102237175841,4.57220036958386,4.44743358383703,4.33978885112112,4.35364233865669,4.18976695470736,4.41171874030034,4.46946533225086,4.43574869702028,4.58419687911836,4.38624341169152,4.33532173919844,4.32580391183812,3.98017057473523,3.49308854038308,3.70668643979671,4.04655129889375,4.26249140717099,4.05584262609345,4.05863875511594
TC009296,VNC,5.62891310466353,5.62250628745435,5.61507647164975,5.68161341605524,5.56969299266835,5.65017994320601,5.62789045228714,5.59549447167778,5.65049646455573,5.73971431305656,5.56713070930922,5.59015838640334,5.63175829165611,5.42612356275278,5.44981389327017,5.48646529127685,5.60123018366561,5.68525277864082,5.49914380362096,5.43189408997388
kay,VNC,5.40789453456111,5.42947271240849,5.38500991166529,5.35033625463724,5.25266760989607,5.35946098860811,5.29318779956118,5.35283719309708,5.45810587316871,5.48679705427379,5.33406542946434,5.33119020380799,5.44528400413385,5.04044012983878,5.16659915848548,5.04789077344549,5.28104649269432,5.44362285331118,5.15655377905694,5.05583598263449
kn,VNC,7.31838915153743,7.2509752563415,7.05473480683266,7.15846112300642,7.10813635653565,7.22727539051225,7.14552811096282,7.26525893752468,7.1771602003143,7.05655158855919,7.11444943178929,7.309035025284,7.19854920026814,6.62611945748059,6.96570386866786,6.96090705245212,6.97848692337542,6.94867528492482,6.90632340403778,6.69204059102116
slou,VNC,4.46841796659927,4.36086327263779,4.32383036723525,4.39349236992588,4.1947686980334,4.31714065682709,4.20687568635474,4.12371315223741,4.41968235718557,4.36010425588402,4.23416514979926,4.16092285411349,4.32580391183812,3.90168352742037,3.86635879129632,4.01371006736884,3.96468875844903,3.87971241302425,4.27551598745565,3.94301245643479
ab,VNC,6.35574452789302,6.41518874284436,6.47222306531667,6.37705951900265,6.36915160790903,6.41757824418451,6.27057949155943,6.37988035693558,6.43746503734752,6.34999327340506,6.30499559011904,6.17712997870213,6.40488871455785,6.28481083863934,6.36900309129877,6.2921940929017,6.29667933177701,6.17299031818349,6.36736584170948,6.21121907459288
mip130,VNC,5.80981549452666,5.84460109076301,5.84861752372087,5.79794857265017,5.87627076133535,5.8353275688045,5.80153512814227,5.85247900575945,5.83302039683226,5.8652773922917,5.68159617049994,5.73832550904274,5.80261606831748,5.74982838440914,5.80702653911061,5.62380144441,5.66553784581593,5.70799085930538,5.86709755483098,5.7982718704771
sens-2,VNC,4.39237374027753,4.258193224476,4.35908346323743,4.10605632495871,4.15256496097629,4.06707353948693,4.12059167787988,4.13119513571217,4.42506653559832,4.37171964705087,3.785761795995,4.02507994939421,4.29544538393872,4.18430082997565,3.72305530680884,3.47682531432039,4.04655129889375,3.61421319076172,4.30785716539038,4.05863875511594
CTCF,VNC,6.39230478601909,6.36231529656673,6.34912451251552,6.33876959879612,6.34778477190439,6.50579473595599,6.42807843163469,6.371189150365,6.38667139611893,6.38452852120391,6.26700690676567,6.33700829861611,6.43072592012238,6.3539305114058,6.289406721251,6.21166069013868,6.25437986375194,6.19164383948948,6.25586471135671,6.29629936210415
Fer3,VNC,3.24391548270016,3.03402671838479,3.10075477468927,2.77535005329955,3.07088753871498,3.03140754589313,3.10359385670216,3.39350149610104,3.32891919686271,3.34749646104978,2.05417561231899,2.85023170762236,3.06117460154944,2.84269160722929,2.89073806012525,1.64498100122497,2.94359401275444,2.8215830500918,2.09084178785666,2.75688300453074
mor,VNC,6.91098462176074,6.87431167219311,6.85386625993716,6.86896349331853,6.88585144529212,6.87620048778163,6.91434421306633,6.92301313673306,6.91241883653534,6.8925149510204,6.72220776716045,6.79455902601644,6.78837450747181,6.86757121149276,6.86666947182628,6.86529520164546,6.78243428123598,6.79432338331083,6.91340018996308,6.8819700022178
Dsp1,VNC,8.42028539171175,8.39708764240268,8.38372878524827,8.39267355075654,8.4486596759362,8.42910881747381,8.43718038989967,8.42071864642054,8.39617371000219,8.432991161287,8.25524702144971,8.34337414589001,8.32939012700695,8.34068788827921,8.38387811211744,8.32695985722868,8.3342998675921,8.24824516685493,8.35609308733715,8.36140327920729
Or47a,VNC,2.44166979367034,2.84399291140498,2.54441678095479,2.19636351226949,2.83273749911324,3.36024587685301,2.94653857141926,2.99699791736351,2.91724656279217,2.71951250260108,0,1.62392191182717,1.70888591406504,2.71744984880168,1.99843116709631,2.60585019872874,2.50470684749382,1.18100082734392,2.09084178785666,2.24378529412151
TC001226,VNC,6.965836701235,6.95638249359074,6.93657251460446,6.9675504612549,6.97215468572856,7.01950301623175,6.98614659308093,6.9888887907992,7.00893636915331,6.97704019738643,6.8059296401961,6.9045858039463,6.84773291820128,6.92478862743665,6.92684182106915,6.91216429896301,6.96371700365495,7.00349011615392,6.95709303065373,7.00203894438129
TC001083,VNC,3.2959273906622,3.64580684098464,3.39746102840294,3.67758771745749,3.34690687190658,3.57012898235701,3.68525396014606,3.56497014908865,3.59536736194266,3.43960403624181,2.68107696056963,3.15278766724035,3.1618408510409,3.14512627411242,3.10271242583453,3.17784602178767,3.05550695645491,3.16024320020902,3.37986802808428,3.48457550412155
Dbx,VNC,4.94586257147895,5.1439073719675,4.91568745701397,5.16717845124889,5.10336286852656,4.89563419439979,5.06722848013875,5.1187336798383,4.95455429031383,5.2092787675083,4.23416514979926,4.69073389196588,4.84920240007907,4.66393262626802,4.69516664458649,4.55461880776995,4.92817816490113,4.94857008371523,4.69811179141637,4.91164910835679
TC015874,VNC,9.20453807232326,9.24081761027098,9.2062596687476,9.27793704124793,9.28311449622602,9.33601999969324,9.2348971439453,9.23431656901315,9.32272341650265,9.42725855612673,9.11027746632088,9.15185377163146,9.15320024906113,9.0247568490882,9.23437146109378,9.25046251690204,9.2047123336009,9.10044596566458,9.10686084995099,9.23735118696181
Pdp1,VNC,4.55360049531561,4.63522060531099,4.44743358383703,4.45543967389942,4.34774917401746,4.45124705195579,4.53313612829831,4.35112078130058,4.39231784510304,4.6475128049998,3.83591986776894,4.06080946157215,4.63242649788993,4.18430082997565,4.40404891164279,4.24828149546706,4.08509937961408,4.16221691371817,4.05584262609345,4.36904062409606
Cp190,VNC,6.70633406374814,6.73486747874417,6.75951861669674,6.79651308038631,6.7643362217241,6.80128176965032,6.73570693478438,6.78504253927705,6.76813127104457,6.77020648873484,6.64272005375794,6.61791858728632,6.73337850932408,6.74464743118366,6.72662078264762,6.73253574391798,6.70841349853111,6.72631318347042,6.59825213005991,6.71529898256769
al,VNC,5.67846837892269,5.70214576066227,5.90061249451996,5.68800191746726,5.83572583056332,5.6517554152892,5.63617328218003,5.55504264171401,5.85510696658713,5.85746675712077,5.8117989457125,5.08686400945055,5.44528400413385,5.32322431445285,5.45890731148552,5.52885228826818,5.71860276649088,5.88600300162629,5.3974540260499,5.21672641095554
TC034116,VNC,4.0993954562785,3.87544293237983,4.2428979140299,4.02545009843205,3.98051972421712,3.85392079189014,3.60052096765257,4.13119513571217,4.26213355369989,4.04715692696534,4.0146380272459,3.15278766724035,3.88134633674179,3.62071482389557,3.72305530680884,3.75675104137306,3.96468875844903,3.78180099019879,3.71810895312412,3.6617728254867
ftz-f1,VNC,6.19910726252151,6.19649084803122,6.24527233141708,6.25297504067036,6.19977276357272,6.09973655268987,6.06760489923015,6.14906777242893,6.20408244918191,6.17311727100101,6.18173098278494,6.03662209248398,6.01139575742001,5.93696699546034,6.03974837645376,6.24465631763728,6.05413619210198,6.11982304909442,6.09368440082353,5.93541190485566
Hexim,VNC,5.97113180738701,5.92341900871214,5.93582246442319,5.95715440409656,6.07234258895383,5.94209812949704,5.98614681183057,5.89425208334492,6.00958254232316,5.96983528155107,5.95087550129973,5.832149523218,5.83618929018629,5.88777540438591,5.85689029741492,5.92743676756304,5.8754448129433,5.87971141492675,5.93187738000229,5.83589986654815
TC005661,VNC,5.75932748896701,5.47004039773056,5.71512619414634,5.84121352484864,5.69706886148493,5.66737510706588,5.46571253077522,5.52775110351922,5.61028065209303,5.61292034257524,5.5843071900287,5.23833146477887,5.16551712954018,5.49482304990189,5.36402286165499,5.62380144441,5.58448566199106,5.39358386949115,5.49914380362096,5.35528297174217
Dr,VNC,5.14257744216707,5.09278310114435,5.00429260538514,5.1289356995839,4.96990627766922,5.036169743453,5.243137067817,5.07908583957641,5.09312081491224,5.15801010197614,4.69871949473357,4.70925601151555,4.56412846479645,4.86980243115154,4.45473063253047,4.94918912033023,4.9602091695683,4.82967129141029,5.07130278134264,4.9863390293143
simj,VNC,6.57345545733598,6.56457491899447,6.56032606147315,6.53563899689957,6.57441154626276,6.54328111116393,6.58028833620099,6.55613194290094,6.53971788093975,6.56541055821232,6.44757655834837,6.51482043194467,6.37836620225739,6.55683872112435,6.49224823287133,6.48829737917088,6.49852044254196,6.46132771445986,6.59825213005991,6.57571885719142
sqz,VNC,7.12065175687797,7.07989564316546,7.03664697465246,7.12384177088836,7.18719514452709,6.84947259465918,7.10610552020949,7.14687347152971,7.09806563245066,7.0845234052698,6.85729306165093,7.01107113229084,6.59500567129846,7.10096916365937,6.86888200697285,6.73004184248437,6.90235408993404,6.86744771722452,7.13210394308082,6.89912033980521
en,VNC,3.18904919577407,3.90303738916108,3.91601655856595,3.90989649894288,4.06240614147546,3.97040370281265,3.81564407388486,3.93408778821828,3.57043767978375,3.93751567862233,3.785761795995,2.9615683521578,2.94922857898762,3.86000212996493,3.27751794529453,3.33846787527995,3.54731332024825,3.33547041415908,3.71810895312412,3.48457550412155
CG34367,VNC,3.34536728434208,3.29859657912476,2.993621437119,3.3904089615353,3.56298692686147,3.53152930922228,3.49398336600917,3.69988751843118,3.20958788848108,3.31480701238342,3.48845161639924,2.58164316126341,1.18215734355282,3.14512627411242,2.62139846749861,2.98639388812729,2.04691604587943,2.8215830500918,2.72020586252162,3.18551040969669
aop,VNC,5.68932638192159,5.73318008703579,5.62814395291225,5.64572793275621,5.63866396562152,5.67663113975408,5.63286837828875,5.58857588444037,5.65049646455573,5.59439153915465,5.64220274625989,5.36984570364021,5.32069624413497,5.76260852007891,5.42202671391891,5.5453164972236,5.44907682006527,5.48192595892463,5.45969991538719,5.49442866347451
hkb,VNC,5.88106767967184,5.83676021316931,5.58841779810714,5.7512334140193,5.78367273161141,5.67663113975408,5.85330639093042,5.83499733658218,5.79007402252234,5.79824499584235,5.69692905570831,5.46903403899934,5.32069624413497,5.71047775288679,5.48570170829547,5.55344805364427,5.48701589551352,5.40379398436744,5.63457935480369,5.43189408997388
vvl,VNC,6.13006091717148,6.05721738359723,6.08823060781359,6.05001482170764,6.06494054147793,5.98924790129747,5.93118542311842,5.91450196633869,5.98844080699792,6.02879675785232,5.81855841598875,5.95556140358234,5.75363543662209,6.07615253044095,5.88091974848465,5.70356635285522,5.94256573851962,5.95271746357618,5.91288021249294,5.88396450980127
eg,VNC,5.3446079209327,5.21965824748789,5.23334483122214,5.38971770430204,5.4357108267984,5.25039887670049,5.33640955483126,5.19102431089903,5.16225503656086,5.18908561022712,4.95259434776985,4.79704543239569,5.11248398259369,5.05342817021691,4.88885258430394,4.77123973562713,4.89508712743247,5.47248684568447,5.15655377905694,5.14566922251042
Mnt,VNC,7.48699241207672,7.4703336531791,7.4901149345428,7.50707693275397,7.46216903783089,7.47600030658213,7.37751869444192,7.47604829992025,7.44221676912465,7.44823959178313,7.36435312718476,7.27717598001919,7.27814411411274,7.37966209079594,7.23492543062139,7.20115755563949,7.34010631674664,7.40109929752676,7.41342732443339,7.29856308985332
TC003570,VNC,6.61953530884988,6.62183103330437,6.73191917154864,6.64839796351418,6.64101287625989,6.69454781818813,6.61559735414032,6.68874323217278,6.63836671850732,6.60826019890651,6.56598145496854,6.46217523821504,6.4735220160835,6.5452944145032,6.51768920074671,6.38098406056455,6.46408709543546,6.67920561695072,6.60146836292443,6.47051319661097
exd,VNC,6.66591168846786,6.66801851053716,6.68566090491609,6.58227907864776,6.61991108620256,6.68674933724948,6.63157643630028,6.65943547394225,6.67128475616745,6.62841124806617,6.54339556224654,6.56769757529627,6.58256159402601,6.63677216369003,6.47273354040633,6.56773368188685,6.65776190330976,6.45068716326878,6.47498697010626,6.56686857760389
TC016404,VNC,2.58903745632477,2.81748330640691,3.0378613255434,2.58199153505222,2.68834761517383,3.17239928992592,3.01688797542411,3.12717814063222,3.00984141420942,3.13310755058799,2.51236030677281,1.96142073638872,2.67885586399244,2.84269160722929,2.25163882511566,3.08669471449742,2.94359401275444,2.05064315787338,1.74533428447565,2.24378529412151
net,VNC,3.83215998288862,3.95604191322327,4.05825930711812,4.00851877223988,4.06240614147546,4.1622227923225,4.0665919871821,3.94312494522099,3.97913788416757,4.2022346226791,3.83591986776894,3.82433686358448,3.97052319713941,3.81650754345713,3.42626522900631,3.89346143974115,3.77762007872881,3.78180099019879,3.8769792586655,3.76456134300263
TC001789,VNC,3.48052115623982,3.63400372666672,3.5767185801916,3.75751423917833,3.4092434052908,3.53152930922228,3.76336474116969,3.40896850711722,3.57043767978375,3.51036764520832,3.4166907442503,2.9615683521578,3.33707943042754,3.44373169996577,2.25163882511566,3.33846787527995,3.05550695645491,3.05958443889242,2.86490325842943,3.18551040969669
sug,VNC,4.73736830563374,4.81810594427118,4.81480795925808,4.79871139000501,4.69815954212773,4.53159923947037,4.73501554824544,4.74625276384419,4.64149715483172,4.57951713460874,4.29779751652055,4.52873512844036,4.51585911276771,4.60508634375876,4.2344887299669,4.41313488836274,4.53440169774602,4.3241576321037,4.55971578579061,4.22583531299583
bin,VNC,3.68325302536096,3.82768948798775,4.03458310750194,3.81093030105324,3.83372123216818,3.22722704879299,3.94896931836061,3.64080709794492,3.70044492825951,4.10910233411861,3.25558635554991,3.51403713886248,3.414384501491,2.84269160722929,1.99843116709631,3.17784602178767,3.61005009939025,2.67730211340925,3.37986802808428,2.88244656861282
CG12605,VNC,5.21702954038432,5.24842173241158,5.22851641664693,5.22193279085723,5.0491704899083,5.26208861302075,5.208321698361,5.25359867002246,5.30561968039131,5.12593784939485,4.96848253908294,5.12390937766821,5.24013945128742,5.10375642617784,4.9658487161008,5.04789077344549,5.14660773482118,4.99549552058258,4.91076156842053,4.60557233994832
hwt,VNC,6.16326086363893,6.0487626790093,6.08515278403675,6.02986023215202,6.04348483272387,6.00595709046144,5.96381033407357,5.97526255265336,6.14142932402592,5.99748084764674,5.65020655714738,5.78320741249752,6.07578110024776,5.85936359390454,5.59416798181664,5.97104554833078,5.74770740458343,5.44362285331118,5.79063057425926,5.60886283647477
cbt,VNC,5.07931604634755,5.11192378190429,5.10229287509274,5.11208738162931,5.06082602045532,5.05921021241632,5.12662468661574,5.04080703756834,5.13886092905225,5.18908561022712,4.83369193286434,5.07420417748197,5.0564800348783,5.05342817021691,4.8054297804093,5.04789077344549,4.87812170742643,4.60852303490469,4.80040224922259,4.64683695394075
fd96Ca,VNC,4.0125161796881,4.15086924456838,4.15483399793834,4.3023142220811,4.22862694733335,4.08984829042082,3.98401087190627,4.07760611153011,4.18326450733635,4.2022346226791,4.0932913481076,3.51403713886248,3.67487798795836,3.77103481335445,3.95162410667856,3.47682531432039,3.61005009939025,3.87971241302425,3.71810895312412,4.12890580109818
tin,VNC,3.37701945166714,3.69167361549868,3.69560146443005,3.53745791778821,3.58856749614522,3.7435115347441,3.47983122590464,3.34561110742148,3.76482425520296,3.80422272267053,3.92926616794786,1.96142073638872,2.51016925627737,2.40705188813407,2.45351243959566,2.60585019872874,3.33134444858683,2.05064315787338,2.99128557670604,3.54719551274123
ara,VNC,6.52448021589481,6.74285166194763,6.66458609488467,6.62184708207268,6.67905833402432,6.60704352206679,6.50361794767272,6.62000428861117,6.63719178888136,6.6265960221129,6.44397867052949,6.39985816805312,6.55398297723099,6.33977073174783,6.4954639757306,6.27266057103663,6.39895162961877,6.42174607933025,6.26489725694595,6.1635857766704
CG13982,VNC,4.31617637001564,4.45918259642162,4.42065326655416,4.27652747887777,4.26137625978466,4.28678572278401,4.16466400984311,4.3570854279515,4.40335366936799,4.28742745998431,4.38624341169152,4.06080946157215,4.23181515015259,4.42878759399133,3.99167686719554,4.01371006736884,4.19255700394353,4.19677108944388,3.97040463604553,3.71448718816761
lmd,VNC,3.52179697362118,3.34720930720781,3.76068945656592,3.55104008959358,3.13252310205969,3.32861294189041,2.89672979887618,3.67667250695058,3.26248247074233,3.53732808145601,3.25558635554991,2.72492793503694,2.94922857898762,3.14512627411242,2.76510896326235,2.43818872221786,3.05550695645491,2.50863656336155,2.34714075675621,2.6132582912155
Axud1,VNC,5.18433802420083,5.19254458543371,5.24054401954712,5.12614728576739,5.0491704899083,5.13327130439403,5.15638380616018,5.00412306550284,5.20746276637271,5.18397295827292,5.12837871438663,5.02189855240849,4.90098970316946,5.09140982689159,4.87271549938128,5.12537048386954,4.97584796645535,4.96445782277218,5.05635996371509,4.91164910835679
su(sable),VNC,6.13402448885446,6.16958067469566,6.09027724012075,6.1650688421956,6.12367862386688,6.14784490856392,6.08460557240329,6.0621604394407,6.04633430564615,6.14802396494404,5.9390017786678,6.05111572682022,5.93662347110163,6.12151281053738,5.93858244100369,6.07240916563032,5.93664662957537,5.98731442324659,5.94434457954387,5.95745445492057
crc,VNC,7.27605566562959,7.31730183483267,7.32579456917346,7.29408832410195,7.31573912499268,7.28178426891167,7.30869439274147,7.27366192729243,7.29375386661538,7.32361554935989,7.29602065644482,7.3049366087528,7.2002385547896,7.26635785269114,7.25164389716251,7.2616466023176,7.19934704448403,7.25117683420218,7.21889130454812,7.25782867810677
org-1,VNC,4.66700186071083,4.66105912263028,4.59915366094193,4.81026655449787,4.31775087320988,4.35239063104513,4.82804751830214,4.55596502238983,4.40335366936799,4.7234386602546,4.26648738255397,4.43669725572404,3.7834313717154,3.77103481335445,3.86635879129632,3.93517174784946,3.54731332024825,3.48452271408603,3.97040463604553,3.98305856139047
Cph,VNC,7.18179260435684,7.293438855138,7.19824003234063,7.18375032726825,7.2248306771264,7.3100645423298,7.35085171244611,7.31619264264599,7.36038171469789,7.26779034314813,7.05560235655506,7.21324634002518,7.11758208160406,7.08078327876461,7.12998551918448,7.08910230907875,7.10057882485656,7.10485389287049,7.25461406440467,7.02478983822553
CG11617,VNC,2.95737231431768,3.37835264362343,3.39746102840294,3.2905373499633,3.19057927341611,3.00953943771092,2.89672979887618,3.32912405291445,2.91724656279217,3.31480701238342,2.68107696056963,2.21330503625041,2.51016925627737,1.6175001506141,2.76510896326235,2.43818872221786,2.50470684749382,2.05064315787338,3.10347266980708,2.6132582912155
chn,VNC,5.93196659141674,5.86648875000285,5.90799973066796,5.77632227591204,5.82228817458354,5.97225476386707,5.90379197165035,5.94412809311809,5.88173362697267,5.91090185426845,5.7702535621735,5.73174615031967,5.78886468481691,5.54341757668276,5.6480394211474,5.70356635285522,5.68862559009199,5.68525277864082,5.76871957755676,5.76579611855255
pnr,VNC,4.96832157572922,4.68624679260555,4.89900457973587,4.93604806487137,4.70645185531523,4.83694213778762,4.9199323832487,4.97889747024475,5.14932593318162,5.36407633894389,4.9995210999409,4.2805000457818,4.56412846479645,3.94169688058623,4.2344887299669,4.50964554703645,4.53440169774602,4.75479014243014,4.63130606213421,4.34199334871265
HLH4C,VNC,5.6547964720072,5.38306763747813,5.6183593854645,5.47599098088418,5.27396068453855,5.74917705448853,5.51718560816903,5.69234615045295,5.82510718733235,5.41417161568547,5.3557016598201,4.72744129167739,4.88402352394404,4.78910699395296,5.16659915848548,5.29628177145187,5.39953468811386,5.23847994165623,4.78076413713915,5.15786828117545
NfI,VNC,3.99587576718573,4.10003215080174,4.11141668984725,3.9192750500685,3.98051972421712,3.97882618721686,3.8653255309576,4.04564302702528,3.9096834963426,4.07083839251159,3.67720220029354,3.31324576370078,3.48613994803149,3.50627164700112,3.67032940992925,3.84993537122184,3.96468875844903,3.25168997900972,3.29594750115962,3.26906940646291
Ets65A,VNC,5.88614904240218,5.94954179906044,5.76021061242164,5.64406577309386,5.76235567761457,5.77733878700118,5.65091165598418,5.84310379087881,5.82643041176661,5.57204183026766,5.31195070066313,4.98079183265478,5.40545484232315,5.44374594179226,5.41259004701411,5.49508764251406,5.49627995243649,5.48192595892463,5.30793187221873,5.20522866865213
E5,VNC,5.94876983448459,5.85496086662405,5.9915073897559,5.97642915868616,6.06706100893917,6.0037452641826,5.94339317417693,6.01909102831012,6.10706943475511,5.89340550350276,5.74881515827489,5.634778423698,5.94849711948882,5.72376742729413,5.74098304717169,5.60089589680837,5.80349243303726,5.500541027718,5.79782883598746,5.56141356345342
zfh1,VNC,7.41107764524333,7.41666797302918,7.3656983354125,7.32615517913364,7.3795901846392,7.35175889333331,7.3620739753682,7.45827903635166,7.41234174523697,7.32662742994029,7.27583179050767,7.19507753941007,7.26081926930519,7.21420952660368,7.14518927477339,7.1758988387586,7.2452985808271,7.13408276379801,7.36971553824519,7.23682185236564
Eip74EF,VNC,5.87596036476576,6.09946016363222,6.05171936950373,6.02986023215202,6.00366486981657,5.87009216053752,5.93118542311842,5.99626302638979,5.93650984501745,5.89843577572828,5.54965403329162,5.72512321678283,5.50220257733115,5.79999721917957,5.6405189153064,5.82792695035188,5.61769893759592,5.50972020908428,5.80497565283691,5.7457920582194
hth,VNC,7.99226178583758,8.06331773791674,8.03614464831323,8.01912799188015,8.03893763426809,8.03038880047195,7.90598206271939,7.98116334702087,8.01408275583878,7.99385084536329,7.81819472696556,7.81165187361638,7.87167954282298,7.88746106995334,7.73094684269587,7.88767434650132,7.80895409355967,7.87431496511629,7.87909660098557,7.93490429248292
Kr,VNC,5.91856306936369,5.92462133022358,5.81553327155087,5.66546129145755,5.87241812539517,5.90123838023693,5.9397464714033,5.84040893447897,5.79007402252234,5.76869398360978,5.40782874103201,5.23833146477887,5.54727871989975,5.35235400406715,5.65550379088956,5.25348459018051,5.07896398419949,5.38326843188752,5.27218102308814,5.55328175510291
mirr,VNC,6.45592666842181,6.60188747407538,6.4666255741034,6.50867810044386,6.55249199297669,6.60461814736977,6.51258561619311,6.55876672146859,6.48443420883448,6.5240032319558,6.24526135568683,6.26994182954452,6.27745069617153,6.22665378883563,6.33566301600481,6.41577279515563,6.2841762953773,6.27152911477618,6.27384894545581,6.06582200439239
nau,VNC,3.81219766666739,3.99816248665536,3.88867139332544,4.07458914504807,3.88195188537993,3.95334288455704,3.8749723543369,3.83891832916116,3.81547835066707,3.86353610251064,3.55540586892703,3.23623161888275,3.06117460154944,2.71744984880168,3.10271242583453,3.41003753627632,2.67331825745137,3.05958443889242,3.20433377501132,2.6132582912155
HGTX,VNC,5.4301315042567,5.44512173754325,5.31870601588149,5.41722526961696,5.42167378073214,5.48419473337721,5.45982625825578,5.44110101745839,5.57008970671764,5.40804523754257,4.73917714564428,5.21647053127616,5.11248398259369,4.9152682567127,5.07790025027814,4.90371183324115,5.18510124367415,5.04031730687174,4.97810097421764,5.19359718910384
TC000916,VNC,5.4301315042567,5.55005042853859,5.27115513883792,5.21684536615611,5.41559705707765,5.29411107220661,5.40314949596807,5.44911460287878,5.4465723807901,5.26516095481473,4.77806142375665,5.02189855240849,4.86676451818838,4.80577543792497,4.54898357634569,4.93425864863766,5.00641043162963,4.91601668443719,5.04119046677949,4.92704005247617
Dr,VNC,6.11000392871911,6.06036955929984,5.91897926079837,5.99767824650207,6.02487839467708,6.08351280915286,6.04593937884914,5.99856942009809,6.02920747990399,5.94260458677327,5.47652281055887,5.66345606485973,5.67921970950227,5.34273808226273,5.25918243661548,5.49508764251406,5.77598886455642,5.62196201533099,5.51829725257055,5.71153616378469
Kah,VNC,4.41469707971683,4.76971980250182,4.72686962578735,4.63946437051085,4.68559069964796,4.61489185559639,4.5673422190833,4.58004458254835,4.50253267650897,4.63870943796597,3.88368181411158,3.94954684795,3.97052319713941,3.77103481335445,3.49308854038308,3.08669471449742,4.04655129889375,3.67325196095424,4.05584262609345,3.48457550412155
gsb,VNC,5.57158039123475,5.55179646952986,5.68338783442283,5.6050531180706,5.61896499567442,5.49161274521161,5.50597392964259,5.49969378919617,5.36817648876894,5.4980926258025,5.24251142668864,5.11171277257331,5.07077779769207,4.95875652638305,4.88885258430394,4.71665927034324,5.29241737884258,5.04031730687174,5.1005347879564,5.22809345647535
vnd,VNC,6.01105990724916,6.00205182951618,5.89067718357988,5.97762158398064,6.02818714115985,6.0026375137681,6.02491304076913,6.03698549465597,5.97485409999692,6.02989724658456,5.52285263299538,5.61271725287426,5.36397327705075,5.66252171398369,5.56202906274449,5.56951544843435,5.58448566199106,5.83452580729439,5.61754650885021,5.7390341138682
Mef2,VNC,5.48837867314434,5.60611850611765,5.62489305636552,5.45410509379829,5.50680049653747,5.55079837631399,5.40730610729273,5.52034578816058,5.32545592428096,5.54740081994103,4.9995210999409,5.15963126931625,5.19101498997693,5.11595244422684,5.03733792966426,5.16196959000204,4.97584796645535,4.99549552058258,5.02578730711079,5.18182882450192
inv,VNC,6.27406259293097,6.33718093299915,6.36400672512574,6.5390435404812,6.34055982089766,6.3711359686336,6.33001156526539,6.3005031623143,6.27830502586614,6.39450797536411,5.920922587883,6.00698898423453,6.01139575742001,5.96846649083486,5.8749663012144,5.90489785504816,5.99990615470303,6.11982304909442,6.02751651695192,5.82351385580503
Gsb-n,VNC,6.65363580100686,6.64255747821514,6.68283877942393,6.68548073442541,6.68877442503371,6.6479810476259,6.71067311123156,6.5711879824827,6.46017345222911,6.56218617865423,6.18173098278494,6.10707671797808,6.16043305620475,6.18591412647336,6.09395673995842,5.93851854167004,6.13033649939309,6.18236057243805,6.1853875610434,6.13204801684933
Dfd,VNC,4.52435751996429,4.69450364650225,4.57618689435232,4.21595471607703,4.58824994999428,4.6876572808106,4.36577638182172,4.53129130044266,4.56513440655418,4.37171964705087,0,0,0,0,0,0,0,0,0,0
pb,VNC,4.51939945744948,4.61761640631405,4.39870034883655,4.4050447075409,4.299310214808,4.73993458390207,4.50796640674462,4.34512034405499,4.52221546419502,4.50655854480365,0,0,0,0,0,0,0,0,0,0
Scr,VNC,5.57504544558237,5.76045224517084,5.55755196761301,5.61537797423105,5.63703712528259,5.66582407112591,5.55367522954607,5.52220226447027,5.58535122916874,5.48868853219717,0,0,0,0,0,0,0,0,0,0
Abd-B,VNC,5.52903527230004,5.47946155326371,5.57993908179227,5.51837616016629,5.48429343914282,5.56463390973137,5.65253592454441,5.76766536592505,5.6086378867579,5.62618341638397,0,0,0,0,0,0,0,0,0,0
Antp,VNC,7.27416004552058,7.24168247520834,7.2086507920581,7.25066890928374,7.21176817809001,7.24342962751737,7.23444729555334,7.24988737823856,7.20586161486396,7.20663106628406,0,0,0,0,0,0,0,0,0,0
abd-A,VNC,6.81663760917885,6.77159341107171,6.90674899326443,6.82551372252806,6.74139807336089,6.85137172259109,6.84489702685736,6.81908126832408,6.82086147956743,6.78168175866237,0,0,0,0,0,0,0,0,0,0
Ubx,VNC,7.41520568385569,7.30740291529085,7.45496252047488,7.38386129237165,7.4315219437024,7.41337721147684,7.37838583126059,7.41200306534328,7.43905823158232,7.3415522458099,0,0,0,0,0,0,0,0,0,0
TC034050,brain,3.43746802239265,3.45221485621423,3.10075477468927,3.40612586864096,3.53673477500645,3.61938151470469,3.30930347247758,3.52477990163188,3.66663119701627,3.49660986088837,3.48845161639924,3.77885597020493,3.97052319713941,4.01721872053705,3.49308854038308,3.84993537122184,3.66908224850547,3.61421319076172,3.20433377501132,3.81224719397121
Ets96B,brain,2.16963809639134,1.85547702302624,2.30533501307991,1.96174461328783,2.22185346690678,1.85315607418399,2.92194426732386,2.76310875345673,1.52339078801453,2.27074665058765,1.71083916017574,2.58164316126341,3.48613994803149,3.22854273996575,4.2344887299669,2.43818872221786,3.61005009939025,2.30563360156788,2.72020586252162,1.6514389099053
ac,brain,5.37675179365232,5.56737514725941,5.41758505773203,5.4700694480538,5.59378272339754,5.5525383226472,5.47350738164744,5.44911460287878,5.46761653363523,5.60622225110405,5.69692905570831,5.59015838640334,5.58193156042025,5.29322056115968,5.86897719802819,5.63132150014003,5.74770740458343,5.5717182581563,5.56463485726504,5.63176905043521
fd59A,brain,3.36131859523928,3.71384147939841,3.39746102840294,3.32494812801437,3.22749159169285,3.7435115347441,3.56188716811624,3.43920283088158,3.50525088159058,3.53732808145601,3.33937937541162,4.79704543239569,3.8335867933465,3.37701803286983,4.32285835573072,4.15439917260313,4.64830368045935,3.83195455409158,2.86490325842943,3.48457550412155
TC000383,brain,5.79881416397275,5.76469118981223,5.75736248173762,5.79509194636691,5.744968687744,5.80337726709656,5.8071126839699,5.80469845775901,5.79007402252234,5.80377608076014,5.95675990825023,6.01696457484514,5.7245302399158,5.7814775988048,5.77454991193589,5.80929036625115,6.02738874048465,5.98731442324659,5.78338012164853,5.85419589846526
tup,brain,6.16517989623445,6.14095889447542,6.15461029948804,5.9547187262494,6.06281556807804,6.11371957448242,6.04374678467687,6.23540550258773,6.13853001438769,6.26241452939839,6.30499559011904,6.51179919987222,6.22513801649997,5.99397873050307,6.24915504581456,6.24059091384064,6.48831435751445,6.25432016584289,6.26039118247664,6.13204801684933
Hr51,brain,2.65530418568638,1.30762283323668,2.05035417428466,1.34045863160587,1.53800513096441,2.2049595781512,2.18194860762324,1.95053107881099,0.852459420186441,1.4351649042875,2.68107696056963,2.41433820825034,1.18215734355282,2.84269160722929,2.76510896326235,3.70668643979671,3.15614646189452,2.8215830500918,3.45728791853643,2.6132582912155
Awh,brain,4.76884316414765,4.78109543749939,4.87171919455536,4.75920039930231,5.06660323416631,4.71614569796524,4.80936669014791,4.66222444317813,4.72842570793807,4.83842530422977,4.65655575547247,4.93792264230977,4.65419383618851,4.88518853561678,5.09106346073085,5.02067019630061,5.12009674864994,5.02559880887677,5.23510451073545,5.00063018164094
Prdm13,brain,1.93591493837064,2.67324271595086,2.64546026674043,2.19636351226949,2.48205950873371,2.4258216439834,2.23281943643478,2.4572566783829,2.15454661167061,2.22239832691403,1.71083916017574,3.51403713886248,0,3.30553347307054,3.27751794529453,2.98639388812729,3.15614646189452,3.16024320020902,3.10347266980708,2.24378529412151
TC032830,brain,6.37768567864547,6.33319598883633,6.27884652863535,6.42237527462334,6.39923048742488,6.29550696474752,6.32339538807833,6.29023046279803,6.20679804699185,6.14115908813168,6.52028773593888,6.35840017159282,6.64033856808687,6.27724922275023,6.42566134524414,6.37387868883448,6.53507606146779,6.24121627670722,6.46767226464865,6.3529236960854
Hsf,brain,6.62439206825127,6.60554328539217,6.64246922408084,6.63736929859436,6.60641551040201,6.59852884942541,6.6485038417036,6.56858577112455,6.58840837882335,6.61318271848659,6.62483268372522,6.74787512814968,6.75468752211072,6.647312584839,6.65260500442641,6.60237134175263,6.62549582093763,6.68768161012991,6.68461283133562,6.66016322772954
mRpS26,brain,4.41469707971683,4.35510701247072,4.32383036723525,4.26997553730202,4.4051739853814,4.2743809640114,4.44484132028246,4.43705721783453,4.30542237738979,4.38320166856419,4.49317952417166,4.61301137927231,4.73681342797767,4.62508901430111,4.37771108916814,4.38747822304822,4.45926279988192,4.35362096929108,4.53466627598632,4.54029568405192
Hmx,brain,3.62419848639229,3.13673493249683,3.84136579429979,3.65352700250834,3.43901255529143,3.76451397828875,3.8749723543369,3.32912405291445,3.57043767978375,3.53732808145601,4.0146380272459,4.22249772419837,4.19841436961264,4.01721872053705,4.32285835573072,4.18668256984612,4.08509937961408,2.94764767841379,4.42767828144939,4.05863875511594
prtp,brain,6.07390607824078,6.03701949544471,6.01272027896906,6.04334165777432,5.98888664431475,6.07220431512035,6.0622323657831,6.06647471926441,5.98280209584801,6.0386578277212,6.24964846000272,6.25048528493072,6.26891975720179,6.13034308525174,6.21998271349233,6.07240916563032,5.9773629836904,6.05311214010088,6.26039118247664,6.09948314605347
acj6,brain,4.39237374027753,4.31985576871358,4.3357200220535,4.3023142220811,4.12340595484009,4.11211588109047,4.35988228851387,4.29577482788484,4.33523443291718,4.48616915567418,4.69871949473357,4.84624290190129,4.90098970316946,4.85417589027869,4.65553427487064,4.80603894818458,4.04655129889375,4.08930614736871,4.74029164760672,4.34199334871265
Slip1,brain,5.49963177178898,5.53419733376753,5.60516256544456,5.61366455085869,5.55389455981728,5.55079837631399,5.50220859467721,5.53143329769805,5.57520280392479,5.57204183026766,5.70450822858449,5.5592657627861,5.63175829165611,5.57454970892122,5.71329394684756,5.70356635285522,5.67329313873047,5.70799085930538,5.98083986855322,5.6241917959629
dve,brain,4.90951801288469,4.94103338077979,4.97041355117102,4.89468097831306,4.99497114110794,5.07334550196393,4.97574643362268,4.96280209888588,5.03356756546621,4.98625219785524,5.04434408622714,4.86211850777251,5.07077779769207,5.04044012983878,5.20232983212558,5.39588795533697,5.07896398419949,5.15086147884087,5.19660022386913,4.91164910835679
prd,brain,3.15072453114278,2.67324271595086,3.14058842543973,3.61631435699651,3.86293784644273,3.37569484845486,3.37472702178756,3.14731777127506,3.59536736194266,2.71951250260108,3.785761795995,3.15278766724035,3.1618408510409,4.15304339331338,3.77313986904221,3.08669471449742,3.87552239152354,4.63077438783443,4.27551598745565,3.18551040969669
TC032655,brain,4.1509942813922,4.15086924456838,4.24936141539434,4.11377080187867,4.22194638730868,4.41936854326287,4.27991931904404,4.33908368410083,4.32341604632137,4.29991300887292,4.41406846772283,4.2805000457818,4.32580391183812,4.62508901430111,4.32285835573072,4.48637697625628,4.62653759187602,4.51420901153735,4.60800749085319,4.19455789467843
TC015373,brain,5.57158039123475,5.44512173754325,5.3683155711445,5.36803085743049,5.63866396562152,5.46160470896343,5.43391093893564,5.24629323557624,5.69671328868769,5.49996287846983,5.74156565819445,5.5592657627861,5.7245302399158,6.13909606822405,5.52882283654048,5.77743614994628,5.78983520160162,5.73022339351699,5.75384089999144,5.45917481928804
E2f2,brain,6.5644936313957,6.60493491087417,6.56160302517558,6.61178490817299,6.58393126559151,6.59117240653992,6.59620552900727,6.6267875082413,6.62238749248201,6.61440957155347,6.5849428946008,6.69387309199009,6.64033856808687,6.62611945748059,6.67967242410181,6.57066642138177,6.62549582093763,6.67351477738708,6.78836962101963,6.67888162527532
TC031421,brain,5.64516854775579,5.70962271738901,5.74588814070594,5.78213517224781,5.69860098597127,5.72166821024846,5.71238104799454,5.70632902378443,5.69971977078813,5.70683565140128,5.68929199998736,5.89013979302879,5.76078127419411,5.68335652561225,5.80702653911061,5.73782135306212,5.71860276649088,5.89846865375243,5.90001192894225,5.92982450387868
APP-BP1,brain,4.8925507445884,4.94103338077979,4.90904766682498,4.86249247311397,4.90095614753718,4.88890538479003,4.88558385007334,4.83857096206873,4.87904172944467,4.89131275395624,4.90335658225073,5.00838319763969,4.98175398485446,5.11595244422684,4.85631373190612,4.96389994840057,4.99124595253332,5.20186501071063,4.96168645116212,5.13331950705058
MEP-1,brain,7.37199141235463,7.36452407530999,7.38184272284604,7.33600709017024,7.40241650894779,7.37450504229228,7.36793022989386,7.39361840100286,7.36578601118487,7.38134043287035,7.37150683579323,7.38892135104464,7.41236966809997,7.41798593015329,7.38678100346326,7.38049238803965,7.51988496851595,7.44821795668691,7.44707112736027,7.44299840978855
gcm,brain,4.60051515121156,4.54869469486897,4.6735160775895,4.4608855078285,4.56474032068929,4.36386980253814,4.48736431081038,4.67095221479434,4.40335366936799,4.4547837368749,4.69871949473357,4.61301137927231,4.7167896135747,4.78910699395296,4.65553427487064,4.73518574127207,5.05057106956699,5.0691199210913,4.92802628796505,4.70570684276427
ase,brain,6.14582180733283,6.17614284315608,6.09842213773723,6.16999677120288,6.23530570352309,6.22705918604264,6.20459141565688,6.16869250218046,6.07767730782765,6.14410695066583,6.17703484097868,6.21448010618131,6.31904672912112,6.31814787743422,6.41875214859953,6.2921940929017,6.30492867762163,6.43269737438041,6.33854813563666,6.40651281452585
CG5516,brain,5.09341301320661,5.1595235643702,5.20649531655734,5.08336026197238,5.2762988353355,5.24568444991308,5.34527561037486,5.23893403875924,5.15192516138181,5.29541782459795,5.23045453922824,5.21647053127616,5.2638253976706,5.27270596741558,5.44981389327017,5.37674465150395,5.37900953571052,5.50972020908428,5.37581355302648,5.53681702974111
His2Av,brain,8.7900666563342,8.81740575272259,8.77718188357173,8.81865327135492,8.82182929393657,8.82208531427249,8.85558447149749,8.83025840313427,8.83410030609075,8.8596758893829,8.85637854605906,8.89893357581768,8.81042940020837,8.81559123341613,8.84776563490641,8.8545389287721,8.95019195941953,8.88848106971677,8.93135443173244,8.94222162972131
Polr2K,brain,6.22922748953688,6.26632419554107,6.27460461637045,6.14913426659252,6.26702115359022,6.20376545301237,6.30412635367614,6.2569860655147,6.20317560866444,6.29415812638486,6.23198336682458,6.35840017159282,6.32311273066015,6.24641766924122,6.32429798331359,6.31514154899425,6.42113820968883,6.40695525914552,6.43027396891167,6.47701782283565
TC005398,brain,9.41513950043592,9.44216418513513,9.41055192370476,9.40629688834408,9.42705227511578,9.43275888057097,9.45800312603951,9.46150071014782,9.45427777504252,9.44187272376111,9.51895752855033,9.53773276091778,9.44997291938147,9.43785460710118,9.4684760432519,9.43129424209137,9.50829304788452,9.44794872179628,9.48014229106065,9.50276495859706
Polr2L,brain,5.93438441065173,5.94954179906044,5.89441450234641,5.94614682947038,5.91029242178475,5.9000109803703,5.97445298601781,5.99856942009809,5.95528467530851,6.01102221049914,6.08849937882164,6.08413899031004,6.09635349144001,6.02863652382353,6.09395673995842,5.95491428994102,6.11057738812339,6.03706411841336,6.0102670795749,6.07070066840551
Polr2J,brain,6.54501492577674,6.53238103966088,6.5442248883968,6.55522591917981,6.56415628599315,6.53028742295637,6.60875934606412,6.55216671278586,6.58593654075676,6.61685877139409,6.67183918111541,6.66314013497247,6.6344116098273,6.57390908014637,6.66352004599543,6.54094464074096,6.65776190330976,6.62378863669856,6.63307425609542,6.72546491172684
Sox15,brain,4.38102237175841,4.0697782375375,4.6435628864586,4.58820145514794,4.66858266304484,4.43010802503853,4.42841716218598,4.22368572645341,4.48751210219446,4.33046143730733,5.34494205930889,4.95241753087614,4.65419383618851,4.35374300254468,4.98056126676288,4.61849970590579,4.87812170742643,4.73515970733705,4.63130606213421,4.58428341501743
CG32532,brain,1.03841382266992,1.42236982378722,1.70724833183679,1.81993516473106,1.79608836300107,2.04444941050925,2.18194860762324,1.72994153235435,2.20524220016774,1.79659806951201,3.16412458164476,3.45148174733963,2.51016925627737,2.40705188813407,3.909899945583,2.23664003115064,2.30178239186369,2.30563360156788,2.09084178785666,2.75688300453074
Arl2,brain,4.74533038148299,4.75046803137589,4.80376688468569,4.81408879375332,4.80842555568638,4.77079759786757,4.80936669014791,4.75826949027647,4.79365041953218,4.79021198599081,5.01468642784643,4.98079183265478,4.81312488507419,4.90034149060387,4.9658487161008,4.88808123114648,4.73091876887841,4.94857008371523,4.89319353402284,4.9863390293143
ss,brain,4.9162251237932,5.08724636224007,5.40751884722121,4.99186849662949,5.11440695049929,4.66679977227855,5.14566449473465,5.00100444660634,5.23888682510124,5.10674273204424,5.73426321884583,5.36032100979053,5.67146425794664,5.55910478911698,5.00935249278393,5.62380144441,5.44907682006527,5.30791777529621,5.27218102308814,5.56141356345342
run,brain,5.93075548606611,5.91374803854928,5.87811760371815,5.82884439339919,5.96688708780972,5.90246427543977,5.93241292640767,5.92571487107537,5.90522833909675,5.89214397178474,6.09362914332623,6.05111572682022,6.33119547022777,5.92624274408466,6.02956863837331,6.14669670507082,6.01648617271726,6.20995576910297,6.25131765809622,6.19415924045479
Hey,brain,5.86695931249008,5.97156594527227,5.81418686067499,5.97523530981592,6.04456862208802,5.83138916300561,6.00114717610719,5.96101315351311,5.9564464802149,5.9034408709097,6.29249236139043,6.02684163513684,6.18402548770049,6.08078227569415,5.88683796188006,6.05784427169192,6.2369460382878,6.12970245634478,6.25131765809622,6.17241684822684
Dll,brain,5.21950055601532,5.32350399375961,5.25714327108703,5.47991927841668,5.33744692030171,5.32295513948099,5.39478407920406,5.16485542629351,5.2899147762767,5.46381578138344,5.81855841598875,5.98160575698931,5.63982661218828,5.43497357030062,5.39344528470411,5.67529159511841,5.92470225574099,5.71545675957205,5.83996308697298,5.45016368362969
esc,brain,6.00769928288827,6.0316357538803,6.04852691101208,6.07410901984173,6.03586523907753,6.0026375137681,6.05248846328386,6.05456537026249,6.03028654317552,6.08551541598206,6.06771305521995,6.16863703570206,6.06533398798935,5.94757745650556,6.17677392508681,6.20323882053064,6.09041997098563,6.16827205841683,6.16074642971015,6.181170614152
Pep,brain,7.15043756890278,7.09938487585515,7.10118015288701,7.14557257692422,7.1441274657519,7.12697695893735,7.11592002380516,7.07335984855061,7.11278677317721,7.12506664884478,7.14172676873509,7.18432459971504,7.16938472246535,7.12888582026568,7.1894609469042,7.28198200160775,7.17898820232583,7.13946932502099,7.19965735422729,7.27694762293145
wor,brain,6.67803870420162,6.65131040015082,6.62525520956149,6.74142733942834,6.76275284775075,6.74960074327094,6.75529234308638,6.72057938593988,6.72277034199276,6.77177907385748,6.91067729286566,6.8521619155874,6.84291876151203,6.7517565502394,6.93721599505023,7.07858472299285,6.99097551201194,6.89754655705257,7.04739482926835,6.96691163768945
Rfx,brain,5.68778243813077,5.61270588066809,5.57993908179227,5.67679511309556,5.67693463727817,5.6963967168922,5.54286746567847,5.62437587257208,5.63780251174822,5.57030175300156,5.93301162591724,5.82616116025664,6.0169223981169,5.70376609268684,6.08431673621439,6.06272284502514,5.74051027290795,5.77325838617334,5.76130791039962,5.73223018879379
pan,brain,7.26876952526137,7.2888428707253,7.2720775273866,7.32986102930953,7.28988507675166,7.27342180037543,7.20602054258027,7.18627466150521,7.29283887807221,7.30719275793737,7.74046298004657,7.4905630185832,7.62330363736385,7.44195366826726,7.55707694745719,7.5268923952437,7.48642231033138,7.60040489402859,7.26789396439866,7.28853398689178
hbn,brain,3.24391548270016,3.34720930720781,2.97074522850154,3.07665920103663,3.34690687190658,3.49137967309932,2.97054248687421,3.36183074197038,2.94121139604488,2.88569808660942,4.35762190785717,3.68117476247944,3.8335867933465,4.18430082997565,3.95162410667856,4.41313488836274,4.08509937961408,4.29379978475245,3.10347266980708,3.81224719397121
fd102C,brain,2.62271963052847,3.05542963592719,2.30533501307991,3.0323326377418,1.93728062684337,2.50210568858674,2.94653857141926,3.22404983400958,2.60691351878472,2.71951250260108,2.82539526721092,3.86783891841571,4.01229652079631,4.58467538565521,3.77313986904221,4.05078105125149,4.22595484193557,4.65254137627273,3.71810895312412,3.09432741447036
Phf5a,brain,6.37846045680424,6.45697481123409,6.45391547240274,6.47808438530008,6.45392977285853,6.4654537431777,6.51464370738684,6.48860575992428,6.45242546033877,6.44004885921662,6.46889620992527,6.6341136646619,6.55075656644736,6.56541032483776,6.61912631104114,6.48829737917088,6.62549582093763,6.54909059410859,6.52820553899181,6.53373047575344
Sox21b,brain,5.9523340869829,6.04130571662085,6.06228788552662,6.09021023105647,6.18387995353192,6.11570128294709,5.97209772138074,6.14807635310298,6.0161670741657,6.10610949447609,6.16281262513988,6.29280074750974,6.2161468563579,6.42186950132257,6.2409065697446,6.47549631811983,6.3608437738683,6.36122306578609,6.30456348250641,6.37470515325619
oc,brain,2.95737231431768,2.9669240502671,3.25137116082718,2.96192573636756,3.13252310205969,3.15343437045247,3.14428140353746,3.29531136072714,2.81519480021206,3.24603636211056,3.67720220029354,3.31324576370078,3.48613994803149,3.50627164700112,3.27751794529453,3.80442822873229,3.61005009939025,3.4127710707254,3.59617789319441,3.90129551799538
D,brain,5.25585126789681,5.27177503692086,5.27808812923684,5.36363647310136,5.35917799619936,5.25509118191771,5.40937795182614,5.40838863373755,5.13358706977137,5.36621452068788,5.74881515827489,5.73174615031967,5.49293829403532,5.76893785577129,5.31297595969981,5.88765390436973,5.71860276649088,5.63009591467195,5.67593386461606,5.6392893216284
TC004945,brain,6.34298713851051,6.28994951298294,6.34358527665872,6.31353966973647,6.29185781858286,6.2905327808778,6.25737114278441,6.28418895677651,6.24319055630539,6.33145463011519,6.44036779115765,6.4265717405386,6.46299346792067,6.38507543695972,6.43933815586432,6.43272359670708,6.42113820968883,6.45424660864714,6.51778599332641,6.3529236960854
TfAP-2,brain,4.72125140844625,4.84322167982616,4.90904766682498,5.08336026197238,4.94093634039864,4.94470685577018,4.74310745542258,4.7622431893046,4.932169816127,4.79778240964383,5.12837871438663,5.21647053127616,5.25205255084677,5.1861608190831,5.52882283654048,5.04789077344549,5.34740961304036,5.44362285331118,5.3974540260499,5.08233653045533
dmrt99B,brain,3.1108723506571,3.53420066471284,3.56401442198961,3.32494812801437,3.20920573779137,3.64312699426157,3.69679318831301,3.48290651643583,3.68930024415501,3.37915104944152,4.38624341169152,4.72744129167739,4.38388853106861,5.05342817021691,4.32285835573072,4.38747822304822,4.43290723067325,3.83195455409158,4.45551737605182,4.31419413317813
croc,brain,2.58903745632477,3.22986980274967,2.34936503784825,2.342060722736,2.65678791224675,2.4258216439834,2.92194426732386,2.70276776469933,2.60691351878472,2.83331263482095,3.61815718289975,3.31324576370078,3.48613994803149,4.08743532920813,3.99167686719554,3.47682531432039,3.61005009939025,3.25168997900972,3.20433377501132,3.48457550412155
dac,brain,6.29532746494219,6.55821852523339,6.48539286584898,6.35114980396537,6.36993427126389,6.3657543643634,6.40234208741705,6.21520567096242,6.54424356598018,6.35079155728457,6.78564708537548,6.74548273125726,6.69215733799715,6.70089751595579,7.04103334704351,6.84546981901833,6.85372719166322,6.58402110684339,6.57214294858517,6.71529898256769
dsf,brain,3.45202599394527,3.39356798998462,3.30247616341658,3.42159957205858,3.29746412958607,2.29923336432507,3.42113054032068,3.43920283088158,3.19131580087892,2.93547536642308,3.83591986776894,4.43669725572404,4.32580391183812,4.56383912442392,4.73328798501527,3.70668643979671,4.08509937961408,3.67325196095424,4.2420937992162,4.60557233994832
Fer1,brain,3.62419848639229,4.1649317623969,3.85100763462253,3.68940440636259,3.94579057730273,3.46368877550627,4.03437319088417,3.52477990163188,3.82530839050499,3.79398588484603,4.26648738255397,4.89313305120882,4.58741663155072,4.66393262626802,4.75181718813667,4.71665927034324,4.34939752026911,4.43713509748146,4.71942409556088,5.06917403885565
Maf-S,brain,6.38540657940176,6.3936221494698,6.39764350010823,6.35196972678371,6.44598570673468,6.46475577518576,6.44070240662022,6.35276881013054,6.44817384305455,6.40287503301423,6.48632182670166,6.64211389837796,6.64033856808687,6.59069292605245,6.52394958197773,6.63584929171469,6.65776190330976,6.55553302409533,6.56217353925149,6.6355701146384
Pfdn2,brain,6.75904383360077,6.77313763454381,6.73084229045761,6.77365952325552,6.79036324599963,6.78620785342403,6.81591183506265,6.72225662423714,6.75411038284847,6.79763116453919,6.78564708537548,6.93079745520311,6.85729225621115,6.79790137123569,6.89290218108171,6.88687201887558,6.90461170833728,6.87213768502533,6.87993810647923,6.89699256423234
pros,brain,7.89039413573879,7.81705525798077,7.80317585354893,7.81847885642642,7.87927260957772,7.8627305404631,7.86046943361408,7.78902737075401,7.76315943897778,7.82111829781039,7.94882148162051,7.98603943181961,8.00094958659564,7.90475479915459,8.0461362453498,8.05822559868551,8.00255500760397,7.98708133435943,7.96726897748094,8.10259950302727
disco,brain,5.02385848176299,4.76589898460577,4.80376688468569,5.07163429148656,5.0780584869125,4.85106514457302,4.7903302347021,4.67528770056972,4.86184320652118,4.84564067412178,5.24251142668864,5.43409325435742,5.46461907473956,5.27270596741558,5.39344528470411,5.50363628390979,5.26954482092042,5.37284547596915,5.14284047484789,5.26143930622664
Optix,brain,4.42567461423478,4.48486132550785,4.42606701227244,4.59771957767328,4.4217775166224,4.5364131780042,4.57213467067957,4.25050506988447,4.19007978156878,4.34242421330324,5.45737268518522,5.97126926928367,5.36397327705075,5.23036935903973,5.47684977470248,5.13771961827684,5.10657294865174,5.97016555465237,5.54635666013866,5.63176905043521
Cox10,brain,5.04170589470181,4.96641349029132,5.14265180085957,5.05678078584894,5.18847793048759,5.15678762829509,5.06722848013875,4.96604196476801,5.09587011016244,5.16847627088192,5.5843071900287,5.4429435710166,5.76787641085776,5.36187833990393,5.56202906274449,5.48646529127685,5.60123018366561,5.65410802852639,5.61754650885021,5.60110933027088
toy,brain,6.07390607824078,5.85496086662405,5.89441450234641,5.8371074570873,5.99800675302765,5.8688259056385,5.80293243629021,5.95861838738775,5.85510696658713,5.91830758335133,6.71123194800905,6.5445410923834,6.41233914234397,6.66806586908049,6.69556804464149,6.57066642138177,6.69459901922522,6.54260638994509,6.35100040632908,6.66016322772954
Rx,brain,4.24028282567985,3.91206888471987,4.1688973999936,3.98257183283301,3.85329351051112,4.22316338499555,4.19996298725008,4.13862155458635,4.19007978156878,3.94638985375607,5.18071849600705,4.84624290190129,4.73681342797767,4.80577543792497,5.2368277454623,5.14991810997947,5.40964141527305,5.38326843188752,4.92802628796505,5.29370899915055
tll,brain,2.74713394676141,2.9669240502671,3.15992561156794,2.98594972714066,2.91031859715809,2.98718240356802,2.73042695339684,3.16705979174373,2.78796727391775,2.74919948716789,3.25558635554991,4.41230047341895,4.43878373589275,4.58467538565521,4.59297532222938,4.36114592062647,4.19255700394353,4.43713509748146,4.50897313097494,4.54029568405192
scro,brain,4.78802346632462,4.79977190331527,5.03706138173749,4.60244488011161,4.89070625669478,4.80808328286502,4.85362792412739,5.04679230141183,4.66289019306636,4.80903165916703,5.08724386803449,5.80184252861583,5.71711962595706,6.06213328113582,6.00365647975008,5.83406275334548,5.77598886455642,5.98731442324659,5.93187738000229,5.8898133500144
bi,brain,7.59541067177386,7.63698476423985,7.72895747923924,7.5505276877905,7.82453441191185,7.60475073947884,7.64974416355531,7.5455990893561,7.65451499858271,7.56829283744015,8.06860863568043,8.03471442394907,7.98490575333782,8.13539980447983,8.31135596046561,8.23429996452123,8.09790314914793,8.06526670358719,8.09118558212364,8.13646969687794
erm,brain,2.88361451338969,2.67324271595086,2.94733342262509,3.11910403568086,2.85927227375662,3.05280765590381,3.29225621145116,2.63855059713969,2.91724656279217,3.28101274608,3.88368181411158,4.16092285411349,4.19841436961264,4.24402899994779,4.52624002671942,4.38747822304822,4.28957973481119,4.26249140717099,4.5841531210973,4.25616405167654
oc,brain,5.41806358765529,5.31026532474532,5.41357072475393,5.36583607909068,5.35486939605921,5.34672819463601,5.53194161665256,5.37026094326679,5.25774508767926,5.50182963982076,5.91482281915949,5.98160575698931,6.28168902862066,6.01393001534818,6.39418695913871,6.41918601978825,6.140071549371,6.13948521496034,5.95665826001001,6.24039090248447
dpn,brain,4.79559375150471,5.0271810244762,4.97354133506442,4.9394193046648,5.00114040894976,4.62812361563877,5.29550980788836,5.11036904722825,5.11490640055805,5.2532755015922,5.37687966057623,5.1941209961799,5.20352419033612,5.5972788225028,5.58622956766663,5.30670088049535,5.45869738134535,5.48192595892463,5.43937876841039,5.04231761495593
hry,brain,5.20708396225032,5.13864730794526,5.20401832310337,5.34586324569777,5.21613952606263,5.17976361707367,5.21839324376828,5.2584394774668,5.19261945184642,5.32255731362816,5.71203038943234,5.34099506473368,5.4255677053892,5.61950278387857,5.51179686050095,5.53711827613526,5.37900953571052,5.38326843188752,5.37581355302648,5.54508327793692
CG10336,brain,4.31006732076895,4.15792522257992,4.24936141539434,4.32745269102271,4.34182107400716,4.31114293651011,4.43939651854864,4.28304836855931,4.19007978156878,4.38320166856419,4.56648824671348,4.57176080205145,4.2641362825208,4.54255945812365,4.6755467874712,4.55461880776995,4.76980025660598,4.41006467434756,4.55971578579061,4.42103474233552
Hesr,brain,6.72293478313475,6.80751528015136,6.89172628255445,7.00407424256005,7.01039964410509,6.93896673181267,7.13710519480908,7.17497173374777,7.04241590370376,7.05733924220239,7.60445582675298,7.4837175140397,7.21531567689156,7.51169660888207,7.48215457402648,7.29341922055757,7.70313144077323,7.21530983349778,7.38156010556603,7.40528060181801
TC006580,brain,7.15792505677967,7.19488991867712,7.28361234426555,7.31839026563609,7.32390938047245,7.24214684854091,7.37491276327933,7.37808368358396,7.25172734163093,7.37276205783309,7.9253375020254,7.6363147526841,7.56526305629937,7.71937152166238,7.83626345456699,7.64561562762745,7.89212061853431,7.45084455027655,7.68297425497183,7.47815462967113
Xbp1,brain,6.00882074634297,6.00538248517632,6.04746048931507,6.09127448318094,5.90656889455247,5.9409198990718,6.00457707632637,5.978793401103,6.0007351761728,6.07715754618337,6.20029807132652,5.87309305835809,6.15083799670541,6.22265370336298,6.10824471080632,6.0330878807103,6.13033649939309,6.05840475555791,6.06664447674965,6.10420070215918
ind,brain,4.6755419102754,5.01531934700027,4.85427985938742,4.75516206294011,4.68559069964796,4.83694213778762,4.82804751830214,4.74221488344456,4.7244531894341,4.79021198599081,5.14172271612104,4.70925601151555,4.86676451818838,5.04044012983878,5.09106346073085,5.16196959000204,4.92817816490113,5.05482230922047,4.76073263120101,5.20522866865213
fkh,brain,4.5773329211536,4.69038374148423,4.56685043151954,4.54919629289068,4.5694866707414,4.57872653757139,4.69776912442007,4.41485320544364,4.70840340021342,4.59810613012441,4.90335658225073,4.550479348473,4.56412846479645,5.11595244422684,5.09106346073085,4.6589269189402,5.05057106956699,5.17668837956958,4.50897313097494,4.88013781219295
Snr1,brain,6.13698689192759,6.12141221726175,6.10549490721385,6.11855480450451,6.06281556807804,6.15833387659904,6.20739080792973,6.1199098694951,6.12782670993724,6.14214267483614,6.15321751715744,6.16863703570206,6.16519628091284,6.23460627540042,6.2775004204657,6.21584517546177,6.29252899831834,6.19164383948948,6.15574449424851,6.26873580089981
