gene_names,Hox_3,Hox_7,Hox_8,Hox_10,Hox_9,Hox_4,Hox_5,Hox_6,Hox_1,Hox_2,No_hox_9,No_hox_5,No_hox_2,No_hox_3,No_hox_8,No_hox_4,No_hox_6,No_hox_10,No_hox_1,No_hox_7
CG13287,4.503077282126101,4.73417988667363,4.266740670488451,4.689229269287931,4.653558832882036,4.6975681501123425,4.579575858697304,4.546627718009358,4.682440503736563,4.685629876808978,4.377801554312961,4.336301639590515,4.523896284265132,4.593306107469764,4.478383252184454,4.608923095207001,4.1679425760076345,4.344240774267731,4.083296480008464,4.589209397046761
FoxL1,4.433016019960992,4.359049998566966,4.568768939316287,4.35228879803642,4.327790837876172,4.484974848615861,4.423242181940179,4.440851984130067,4.293998925880771,4.180936691783264,4.476688780980981,3.9232514649593857,3.7708249681126844,3.658273936531617,4.115691010344723,4.445629896441403,4.1679425760076345,4.25584487815795,4.250558946872568,4.444208988063253
NfI,4.025113338027458,4.073658334116896,3.990201711555231,3.941635700014954,3.889272673339937,4.005211335147704,4.01831597812245,3.9672876004831,4.133885963794573,3.9513359271263075,3.9655975285675122,3.2069976524945534,4.064940127167641,2.807133166167749,3.1497965179574954,3.7387786947392265,3.418395949272959,3.7442040449545764,3.2932122464740625,3.465616771613195
slou,4.22253122161721,4.388178776005297,4.329993550016926,4.254779971053255,4.533706479164286,4.092784226050577,4.276521632870569,4.181487685209836,4.393662944041555,4.4699255920978285,4.268051644517536,4.043569254082328,4.262485212650526,3.5365418297729097,3.8690270839582572,4.495067972028766,3.7346753043158945,4.051472732749611,4.0462040890803745,3.991505353094189
TC009296,5.574865231068508,5.586309074471541,5.637497155282049,5.725942318316043,5.633319943389608,5.713199629943614,5.596517551131112,5.679018469421435,5.60900973327243,5.622589980704762,5.559753906007926,5.377582248674264,5.534868265517329,5.556405882129563,5.4520923725771615,5.6640926492763715,5.619556236994722,5.452948051492598,5.70826207018925,5.424198060499052
TC005946,4.289165786257794,4.2531400243288715,4.509093752815636,4.638201631009746,4.452108967976771,4.54007419060561,4.331853127108403,4.334439134581381,4.293998925880771,4.519877274010135,4.004088871716141,4.150952956669781,4.135214664690089,3.658273936531617,3.914597618399303,3.8821337441624992,4.591522116191304,3.7943139169021896,4.280898504221602,4.243258932911018
TC008064,5.445684910970262,5.275942237265677,5.347130148988749,5.371502205159842,5.324316707766274,5.330240488839904,5.500902951044666,5.341447891854318,5.472687894992839,5.569442077120901,4.862478738485698,5.008591609151708,5.234470946097599,5.081839527142136,5.215570317484913,5.093910190875619,5.156643851592225,5.138419418744719,5.4841550708504805,5.45305962943367
Hexim,5.919639292126572,5.924184387613741,5.973662252978434,5.988232723645993,5.96245314906784,5.99627593028707,5.976790296925332,5.985688968161983,5.978406356500856,5.965633042468112,5.714492909672441,5.923752707652759,6.027204934564762,5.864383420363446,5.796879157789075,5.750190191103885,5.928743697466435,5.866260165498883,5.885236034290113,6.033648473686805
TC003570,6.6577576986993865,6.747964321332339,6.699928893967247,6.696410999324359,6.672360655896218,6.634433045560838,6.579879166881573,6.553905794340544,6.685065899097578,6.578613836354311,6.399128329317054,6.698604920302673,6.6746319894402975,6.494191058869424,6.557398153687451,6.44518188458778,6.397748644215304,6.390633066811076,6.5402303794483885,6.536051069209984
Axud1,5.193285149921588,5.3400133811780055,5.016535145447537,5.241919779625151,5.109574806074939,5.088790848305457,5.096549739050703,5.081596551525609,5.161473158144836,5.141757023195007,4.954169652631395,5.0780987238890445,5.048688105754811,4.884077886907627,4.937735965778688,4.996561023168848,4.870880271674407,4.877813693816415,5.275402880623507,5.104957069639005
yps,8.750693448582458,8.815668966885687,8.79591915616789,8.77309672031236,8.785182502834145,8.807663995625811,8.751831959684951,8.787716833958427,8.758032746099012,8.760951380184915,8.713231782122326,8.752743815632313,8.704922807418123,8.744306088819862,8.702353496882337,8.749081547871715,8.704498636181917,8.733164846343023,8.817161720667864,8.708493108403488
vvl,6.000834239337807,6.052734732369196,5.964140052348443,6.072770148808531,5.999315478321181,6.043973205444994,6.086045618375231,6.021318819477958,5.993167371061113,6.025769050859245,5.805771502097378,5.774838221694036,5.969285332429506,5.901550952224348,5.8236459537803125,5.860718796149241,5.846906374497753,5.866260165498883,6.236255078156995,5.788307351019542
cwo,3.1187763087545672,3.3084912233289185,3.1503182383401604,3.079255595868074,2.7754926765457033,2.8845576252956757,3.1085202604562285,3.0789884651470443,3.0597768667154486,3.0923276590549693,2.227892247537219,2.777879341741464,2.8885003806674456,2.807133166167749,2.811323837687309,2.2660653884901047,2.682719331148127,2.7854251002158534,3.209571036164557,2.4907285987434427
cbt,4.9883292477621595,5.136710809470816,5.099386417773066,5.170234212722038,5.084482408722618,5.048577487537391,5.155994975266779,5.0120473070126375,5.169210853820312,5.144369797959478,4.878356353313312,5.104602964206265,4.853962772883966,4.884077886907627,4.999821633449135,4.587165553790484,4.591522116191304,4.987365979350866,4.982040492192325,4.991281793603182
Fer3,3.1986147491802526,3.357954278345311,3.5140574884068383,2.99265458351921,2.9803228878337666,2.804918666388856,3.1085202604562285,3.1962682898206194,3.101264318336714,3.1704388529689824,3.168457242330313,3.0152818442836176,2.2495190022736713,2.291805402300973,2.6671441722430798,2.46824686789095,1.7122838072778301,2.7854251002158534,2.4684253324834433,3.1415685258324566
en,3.8513638242083394,3.5344578785456084,4.040569778907722,3.5371231422854654,3.8985583777022894,3.695630826079862,3.9239852935020063,3.7165051780040086,4.126624519845897,3.9599023844526458,3.5299171226790955,3.290630164216066,3.1004495847648847,3.8646610385648454,3.324948963408188,3.1181037615066716,3.165813174509963,3.6357574212168684,3.44204389489488,3.860609325766089
sqz,7.059367807075112,6.9853043041533756,7.0808081822130875,7.020839882298078,7.1788627834182215,7.119804679375249,7.002627652976113,7.075406623058908,7.246240844493389,7.064065429351553,6.908599325223175,6.727405433324821,7.0386660106416175,6.922424310955332,6.935604429651647,6.7826702610851,6.822637167516566,6.9252777674217985,6.869577921788416,7.116387218291327
net,3.8001376991223466,4.017038078271889,4.206176558677744,4.0803871996256555,4.036478281506603,3.8527093409003457,4.089381208471257,4.05698385685129,3.8515298507455995,4.234199158573412,3.840345827049015,3.506299778968857,3.668020411419452,3.995567736030686,3.958181675319404,3.7387786947392265,3.678920664949411,3.7943139169021896,3.836785303989488,3.949748541841307
bin,3.880885453149494,4.008681276070772,4.111662655770188,3.859560960582584,3.4658912830134443,3.6251708162274756,3.5846221449911777,3.738193692575897,3.5897821887183685,4.001667309220968,3.168457242330313,2.465971010676446,1.996383252174583,3.3979100363866275,3.0491870147224454,3.630347167983656,2.8270538523888415,3.4472349282682804,3.5089012066691785,3.1415685258324566
TC033122,5.811768708605272,5.897888951641473,6.0244727978474115,5.939567956245487,5.787192602598504,5.829777338519649,5.840979940615243,5.747475340467001,5.9122050961451915,5.862977037535658,5.799520820549451,5.607740393101234,5.361664555794724,5.6699340789414645,5.94183403294792,5.797190411233719,5.611287652473012,5.7961500560596635,5.891225410367869,5.634667068025983
TC001226,6.945722179455714,7.01936032846503,6.971269186434675,6.987260687098518,6.968775408405987,7.013507531520731,6.996816572993108,6.967213441543076,6.971164762652504,6.941258529818638,6.914785127820534,6.882490678838729,6.926558193518616,6.904742330808856,7.012895561637356,6.9553720442164915,6.8422244960471765,6.888313849594373,7.007739036044618,6.937815164643109
crc,7.273413392575663,7.316795213202523,7.299702693045886,7.31911536663777,7.316982023114751,7.281777326250524,7.308336263002603,7.324794646651109,7.266319829176421,7.305618133767485,7.300540959932179,7.211061198656772,7.280437274276462,7.176437204083476,7.296323024159616,7.203953208880006,7.219460250905974,7.219099255001737,7.319346101814901,7.3012658725058275
TC008121,5.839504822010622,5.829635654161452,5.795159329576813,5.785856041321607,5.817489888418739,5.878235802414106,5.876062254115587,5.782803802955832,5.879912747908907,5.879376326036415,5.860336086073978,5.607740393101234,5.765564076444828,5.75089048254741,5.849714926325705,5.633663463612266,5.6910490622624295,5.691860258346754,5.810417463060723,5.781502366295149
fd96Ca,3.964555758066163,4.13466974062128,4.1992150826153285,4.049429215822124,4.33975318975656,4.092784226050577,4.197635830372916,3.9672876004831,4.203739802598805,4.2145566744883265,3.840345827049015,3.1157270983964245,4.135214664690089,4.2473382966493505,3.2412026461880976,3.8821337441624992,4.056470256750685,4.088568529547497,3.209571036164557,3.465616771613195
ftz-f1,6.176513155324153,6.1260534268436,6.151204628264818,6.15742154104549,6.23768015211746,6.22209941893416,6.23215064585696,6.179801310793944,6.093871707408739,6.217015039468897,5.92874541535005,5.979801072671899,6.147558768083712,6.109437546924376,6.113887015483773,6.100389878542089,6.202057517160077,6.166997814681614,5.943574263157081,5.979124700039094
TC004054,4.427417772247081,4.239909141133356,3.990201711555231,4.20221156269884,4.185793934731978,4.207861913345916,4.089381208471257,4.267225270844589,4.050953626749736,4.001667309220968,3.5888162953120797,3.568961055149806,4.291923759086723,3.816918826564864,4.151475818166893,4.118870278086925,4.09502497851538,4.192251317363183,3.5089012066691785,3.3939100467002867
TC001726,3.537125009211134,3.0603767905999777,3.1700628882235127,3.4262334849095466,3.5077423652402735,3.1319523039422528,3.5971697538462624,3.425962577940309,3.6384451485922717,3.3266400925424193,1.9754985875323547,2.777879341741464,3.275238013075745,3.2369181018533024,3.2412026461880976,2.7802117292123683,2.682719331148127,2.47333434625102,2.4684253324834433,2.8032448599644844
TC003413,5.239196615993823,5.125786624886128,5.3537578357315585,5.281670854897918,5.214055734457738,5.381954987311377,5.397233383444427,5.4746504651018935,5.077802022106411,5.167582564853191,4.743661038039198,5.167944094336187,5.164243276771393,5.095547798016049,4.836721278080984,5.275208893420893,5.207649054382646,4.926241237885402,5.025549069464157,4.84575094604007
CG13982,4.339450439078116,4.427584158263782,4.336104235279702,4.363835090480202,4.419707535160617,4.311052868313492,4.141361206513651,4.310517169998718,4.353820270465155,4.247083022287672,3.7471819592245117,4.116423957327959,4.064940127167641,4.111304568662357,3.9999452309359467,4.542176633985276,4.132148252075881,4.088568529547497,4.0462040890803745,4.362977217071541
tara,6.252632816981039,6.252087858964698,6.248483333676521,6.2854209349395855,6.262325095665782,6.239175570582307,6.28186885034352,6.238710178111529,6.267456075995639,6.276786793652859,6.023312412238113,6.20352871937064,6.259036691023692,6.157651316810641,6.12371762604213,6.2975646170644834,6.17879420270138,6.215905072404832,6.12923108981994,6.158217330232972
TC005661,5.752384987641039,5.529269255265561,5.700153328072414,5.9252173799065275,5.500997691374483,5.431126088077572,5.502759280947398,5.758916813082199,5.597356806657366,5.629039170644784,5.423352988380753,5.542391849256298,5.682454919714244,5.614780197517658,5.432758348375383,5.370053793389119,5.643959521300784,5.302605972733443,4.888896268481616,5.29962255820714
ab,6.349165654319417,6.420488371895735,6.368748375827854,6.447197998112536,6.390277410909064,6.333497752354599,6.340529546548037,6.397850155645444,6.371512273610413,6.437255868206834,6.327792543395243,6.303004349116464,6.302699353498365,6.34197150211841,6.39977961750777,6.236060474991535,6.374797853199856,6.185060231873724,6.201837572404081,6.22174466992421
exd,6.610810225447954,6.676029818269823,6.645165796539216,6.70749010882928,6.6317356097458795,6.623571178233532,6.675005725270704,6.683236742886028,6.62638660408394,6.625381549566472,6.6742674201250045,6.549957102697155,6.613918923512669,6.646683516982166,6.6424400716862815,6.47225969744443,6.511978946510215,6.4910772295203945,6.448801657024349,6.486691098720174
TC001789,3.5903802078254636,3.3252522273378338,3.655959568964448,3.7057550617318995,3.6237124234474956,3.4086663139811275,3.714679115037663,3.6003902626871622,3.397976736891639,3.605303224128425,3.4005637534726465,3.0152818442836176,3.352368185788642,3.5365418297729097,3.402220577089831,2.7802117292123683,3.0651283583019726,3.0229329090236066,2.4684253324834433,2.9291707713132094
Pdp1,4.444119362526079,4.438563404725975,4.41795030848671,4.497927620575885,4.321755568740407,4.347160064872707,4.660265672882329,4.556141708401915,4.567378444652064,4.562795136125731,4.296638842660432,4.184329390467374,4.523896284265132,4.33844885645388,4.219418727420903,4.15340065174918,4.09502497851538,4.372050992863623,4.250558946872568,3.5952337977075195
TC001083,3.466301755861816,3.718657086576658,3.5278226572123326,3.381260327353227,3.5609512174285385,3.4384348849854,3.3746416963708232,3.6126275733355144,3.6502496734650967,3.5163388651542022,3.7471819592245117,3.627926352739488,3.275238013075745,3.04493947190477,2.937311177433031,3.2093839243830558,3.0651283583019726,3.0229329090236066,2.4684253324834433,2.4907285987434427
TC007831,5.571294613498771,5.636981581579524,5.6308431983225065,5.730342973956789,5.681085031749826,5.58465112039556,5.7654669434161745,5.671287089709691,5.522632226313198,5.669974615271555,5.583380200655829,5.599801577831523,5.575867183067249,5.530306052289608,5.635294680682696,5.64135800584515,5.4970688759480515,5.462210779871863,5.297270566044424,5.118299198708191
TC034116,4.143709558667236,3.8045802711470595,4.178035070964196,3.869020185077547,4.0836593662429745,4.317161999245895,4.134098878886844,3.914744538454299,3.832152077316374,3.889223494315861,3.925565085022095,3.9232514649593857,3.352368185788642,3.5365418297729097,4.078577972609303,3.9256891569326857,3.7346753043158945,3.576779190741735,3.6862219832083265,3.465616771613195
TC030585,6.7770731509126545,6.747964321332339,6.739807296616673,6.7579782804099775,6.746295802582399,6.814131424158116,6.81667376931305,6.735989899485907,6.7950306887598195,6.691393738364193,6.669024711571996,6.74531037156471,6.619593156020073,6.745542988202228,6.793488029311321,6.719512044718187,6.721235978784096,6.606124952052548,6.714477515508149,6.642550224394886
al,5.6618576298701795,5.9376870970297695,5.678110338445801,5.702139381506886,5.801077988793243,5.778850532263903,5.781032616168262,5.649315713914088,5.70519004709754,5.703349723245957,5.3072617906584165,5.917971143000331,5.492116307948009,5.4086037075933975,5.413043137705389,5.409482181908953,5.44941375458112,5.615754966897186,5.510714047705533,5.45305962943367
kay,5.287852888078574,5.451084154726912,5.388382217654571,5.430496238186378,5.299579290995563,5.37351949846936,5.374301260724267,5.3733167799833526,5.3688466400312125,5.442283451627848,5.22163251887095,5.4542010848963765,5.15204376672169,5.12241315170746,5.215570317484913,5.252852323709895,5.220003985320688,5.313363354040355,5.194865186078084,5.207019185127529
TC032433,6.4081879340113,6.468950180710137,6.436615539497936,6.482308596986423,6.418189149599151,6.443212263057024,6.417716582732773,6.4681323584499575,6.39967855540353,6.400045261186562,6.4229403489379155,6.449537500124594,6.250889061309158,6.330158006481914,6.388583290009999,6.336561554709459,6.449336787101057,6.433426396986677,6.253029576420194,6.301972803540499
scrt,6.823127399042348,6.794061200467667,6.7939281789872625,6.810025062938437,6.839841323411896,6.828074554458832,6.864841916826187,6.84970744041882,6.8409711741737445,6.75800500957926,6.85113463990605,6.860141584128463,6.708848417676828,6.599400343292603,6.760401736800278,6.762890298427976,6.712992823562146,6.797966373313078,6.706581964682734,6.671005558780499
sug,4.6791964422196894,4.684203567026517,4.660937095549704,4.72185623573498,4.909022312269947,4.659377742454668,4.738916850925169,4.729571779052794,4.6570384700964595,4.6731678842497635,4.522691799233609,4.443172288922373,4.4767972016647315,4.215025101942521,4.313390995264801,4.518899680613877,4.6142812120458405,4.524396427135937,4.366756697385101,4.274558758156723
Or47a,2.745289042049164,3.1632133249981305,3.245359585435788,2.7650782186317344,2.7466665854758947,2.4425818680012688,2.398926879482798,2.764815842446487,2.737723432986674,2.962373495458215,2.429249120883646,2.2638367940639403,1.6566242534858588,1.1703732602894945,2.0411417515104096,2.2660653884901047,2.513980502336621,2.47333434625102,2.0125411731703124,1.167520446102434
TC002961,6.382296576738666,6.3976591740864395,6.405567686532879,6.359875860252123,6.391042116308879,6.39711395495722,6.350907244770199,6.39634777219361,6.433624787033316,6.366790357818976,6.335159518460489,6.212206917250145,6.263085746394559,6.2646815134613325,6.346423021760346,6.317253168986015,6.315004889063489,6.189525315898356,6.363176534240136,6.318072862069584
Atf3,4.12108890017689,4.170994131066866,4.185145035176069,4.049429215822124,4.21988197883646,4.241267403832963,4.169894320382116,4.221974040142881,4.050953626749736,3.907367036211045,3.840345827049015,3.786451634229682,3.553423164847189,3.995567736030686,4.040034291243667,3.9674264109671826,3.930994559827478,3.8875766989217784,4.007682676723269,4.0701261359679215
Lim3,5.429328902327334,5.381264068849177,5.335985446081746,5.383996701004788,5.564116582010667,5.472252727428582,5.439604267809348,5.345756216199339,5.397881416918642,5.386518220112166,5.11562993169675,4.964443450723227,5.062207027734352,5.174070990932749,5.413043137705389,5.339427557927758,5.279587699127052,5.1759424284642295,5.206775363472102,5.131465656624833
pho,6.500598080202292,6.520631752209824,6.5379304262528795,6.583920926820887,6.5510514044563175,6.599624407654873,6.588683161595486,6.542279396102307,6.589203391000651,6.533461882528242,6.500527914720418,6.486335374473471,6.46707800802084,6.5305046945105145,6.485104707404558,6.549353587758649,6.498393644069492,6.467739750659373,6.445376559772953,6.526372065267825
TC030888,6.021569256847704,6.109762503081599,5.962943376489215,6.0292258061940665,6.064970693993849,6.117060133407452,6.09223632680269,6.108219137235439,5.956432896231293,6.002810576028562,5.912076795494291,5.76812516699463,5.804664258209114,5.70754669163682,5.594621409485023,5.896984678179807,5.8599409381888155,5.691860258346754,5.570072212298874,5.834688122294482
zfh1,7.442765769643628,7.39671596463636,7.344001979359737,7.390889249098074,7.363719595042733,7.379563657234075,7.436625691874184,7.363830036299351,7.356475978483236,7.3445239704154925,7.279353220179085,7.135049837609317,7.223319382219404,7.296398773588034,7.1994138327248605,7.329123365987595,7.19760845217867,7.155033770183009,7.17645730539512,7.263206729294648
CG11617,3.1187763087545672,3.0818075473952664,3.0886315463260043,2.96977955561077,3.295446504163684,3.1516807346524858,3.3429922357870634,3.34984356114393,3.160436534823023,3.2252620329079136,2.429249120883646,1.669585068090168,2.619201503201172,2.6629951647124708,2.295814890563144,2.2660653884901047,3.165813174509963,2.641505710706025,2.2662401513553325,2.4907285987434427
lmd,3.5507070464484896,3.5208824615913143,3.655959568964448,3.1589509403433538,3.3608365378125233,3.1319523039422528,3.505838684937478,3.536851279724895,3.3356651250978855,3.4332289287764577,2.865656037251377,2.0102182105663817,2.8885003806674456,2.9330887046217575,3.0491870147224454,2.46824686789095,2.8270538523888415,3.2147172743827284,2.6365265652111556,2.9291707713132094
TC000916,5.412700920099461,5.505134287229317,5.362526970327269,5.438366921655339,5.290429953964157,5.303344489984916,5.461102171423446,5.276796864658661,5.379313243279161,5.346825088810422,4.829946592336515,4.606461087706783,4.568876467462861,4.814423738520966,4.905185141559203,4.9363588845020745,5.046095751850666,5.099433356282359,5.0941039797782555,4.913057887384981
Dr,5.958028024376271,6.09215757583888,5.907554710380262,5.960714921103479,6.0702522483990755,6.043973205444994,6.055571392986029,6.002548635941536,6.063870934459435,6.057678672216769,5.606461153138258,5.607740393101234,5.492116307948009,5.447652179441317,5.498852670056672,5.465854772754082,5.459128192499021,5.654531439886474,5.693817506016114,5.688546278664223
TC005342,6.536659818663761,6.56717764203895,6.588510994889713,6.61279771912036,6.703041512949691,6.582071187999729,6.73410225585799,6.639405948399308,6.725973336476678,6.614643095787908,6.309134107397911,6.16804261943184,6.178815286045845,6.119268060776034,6.36196046447704,5.993123999005173,6.026556247821638,6.180575121420638,5.7572356430730425,6.100356394280122
TC006788,5.514254842656684,5.4823267079098725,5.403161385573483,5.5652078242931715,5.523090177343298,5.445023751081177,5.5064616347454995,5.6461371642482066,5.727488699557897,5.566024643680484,5.11562993169675,4.886234690766619,5.211605365387834,4.917166207635705,5.191013479052005,5.120068162139271,5.046095751850666,5.258380484691678,4.691700579498526,5.194816719609621
org-1,4.754822130936293,4.580816782778238,4.573584784404822,4.502934698515196,4.810069216130928,4.535188742295642,4.4122649729903225,4.650927381148968,4.626563471770668,4.548692856133257,4.1447546327494384,3.736351097788164,3.6123624567877597,3.145528703770794,4.078577972609303,4.007491236181009,3.837644871548911,4.286186714028439,3.6862219832083265,4.390794131395513
HGTX,5.578423144675959,5.437102485753199,5.342687161212777,5.333053813807708,5.526725268098179,5.493138640747966,5.508307684015908,5.3981002582099595,5.432040882162693,5.342553723615424,5.2865320241517235,4.7467916832040284,4.785526704699892,4.995392398011255,5.1785051546485485,5.025355365423171,5.13013129514788,5.302605972733443,4.967106549583764,4.913057887384981
vnd,5.955595311344327,5.904212773896185,6.141235929672363,5.865662514892454,6.003829174439083,6.062220125843728,5.9463143377479115,6.057834185464413,6.06492056721057,5.955249153509261,5.889410762252998,5.336952692968805,5.526462843164013,5.539081902634734,5.711991270174672,5.561610925041745,5.459128192499021,5.834999868810503,5.5280360773099,5.634667068025983
E5,6.0043200703508415,5.888967873120469,5.817564577684222,6.0507038868221725,5.921738381749372,6.041804453915649,5.9756351588946055,6.072490783134661,5.94939238417662,6.0732595975461034,5.621557707786373,5.599801577831523,5.947363225597697,5.876926717280267,5.8170211229013224,5.380057589350101,5.602950128029685,5.6696305876798245,5.8547389484929395,5.634667068025983
TC031968,6.047453304595167,5.843128154926965,5.991275613093579,6.031394492377485,6.023892415962654,5.9674618006068645,5.98024772646843,5.976579552963133,5.8595094527485445,5.982703448009269,5.7676675602526535,5.5339146389117175,5.615251182008411,5.646668162633123,5.8236459537803125,5.544868933101182,5.6910490622624295,5.591746193341516,5.993318497219977,5.526183818044161
TC032451,6.552204581550077,6.548156480536976,6.403257591191176,6.506846064225498,6.570404435039653,6.590259230592599,6.540587645274992,6.5653985714869565,6.531029407176836,6.4641081443489705,6.132434047811442,6.229340595896513,6.119967198407514,6.391609520556536,6.436220450802865,5.987717495872156,6.382506791790848,6.171544096973332,6.403333366565589,6.383745771801177
ara,6.658360970457337,6.551461910933016,6.510609089476449,6.604893585978025,6.740384010107957,6.654633473269066,6.679017887476408,6.656937766543239,6.615557569395844,6.56168272017123,6.399128329317054,6.2709328502458055,6.275135463080235,6.5239995446183,6.481691126672852,6.248667649810883,6.484621236387783,6.311033653199832,6.431557638381539,6.364873845369598
hth,8.024647510356699,7.966303629758411,7.967985097946638,8.004580038672598,8.023785005941226,8.018238139050343,8.011765525173821,8.023981046056626,8.025516568970733,8.019109302304155,7.8255313524744485,7.755701018878756,7.87180729028437,7.875979222022828,7.902150586006857,7.777383621250275,7.919698172335588,7.851178924779945,7.9033313145776365,7.8513714781691935
Mef2,5.376420816703942,5.437102485753199,5.619091161357146,5.493648809751721,5.63005299793845,5.466480038260281,5.5498525850147535,5.5510208983749525,5.484004195703403,5.4345048688484345,4.878356353313312,5.036976786277865,5.048688105754811,5.010329239459745,5.1785051546485485,5.370053793389119,5.279587699127052,4.926241237885402,5.158259127482254,4.929199853188644
Kah,4.276189358860472,4.532302123710162,4.761377598595084,4.517807242171473,4.9582621073895865,4.655042912407726,4.481553056965985,4.7375014586744975,4.5094511800531185,4.599456959210188,3.6444384731878756,3.786451634229682,3.7207432055193967,4.111304568662357,3.8212803089061618,3.571377861653555,4.016369252725314,3.9311369793993305,3.6862219832083265,3.23294233547551
TC032035,7.5020759978743525,7.482494503535532,7.413453181023298,7.486573146012974,7.478280115698396,7.434976579751046,7.447560016159991,7.4601729086078095,7.462522079967337,7.473955201410066,7.28220432439757,7.336511828363669,7.287715628494941,7.426258914953058,7.3493977784816575,7.344595649590877,7.380371651703371,7.2254438468349464,7.208956036930042,7.362114386625505
TC003191,5.844960910270675,5.779497306097964,5.693904755419018,5.860535729430085,5.789985146997482,5.827089850864764,5.6634597362658905,5.826276015593535,5.737726984081062,5.700361234542351,5.232745834239316,5.623431414811852,5.114526012590531,5.45718061624979,5.285817497818135,5.519218365420633,5.506333316336063,5.044968734110137,5.4930866683444695,5.219074543744276
inv,6.370302456701886,6.288800015940668,6.371139485340741,6.330595077443556,6.3496846726078875,6.441029951859056,6.356450946170831,6.354122088410943,6.366869072435225,6.317970801294629,5.9176639304813,6.093053421894571,5.6605516809927785,6.079352520730201,6.14309358989482,6.100389878542089,5.891802866928318,5.9713372959890645,5.810417463060723,5.939108310737507
pnr,5.047420934027926,4.823502871749798,4.720746090346751,5.015322001220523,4.919066147395379,5.071754173193682,4.789374297134562,5.109205964540448,4.811670343862167,5.20018855376301,4.499954801495425,4.78351728698807,4.401708505492438,4.2473382966493505,4.527839775423101,4.366564187615492,4.720900211255696,4.4761481789010364,4.519092540108301,4.444208988063253
Dbx,5.088831315011528,4.949031483710193,5.016535145447537,5.098531803208577,4.8886268440683756,5.1802056684146205,5.090966212734282,5.136073533880212,5.025799380366044,5.062854996344201,4.725473121784356,4.886234690766619,4.7120608128877155,4.7588021563547525,4.663035125655289,4.691507383070751,4.679606470983273,4.570423536951349,4.691700579498526,4.945085389725283
Dsp1,8.378281695472301,8.39218254406745,8.408714612618502,8.421958762367538,8.404491106510209,8.417457026905785,8.421135701074897,8.43507906011438,8.432594352320478,8.446746125913624,8.329226738092895,8.36941659851956,8.389251946868264,8.341397508057744,8.355877258297578,8.276016055711892,8.305871551146934,8.251426515006253,8.347823054745701,8.33990679227938
nau,3.7680931882065076,3.574112208856764,3.7143544478693977,4.102992532234246,4.05245393027369,3.792805165169729,3.976537937482073,3.9500781851013373,3.718292125748243,4.187751720904492,3.25195675583241,3.1157270983964245,3.191657821865381,3.3979100363866275,2.811323837687309,2.7802117292123683,3.418395949272959,2.641505710706025,3.0178323156963653,3.1415685258324566
mor,6.920057745865424,6.915796967970811,6.8639238336261155,6.867978209919887,6.8753163506384665,6.898708196166218,6.861511272690108,6.921142737513249,6.907282014964663,6.883367748434609,6.866352884825244,6.925744026594592,6.8328018453329165,6.879907540750628,6.827936202908353,6.709026000666458,6.825106668150529,6.847626623730783,6.839960491037735,6.744020485843872
CG12605,5.254043677690081,5.247174567053635,5.138372469219721,5.188013917325103,5.188940976832411,5.349948152701562,5.145446284839715,5.192757850928818,5.243463014165951,5.185271627080056,5.11562993169675,5.23901013508043,4.918013836680224,5.010329239459745,5.058276965079637,4.888702751985202,5.088996010441486,4.844174647048691,5.120261981919128,4.896651077573403
TC034819,6.093057486058149,6.139097128943719,6.0930040575468105,6.091304114222057,6.09316530650536,6.160408564286657,6.053435090817064,6.154273279625549,6.174132781401743,6.122528908076338,6.067440879448062,6.017245801829082,5.996028966760307,6.063963640320665,5.998846480199384,5.9433797897602965,5.964368378375299,5.925993558034072,6.025157708547617,5.933258687504161
hkb,5.955595311344327,5.8323487574296475,5.742833086875906,5.750627124913913,5.789985146997482,5.817626355256651,5.855421620032916,5.722718656776186,5.733351976951033,5.596369074820658,5.459236724087016,5.5339146389117175,5.752183401530429,5.581841802059413,5.29706016503158,5.510519851327195,5.542555915330843,5.480482748972448,5.610412363599766,5.45305962943367
kn,7.384394373592258,7.321084220364797,7.094804493396497,7.175725645403628,7.153154365108465,7.198960752597651,7.203659669545987,7.057715339451927,7.050580785692916,7.118067492639763,6.960979649364728,7.050916123568898,7.019885111520104,7.089495314347651,6.89572742696219,7.093665132580503,7.152417975833225,6.9167024946439915,6.979984960404691,6.656879101430044
Cph,7.349356489322819,7.335952516173028,7.262532605299526,7.216613618306155,7.238255583420841,7.3010673882004244,7.3107721713008855,7.23405535670951,7.22278863762357,7.2362438150517665,7.098310840173996,7.14869112419622,7.117352231831253,7.12768525850116,7.000760663660465,7.164633714738737,7.209434105393493,7.190039659096665,7.113400056617711,7.014306353610891
TC011745,3.509394668566651,3.7073783933713997,3.427232927050578,3.469270806034168,3.3765371243093774,3.718055826262785,3.747398300032376,3.7488640660715107,3.6619164757001528,3.6981395098173464,3.0773450834216023,3.2069976524945534,2.8885003806674456,2.807133166167749,2.6671441722430798,2.6363455444327895,2.3108712656423287,3.1234157181374327,3.7890726994400525,2.033664621445974
chn,5.87708669176068,6.0229530219141285,5.893535460622826,5.9407545933808725,5.8831135945401405,5.936587451613647,5.8632118690334245,5.8679368655497415,5.896189265833108,5.73853184166189,5.721296440325262,5.691144749122504,5.745425318659224,5.700136495002895,5.697115334251275,5.671557437884714,5.750572564799619,5.741884862079805,5.803922364717181,5.577718741893935
Kr,5.89277066789881,6.103584328255598,5.6308431983225065,5.974568473070543,5.57281693129213,5.860175220982456,5.859324330511424,5.876823349308276,5.760742487580006,5.839816986032618,5.665526284692099,5.326532028740461,5.331350484819347,5.367968274348242,5.48041009530931,5.339427557927758,5.195139567608859,5.247011600015092,5.586404065597907,5.230986300147395
HLH4C,5.188051286740588,6.151972881216336,5.271170188891308,5.551299822234027,5.564116582010667,5.28500334080286,5.582916467724328,5.747475340467001,5.457397494012747,5.57624210575305,5.2865320241517235,5.091438650821964,5.034983915029762,5.31473579815764,4.888503575893199,5.380057589350101,4.985873199567653,5.258380484691678,5.011255515586709,4.543173116223176
TC012748,5.047420934027926,5.194749528852578,4.815623294315648,4.99720653188988,5.1863944582039085,5.192971041566088,5.209620622559017,5.089959708103519,5.124550521357148,5.048598981166325,4.878356353313312,4.818941764397505,4.767660000852038,4.884077886907627,4.871539007999952,4.872298961922993,4.888139822655991,4.809364506049265,4.8558150606848605,4.589209397046761
Ets96B,2.6503645336528585,2.4535853832437597,1.2022053743793333,2.5434788613849597,2.4801395962004444,2.060460987549187,2.167457674088162,2.3481910770463,2.1607336728209354,1.919322125074683,1.121700762244655,2.9036091044577783,3.8640390386220336,2.9330887046217575,2.0411417515104096,4.280706216344525,2.3108712656423287,3.514103308834394,2.0125411731703124,1.6915756906154422
fd59A,3.054414785487104,3.8931653341084966,3.9461992252505826,3.5882736119470633,3.5609512174285385,3.0912879588907445,3.505838684937478,3.34984356114393,3.2692112352340583,3.2772352018318864,3.5888162953120797,4.336301639590515,4.291923759086723,3.713999270278695,3.540871635871335,4.083104781351705,3.165813174509963,5.058865504557906,3.9676177066252616,2.659145671266209
Xbp1,6.000834239337807,6.095286934411285,6.048941618199225,6.030310737185631,5.954205127624773,5.975613798971337,5.961668410854957,5.9822826544413115,6.0132525291317265,6.00722444894612,6.033288399413308,6.149815894364966,6.067316287395079,6.094508168160903,6.103958803748482,6.256984989516118,6.090258401927779,6.185060231873724,6.09572917096616,5.879012731775057
fkh,4.528768757341308,4.576069871434548,4.544335561092949,4.584429500446932,4.419707535160617,4.382008837984344,4.746847185054534,4.7255832339721335,4.739316875402449,4.664772765810583,5.337572322772751,4.8361942676191285,4.918013836680224,4.79622480885424,5.072372067858656,4.6302173089967855,4.2995365825233725,5.151084176503732,4.838854807756766,4.469883239512773
Taf10b,5.968902585152193,6.061391261521638,6.045640007661212,5.984834125330843,5.977592722035158,6.029791509216963,6.059830354519375,6.006996951220023,6.026421960224482,5.993923949867864,6.118858139005123,6.063416360706446,6.1520842458427465,6.114364883676887,6.157383099115846,6.075874387237632,6.085102166537812,6.143951106249504,5.937891228438015,6.0442053539244815
Arl2,4.750767432259006,4.852791434079201,4.7849869607367275,4.638201631009746,4.764467431562403,4.807833595717989,4.913781255831129,4.764770388028015,4.807990002898149,4.7418165206732095,5.024638125613603,4.708665716900206,4.978208151662113,4.777688529255494,5.072372067858656,4.872298961922993,4.798699362408614,5.002080712830546,4.888896268481616,4.991281793603182
Hey,5.95071205869171,5.886404307151907,5.9062883236061,5.859249915647125,5.954205127624773,5.958063123802892,5.965178428214674,5.864104064410118,6.01214720765745,5.980444160180601,6.371201653643679,6.107548947375733,6.174409439839678,6.225875145419546,6.138284681508735,6.165998573616139,5.922680881892149,6.153233624398723,5.926427340869441,6.08030073815668
Prdm13,2.3417508052754914,2.4130344002261377,2.2868925052031774,1.4246549618528597,2.5176067079426514,2.718384236962104,2.356722080694782,2.3481910770463,1.990972081811564,2.728972166212898,3.4005637534726465,2.465971010676446,2.451346995946624,2.9330887046217575,3.4739471986302664,3.1181037615066716,2.0557127890639038,3.2147172743827284,2.2662401513553325,3.23294233547551
TC008143,4.528768757341308,4.486530730745346,4.389482407920684,4.542113590950424,4.543453468183425,4.426661626049866,4.541511820360875,4.570245099744366,4.5579539376222,4.6172958540162625,4.725473121784356,4.516440009757689,4.7120608128877155,4.777688529255494,4.836721278080984,4.749256938501659,4.415810163039025,4.425453502759346,4.6512606401834855,4.773584752521243
prd,2.3859514472604024,3.3417369249029045,3.667914530279626,3.7596952722616472,3.3286759078541217,3.1516807346524858,2.9064822789045452,3.177652129411486,3.696121773999331,3.1514755766900415,4.522691799233609,3.3678048877096334,4.168582766430273,3.658273936531617,3.958181675319404,4.186778369639752,3.341079933248918,3.3755726964526245,3.1182901208120493,3.5952337977075195
da,6.624004456408928,6.592200381120444,6.623753644624784,6.612191921999116,6.631134537365371,6.613203271382002,6.618293068337476,6.5972619631786085,6.628777213580871,6.564839816458116,6.575416988086436,6.638389291256864,6.633639454398356,6.691831567757494,6.720813279124246,6.668693930570571,6.732122206307169,6.738017394758058,6.57699215280787,6.676600735399407
acj6,4.634571634804554,4.561692422137692,4.178035070964196,4.487837618678718,4.2721154917390445,4.021714733375262,4.313747350842696,4.181487685209836,4.027088853301632,4.253463236384668,4.1113993912636015,4.689043409355927,4.767660000852038,4.995392398011255,4.782110439070322,4.518899680613877,5.1166066779416886,4.451122050210535,4.366756697385101,4.243258932911018
TC032830,6.519484676269404,6.375871204354415,6.22203758004333,6.25210495510181,6.432225056682181,6.267292238754624,6.259496504557324,6.217361200690315,6.260578554119197,6.253821427537885,6.378256777815107,6.509066279613311,6.412914035240471,6.562410435728416,6.365807395387645,6.475593446266992,6.420184492666069,6.41225862307306,6.293774583395859,6.394900307942251
ss,4.925525217557579,5.3153298391894745,4.98837733794647,5.392240470047182,5.081655097720346,4.988170813111559,4.962699133648288,4.981577424536826,5.2386807673761195,4.816973457506955,5.077642543316837,5.472472433386088,5.034983915029762,6.032456669759534,5.711991270174672,5.879016129930932,5.169641112152054,5.324006244622738,5.329200807995437,5.219074543744276
tup,6.098350588517838,6.111813441517671,5.994761361127243,6.303736195352317,6.150198254167089,6.1240834098379935,6.0839735028702355,6.142714888337498,6.149374663922189,6.123509555006953,6.048068225801177,6.31866244999638,6.348252948750556,6.243308593849755,6.2606379006732,6.293579958897168,6.251408077919667,6.34592627928364,6.273609585004022,6.361056342620386
Dll,5.544100689129384,5.389735757748043,5.4156576880113,5.741984249126518,5.478406079784452,5.143570568136006,4.949886556174799,4.914399086640737,5.108299437185354,5.303267523849573,5.152226934451653,6.0482618033438955,5.591807392620034,5.901550952224348,5.7266491524188625,5.835789622860347,5.65990368918759,5.567146789193977,5.519412568627513,5.815073454381972
dve,4.991527942464483,4.958814265260147,4.959403639144767,4.99720653188988,4.932302906028353,5.045642264978273,4.855284546812947,5.056079055504747,4.983396312900574,4.9678944047196145,5.064652492456973,5.008591609151708,4.992707143336305,4.917166207635705,5.215570317484913,5.307833641725886,5.102896634784759,5.2355119760150535,5.120261981919128,5.035437993081136
APP-BP1,4.897854025926462,4.7700884257622,4.949556138028408,4.904700826231551,4.8321132754370835,4.858718530218498,4.959511346590011,4.877322643086868,4.83347240317631,4.99249323735449,5.127978347768567,4.9492833856758365,4.9634958425486575,4.900758895650134,5.191013479052005,4.966912922625263,5.06060129466287,5.002080712830546,5.1330887882125955,4.84575094604007
Polr2J,6.531880438279816,6.542844960387385,6.559262459874554,6.556110066199383,6.561419609401767,6.585858617223657,6.598030785789562,6.594799238820655,6.549938316604105,6.557245973119168,6.710216370349465,6.598091899805523,6.582121720267475,6.552945143844524,6.676783339495764,6.638047695913876,6.583568096683857,6.646422774795084,6.755565524367527,6.64830643656473
mRpS26,4.236218085933696,4.226500851805205,4.445630169769016,4.408731550002923,4.374804899860844,4.376284393371247,4.313747350842696,4.363558644239637,4.404760958738243,4.449224678167779,4.522691799233609,4.627754778873524,4.320520402837885,4.6373178016004015,4.251734012155357,4.310152247013608,4.779809625227655,4.716637446328675,4.186970391920064,4.675373674646736
SoxN,6.925612987051391,6.847005924258763,6.898341617571157,6.87219225624215,6.864900542590325,6.9538373383201515,6.97450641008916,6.862523757299332,6.9583671229764485,6.93256748993774,7.113591712422465,6.985314288201426,6.911882001490045,6.973668332227277,6.872866561105959,6.900327372725047,6.963116847122158,7.007213543637452,6.995938625776687,7.004305303527559
TC034050,3.374109941108701,3.3252522273378338,3.3648571775623015,3.6719367152437123,3.2784083421686736,3.3622829181501213,3.5194078735112546,3.5102604462894473,3.538629469729292,3.6293327095284673,3.7471819592245117,3.8341614091921903,3.000079811664453,3.3979100363866275,3.603596760734058,3.9256891569326857,4.132148252075881,3.8875766989217784,3.6862219832083265,3.6542421573885604
aust,6.073766925433612,6.066763784442664,6.09929240907374,6.103471963224827,6.116571441920466,6.083269326820769,6.0973661347057675,6.098140624839938,6.1140496642305004,6.117611196318936,6.226729100062332,6.254502949699326,6.037384614825963,6.063963640320665,6.138284681508735,6.129036529766676,6.202057517160077,6.21155648930235,6.193044869152705,6.239177976612934
TC010699,5.161463011697344,5.168785083219248,5.244511525621765,5.117620635184115,5.250583409925473,5.244874272964072,5.25577920530531,5.19775513380514,5.2693642281011,5.210010969162173,5.414177187324022,5.4542010848963765,5.25682535841535,5.2585095108563555,5.308177838638546,5.447414763450194,5.409583866784631,5.375585161418428,5.329200807995437,5.404483601319454
CG10336,4.289165786257794,4.2661981347037825,4.298867142749046,4.380908344201562,4.252846230838213,4.267210893115391,4.372867090502559,4.267225270844589,4.275331714400026,4.338758573262009,4.725473121784356,4.708665716900206,4.427369676300935,4.394881631224726,4.186024191704958,4.445629896441403,4.798699362408614,4.570423536951349,4.519092540108301,4.519335033229736
TC031421,5.74339114786552,5.731218583903062,5.729312226945695,5.71113200930223,5.670142176817057,5.720710669858381,5.7482052330707205,5.682094361798461,5.670002849280945,5.726941457829546,5.84846531814172,5.917971143000331,5.717926795186161,5.812575071190622,5.719347067745329,5.860718796149241,5.872807785791294,5.734889885747461,5.729545084425895,5.834688122294482
TC000383,5.75536504823867,5.772330498586293,5.8022150452378956,5.8158630238951945,5.8120491282405276,5.814905968050069,5.773987331880183,5.806133490928904,5.763582534214092,5.754252400473823,5.900807996131876,5.957757245401224,5.907803680636056,5.581841802059413,5.856127350329991,5.810223062505658,5.88551117854872,5.937523700028791,5.960432118152129,5.933258687504161
fd102C,2.7750285441186158,2.566216844384726,2.822963362815978,2.9223971976833187,2.2199856364646364,2.2696634970857197,3.167712046371562,2.469707853126776,2.737723432986674,3.132145732029217,3.467330518290668,4.307698876660192,4.785526704699892,2.807133166167749,3.9999452309359467,3.6860318864435517,2.8270538523888415,3.576779190741735,3.630536984836596,4.863007132814362
ac,5.479577824614318,5.521904959523188,5.540053928679512,5.418572827930862,5.515780112384013,5.506206087866703,5.466885905360172,5.4970721615540485,5.502584691244144,5.552236910130805,5.527357969797601,5.676488611243747,5.710932366748896,5.428318529303609,5.48967389815088,5.527841867391743,5.459128192499021,5.769385502825158,5.6791612346558855,5.8974236186862985
TC014168,5.571294613498771,5.54383711831204,5.523468219846494,5.553048937671827,5.491646466284196,5.502489923267985,5.556904831441065,5.602207544753767,5.536963886171988,5.652859836914207,5.672670035831876,5.76812516699463,5.675207015468312,5.75089048254741,5.516961266368269,5.625909256004804,5.6910490622624295,5.7828573194336395,5.78418004965879,5.610656631340695
Dp,6.504826035559161,6.456690385487811,6.486074832374281,6.548389101746306,6.459005395030856,6.501774942527849,6.5607483400124895,6.525243413464679,6.533658887063258,6.520366134506149,6.506729810461942,6.627040494028117,6.6308459342723145,6.5108609007374865,6.429037745150966,6.579800779408593,6.589829066496734,6.548700482921519,6.690601346314189,6.642550224394886
Polr2L,5.879717829817493,5.957007550007109,5.821710244016765,5.949021858692911,5.961279017210395,5.991721098972328,6.0502220560122675,5.9696926182298435,5.948214131187918,5.931780373192121,6.091140572067111,6.088174507628387,6.006529320612432,6.119268060776034,6.015335099140819,6.06087132193811,6.085102166537812,6.009393571857103,6.050937275321904,6.070120029128908
TC032655,4.041762659683744,4.259690393645716,4.056810720457511,4.160888405937123,4.16476903247622,4.311052868313492,4.372867090502559,4.273525761562656,4.463691557372404,4.389983221658188,4.476688780980981,4.584704091904211,4.348321962614107,4.394881631224726,4.5034172261105265,4.310152247013608,4.2995365825233725,4.547674770526582,4.609116137671447,4.362977217071541
Polr2F,6.395718242792501,6.406090515600599,6.420833430694515,6.423330822257798,6.422642861162547,6.485190698913322,6.476145362166496,6.48547321213998,6.410875089715912,6.3835560392082495,6.462486421958939,6.556102194141337,6.470367792854703,6.51745180051807,6.495276086365854,6.3995539946222095,6.456493979582008,6.5913300460834,6.511744087249362,6.555132481875883
Snr1,6.069429125055333,6.120990964074158,6.090899122151094,6.139111618398294,6.1394422365389065,6.15460690566007,6.145317909351482,6.139804294767097,6.139686677054733,6.16290988317813,6.242957751001698,6.2709328502458055,6.287041711134827,6.171673527223631,6.166797245817516,6.1795145523066966,6.1645719344684,6.1760698040876605,6.2817244444870495,6.204002042598917
His2Av,8.793878844842194,8.791513142127645,8.808520704296217,8.803288019221736,8.822157333479202,8.840849931935557,8.865470120325822,8.848951394050799,8.804635965795729,8.847359294493424,8.87703542642643,8.91143463941777,8.90527567347848,8.845638953592967,8.848495589419903,8.790034248022415,8.877016195347363,8.876430900721433,8.956222015999304,8.922049509282518
Polr2K,6.141740097156498,6.258300913096481,6.208079298186118,6.22391466247763,6.267528051729974,6.2887212031986754,6.314515996370745,6.262195270488331,6.2299204967165345,6.253821427537885,6.290120904279274,6.469776733158744,6.337057612338627,6.281456925955339,6.334609433019405,6.256984989516118,6.36312185987352,6.368529489350315,6.370598743149567,6.479921776184887
TC002395,7.378247942839741,7.3723291562691875,7.368084138957847,7.373210620738627,7.368908132942287,7.388073888399274,7.368096188928419,7.374910581806925,7.395771940766471,7.356877839883495,7.463936588971453,7.444190608256959,7.450639527882555,7.419618341632066,7.425406679760982,7.345990422149173,7.417879154076672,7.338920414747525,7.477892128680541,7.440485042771567
TC005398,9.408115934702536,9.46689801088134,9.448992008241126,9.43424006107331,9.42785936664637,9.446631570506494,9.436551218216987,9.428900835772657,9.43431238730958,9.421119595716288,9.51334932219888,9.516160953245247,9.460012218579823,9.466186724625915,9.47613888822304,9.427130918001119,9.475946528576356,9.464020658521536,9.491489707438774,9.513544315129122
TC030676,1.4562400657279728,1.8788650653577492,2.2868925052031774,2.159361148390457,1.8674026276271372,1.4342446928809236,1.933808621829451,1.9257494418767056,1.990972081811564,1.521542624380451,2.596777976107172,3.736351097788164,2.451346995946624,2.037262704503836,3.771138968895886,2.9059597380649076,2.3108712656423287,2.017188362592859,2.780394621133183,2.9291707713132094
Sox15,4.113433523851599,4.359049998566966,4.38369026903691,4.633829421978808,4.557898101955603,4.734353544103191,4.3671099395190724,4.446150899120261,4.4373346066661945,4.207922494565945,4.649221150636643,4.801386379191576,4.870364240158892,4.739552210788846,4.9846578351583455,4.920724500349515,4.93820001284113,4.500563261480666,4.920918063119458,4.654518587081367
Hmx,3.509394668566651,3.8449230856040972,3.411999940143829,3.6604049162793726,3.7054446566226673,3.522766431974211,3.4781351249412866,3.4829431800051918,3.7072683891775977,3.593068423287033,4.1447546327494384,3.8341614091921903,4.168582766430273,3.5365418297729097,3.4739471986302664,4.419963039123013,4.5199614719477115,4.088568529547497,4.280898504221602,4.107233847796158
disco,4.692204598414808,4.922466294637806,4.852644230473126,5.241919779625151,4.951835209545751,4.606076772152718,4.685777531192604,4.768605949803145,5.031712808784478,4.920074256079113,5.254608672362114,4.902373433314993,5.509437028868543,5.246874681620206,5.516961266368269,5.527841867391743,5.643959521300784,5.291731610626519,4.9365524693320335,5.384372652561871
pan,7.2338421635959795,7.188214832219755,7.271632002104992,7.35924119644881,7.347990473427093,7.266583265507732,7.28114218015423,7.280453851130568,7.235885482941408,7.248092541210185,7.4014915116234254,7.504113366278168,7.502273409510643,7.596271742751291,7.498521046830665,7.595145882400452,7.599418616238986,7.651533873040875,7.323632050439706,7.414148730903512
hbn,3.0763321312825544,3.0818075473952664,3.471587224949581,3.3179657861546783,3.42221189253263,3.0270121316506473,3.205312223696032,2.9461036862143315,3.141098906784032,3.0294601040511786,4.629213711026185,3.68360749669387,3.9893512655145824,3.658273936531617,3.914597618399303,4.366564187615492,4.235902642021131,4.192251317363183,3.44204389489488,3.5325238878861653
TC015373,5.315949372806777,5.507011644941812,5.493285692926477,5.392240470047182,5.326535512970855,5.468407973014562,5.447475264048095,5.440046154899469,5.70519004709754,5.64814088142038,5.793230822095433,5.66907919635368,6.1520842458427465,5.646668162633123,5.674378091134292,5.5862098117448955,5.743323023879602,5.6770955192329655,5.693817506016114,5.618724335765652
dsf,2.961600589175315,3.2384881658426683,3.3648571775623015,2.736272475462303,3.1502465354521996,3.842971209135457,3.087984605881002,3.139346712692499,3.101264318336714,3.5295429771264186,4.296638842660432,3.9649867110596904,4.870364240158892,4.394881631224726,3.603596760734058,4.118870278086925,3.7874848443079507,4.31563496924002,4.119062092198226,4.735449790703951
croc,2.468890930746365,2.4925558667264527,2.3772544207646638,2.9223971976833187,2.6863950355105066,2.7768977117411033,2.684566315306669,2.258114418181637,2.99412826538894,3.0294601040511786,3.25195675583241,3.439448023980151,4.452388792934171,3.658273936531617,2.6671441722430798,3.630347167983656,3.257281453810922,3.576779190741735,3.630536984836596,3.465616771613195
scro,4.750767432259006,4.89862837520165,4.949556138028408,4.849745283973697,4.618187149704589,5.169874728886142,4.6072022423527095,4.6113997236543485,4.9615008878707005,4.824187582953362,5.8836630609202425,5.940899508137164,6.460465791188305,5.864383420363446,5.126845979914817,5.88504159161637,6.053593635618673,5.699161675421104,5.438259795501205,5.424198060499052
TC004945,6.329250095594635,6.305819332368854,6.300219842557603,6.287938310979699,6.263194137097417,6.297165844820575,6.293711341601062,6.312490045748299,6.336151085086664,6.269190122123693,6.399128329317054,6.407787084993998,6.355647476281122,6.449502376163199,6.414515682267061,6.585780533900604,6.48114829164515,6.41225862307306,6.452215063016872,6.372465407105035
TC007335,1.654362061377833,1.6408500372226635,1.5526379823269552,1.4246549618528597,1.5363603879090957,2.060460987549187,1.792705149324134,2.30416663047386,2.0508190829814357,1.8514308205690029,3.25195675583241,2.777879341741464,2.451346995946624,3.04493947190477,3.1497965179574954,3.0176468679051713,3.257281453810922,2.7854251002158534,2.780394621133183,2.033664621445974
prtp,6.015852523764577,6.125042982496337,5.9783895656257355,6.051765776275964,6.0457227398942495,5.990579142106137,6.059830354519375,6.004775267017342,6.037265533565697,6.066018699082248,6.100465384714728,6.181497906875091,6.119967198407514,6.162347267798107,6.128596926898272,6.156885352442497,6.197447947460478,6.2542140963934685,6.12923108981994,6.208467299180808
TC015977,6.391001726751898,6.38993213785151,6.466728380556587,6.443618172826424,6.418189149599151,6.447562649763655,6.380638799582379,6.428161816646029,6.4034246799410655,6.321997430501018,6.631535356400796,6.499387662025046,6.576230192827352,6.663853786808926,6.518614539560127,6.540035676242971,6.548414010646108,6.7013122096373685,6.618239632448784,6.654029704300736
run,5.932184496658152,5.955810896225498,5.854271020640552,5.913099217177032,5.930257427986994,5.932962901842481,5.902522240547391,5.918897396145275,5.878649665783177,5.864248113600534,6.262880071939647,6.063416360706446,6.001292925801931,6.194615595704723,6.031556247782034,6.06087132193811,6.026556247821638,6.16243076927632,6.223486926009657,6.22613157180815
ase,6.258946949934957,6.155901527630604,6.09929240907374,6.112501662559419,6.267528051729974,6.201955720805756,6.166550180583776,6.106211544492309,6.153223730553504,6.125467968569724,6.338822753324659,6.242000913716248,6.254971174127219,6.330158006481914,6.2859079568423795,6.192850282840157,6.315004889063489,6.287076617252523,6.421066667059372,6.558277616572669
wor,6.776537425456416,6.666662965993383,6.709623046073319,6.690264759261544,6.722435999033015,6.733762294803865,6.7264943401377595,6.726848666543312,6.724347067995388,6.710649064240525,6.935132410388056,6.954945371486278,6.846423821973303,6.891272596000936,6.904727419729031,6.884974944562921,6.910175806431059,6.927410144788029,6.900522161126919,7.1412353483283875
TfAP-2,4.932325009282939,4.738233995141226,4.978812410936317,4.969402739315035,4.878270968106037,4.637513204897273,4.789374297134562,4.798772065872334,4.916217102376404,5.03121908176375,5.243737000072161,5.130422829579482,5.25682535841535,5.211135237177457,5.413043137705389,5.275208893420893,5.102896634784759,5.291731610626519,5.419295193987124,5.342895159129772
Fer1,3.5507070464484896,4.170994131066866,3.667914530279626,3.6006626268955437,3.7705483662126804,4.159136259968879,4.01831597812245,3.1962682898206194,3.6619164757001528,3.9513359271263075,4.846344952144377,4.516440009757689,4.7120608128877155,4.499007350740483,4.5034172261105265,4.838661366606921,4.494922841482303,4.592666286916238,4.838854807756766,4.828191746792891
pros,7.853435240750137,7.820699689381957,7.867131631384662,7.750711946783202,7.852136175394777,7.865445050237756,7.872618888962158,7.7922456107032545,7.8441755742738675,7.792138626688918,8.035109272135948,7.971533116364598,7.973970428787328,7.945284437139719,8.033568151337654,8.038117595492649,7.995194295970146,7.9562467600346345,8.060390558868699,8.024972921080677
Cox10,5.158764885339314,5.021695700448866,5.175895468734894,4.984944627893695,5.0263591500314435,5.195504677471895,5.07117464396799,4.806173522306247,5.174336254333149,5.205111821394645,5.5676915218278396,5.516741534361052,5.5678007706457695,5.3782829819100435,5.627291295870913,5.510519851327195,5.468749167326315,5.434161157338021,5.943574263157081,5.577718741893935
Rx,4.301975980793055,4.178103315994051,4.7082275810483045,4.095514055851437,4.157661338328995,3.750777720977863,3.967968721552406,3.9587199128326116,3.822320535153018,3.5681403809922063,4.982955628190674,5.204108279675778,5.300088666006967,4.79622480885424,5.113503162459364,4.821408520314915,5.324823623973261,5.313363354040355,5.0672433151744825,5.157289647061381
bi,7.683959609526349,7.581718809673806,7.571040962796865,7.658255058141155,7.8611393716358045,7.662949716130147,7.480433706274882,7.582838546304735,7.5826013852267184,7.687644805423141,8.014790019800747,8.287726407863984,8.141645388806154,7.994470277409886,8.26357746664853,8.198877393349296,8.151481505368759,8.15574563324324,8.040403164651464,7.930853791523331
Optix,4.518571235912961,4.465495445757139,4.472564447655733,4.799049770068511,4.425181206405271,4.421187856419901,4.313747350842696,4.215339122356374,4.393662944041555,4.160208425131284,5.47670699963015,5.508043107473964,5.791799988533778,5.677570630023289,5.308177838638546,5.64135800584515,5.439604019847377,5.699161675421104,5.264287060341874,5.394478682371197
dac,6.417439208779487,6.437644474682597,6.353470447227813,6.4698103237663735,6.540574572587572,6.365419008731155,6.320264566313435,6.395595733185525,6.455158559740743,6.214333437863008,6.702621071687943,6.7826314737294755,6.9286373194443565,6.766244993097205,6.673966021972332,6.830473325496295,6.800132863290514,6.722451276042573,6.668888667774237,6.759546671964146
toy,6.042999588029858,5.952212318933743,5.935017020775953,5.906984618484724,5.904479425961793,5.9341725453936505,5.792202835452579,5.7063667234934075,5.919511382663743,5.970213718471183,6.615028023170279,6.571301716390546,6.716580982518888,6.413713954727343,6.554223021697508,6.4855285236928175,6.638553786865093,6.484464767872316,6.629718745696946,6.792381911752818
erm,3.09777939164246,2.9211465981563354,3.0886315463260043,2.897836619100271,3.0688896334933817,2.85870965611466,2.855447549298988,3.267449511724448,2.821772933334461,2.915010647534775,4.4284670053865165,4.364108982952177,4.262485212650526,4.33844885645388,4.371466169721441,4.15340065174918,4.202499819270179,4.286186714028439,4.0462040890803745,4.444208988063253
tll,3.1986147491802526,2.8959332889621496,2.876814671421605,3.099782737246526,2.7466665854758947,2.7480688916517217,2.801667543841636,2.8465644203426805,2.99412826538894,3.0075941806500386,4.566671287169141,4.443172288922373,4.348321962614107,4.367063273285895,4.3992860766249775,4.495067972028766,4.202499819270179,4.051472732749611,4.445822594366613,4.494914790216289
oc,5.408500360949642,5.451084154726912,5.4073441945767335,5.281670854897918,5.59339402904324,5.28500334080286,5.372190208078424,5.253497643992719,5.364629130932347,5.440344471045802,6.258927233191741,6.194774550601323,6.119967198407514,6.148192736653911,6.2859079568423795,6.1243187140105135,6.04286624248112,6.066415555454208,6.244677499850221,6.1488033548798
Sox21b,6.001997533644375,6.0869201173892895,6.048941618199225,6.070689453954736,6.178958092603923,6.060090630277012,6.100431435611838,6.009213710481649,6.154183686765418,5.983831180659139,6.193459657359273,6.291097747563729,6.3775085382768335,6.285607173944518,6.354221919330929,6.332729587529632,6.327252920961767,6.330568551972293,6.406905273510574,6.383745771801177
D,5.150626550012428,5.3400133811780055,5.227169260471695,5.1930363063464595,5.359240024546603,5.2568450186139914,5.451387651200509,5.315200717679468,5.435983994061178,5.346825088810422,5.614037918437073,5.654093606130403,5.645678369198749,5.799192451682978,5.711991270174672,5.5698779704819446,5.806751187037257,5.567146789193977,5.7572356430730425,5.602523309318871
gcm,4.492612983553126,4.666973918032813,4.544335561092949,4.527600790853103,4.562666982927701,4.500305525159013,4.52192231600182,4.492618467717724,4.548439763521634,4.406491141108602,4.6880737555895315,4.627754778873524,4.803079784669985,4.814423738520966,4.619969382392977,4.872298961922993,4.870880271674407,4.7358834941809285,4.920918063119458,5.035437993081136
dmrt99B,3.4808733704816737,3.94814250609804,3.109619434662462,2.8726575973037045,3.671231140041875,3.5091958453423127,3.3429922357870634,3.177652129411486,3.750652430730891,3.5163388651542022,3.9655975285675122,4.627754778873524,4.452388792934171,4.679473849753144,4.115691010344723,4.966912922625263,4.6142812120458405,3.9311369793993305,4.609116137671447,4.417858160703387
dpn,4.86939529563658,4.915713246770937,5.342687161212777,5.095774836471927,4.902269937056297,4.972481259206716,4.6645631041708615,4.999970533588972,5.097316780479895,5.267001700582019,5.3955690696558944,5.294602209180279,5.400704749282389,5.3782829819100435,5.577877302854471,5.0805700588361145,5.602950128029685,5.258380484691678,5.475142980452559,5.288505362532843
Pfdn2,6.770086233399352,6.739250446150006,6.797572785776557,6.804040657447843,6.768027801024942,6.802530892082834,6.763967996548569,6.7618800366932135,6.7802624876857,6.719329509076794,6.837903523113469,6.934174641659471,6.850923555425561,6.798997653540855,6.837564442329151,6.789988029283143,6.990664441772838,6.856812370198457,6.932647396957853,6.893895653188709
Phf5a,6.4469280993536735,6.446479991432978,6.480381467664533,6.472601248408675,6.4857827715378535,6.456924059260647,6.46345302447846,6.446918430852167,6.440854356472157,6.447941746835923,6.500527914720418,6.556102194141337,6.483419761803648,6.504226272628609,6.5446366850663225,6.468914797555441,6.60223461999515,6.620704156190213,6.657852940478643,6.651172164901342
TC003355,3.615980692030835,3.3417369249029045,2.9525161344693056,2.8468281808184157,3.2784083421686736,2.9817452059304412,2.855447549298988,3.058031386618638,3.01649342673866,2.7857490208161777,3.4005637534726465,3.568961055149806,3.6123624567877597,3.469626358551519,3.540871635871335,3.3702060949976484,3.930994559827478,3.6357574212168684,3.7389690426521214,3.3939100467002867
Rfx,5.695588843722883,5.650071551275824,5.68603872955923,5.607463987762752,5.616877429149085,5.636442420696706,5.553384924987483,5.652484192405268,5.635145862043935,5.584677627429323,5.836451940496592,6.058390316301096,5.896207433366745,5.838814721391229,5.783222202457349,5.757041274431394,6.110621518500029,5.815763614065486,5.9548443501242785,5.610656631340695
Pep,7.148929385891902,7.098411620910603,7.131941953237256,7.115666053028314,7.133702655942081,7.119435224416033,7.106696152431958,7.110613373232695,7.1295925606000194,7.104929744710641,7.113591712422465,7.182001777179591,7.20929983912985,7.154097578611199,7.225755067467765,7.207161101045155,7.2343134705656125,7.173522924720059,7.266428586715343,7.158613439681972
TC012851,5.188051286740588,5.268827532587718,5.167972507297535,5.159930624325642,5.1787157610400305,5.143570568136006,5.306692854512746,5.260544586224507,5.243463014165951,5.353198121660575,5.317467723452288,5.377582248674264,5.447454674283426,5.398598601911841,5.643234519572,5.3497408734627605,5.879179654057816,5.5419269602060375,5.545063156101976,5.310617519500229
Hesr,6.830770250682423,6.968918720717482,6.960288021061885,6.9559581372907635,7.149938575765443,6.94375700504249,7.017824905216367,6.960821515023017,6.832242636788919,7.1809451710065995,7.161299455251045,7.391135595701726,7.314900098065936,7.4613753483749985,7.60407354141102,7.272253656090106,7.7362930820176885,7.575395269556103,7.527934566039184,7.2801314686392296
TC006580,7.224641613337699,7.353566680108477,7.258935065337791,7.288467139160339,7.357341270219622,7.271038764235748,7.280201946798904,7.284482717703752,7.21018571800645,7.375827790424248,7.5470348927300455,7.753853381919723,7.554708774085395,7.599616414645621,7.954457544783461,7.516049975173869,7.90723892238002,7.722283295749569,7.753756155309807,7.564967306031571
ind,5.044396382567217,4.808530497820749,4.845348875945885,4.741720410608667,4.853681856817398,4.883221846301501,4.6982934694013485,4.565566035170188,4.581350729393921,4.859497611769592,5.010936104382853,4.627754778873524,4.837287805442943,4.995392398011255,5.285817497818135,5.039447471464101,4.870880271674407,4.9418762491004475,5.053537485918506,5.29962255820714
TC034534,6.612074346007731,6.661946431345376,6.624371825997305,6.620038803037102,6.628123744169311,6.605201701816402,6.58240251309532,6.632899815079597,6.589824233601816,6.5798566630098785,6.71524804174525,6.663462753988931,6.619593156020073,6.689068751953156,6.709986204074818,6.646499333972971,6.670725912883089,6.674244051205459,6.594878368477056,6.728249430384639
CG31365,5.9234194061973025,5.826915169934068,5.863571580645453,5.879627135416563,5.871614709399333,5.889676267094741,5.8356762776496955,5.866660896736806,5.826771773186615,5.822750271084752,6.0769882626459015,5.900423143050888,5.872603551880048,5.8257809587273135,5.98208142223771,5.842080420087556,5.9407601573434095,5.931775246961182,5.926427340869441,6.0442053539244815
esc,6.095178090256978,5.9864677570239255,6.022218382323013,6.0507038868221725,6.101368855190295,6.0568878600505265,6.0777312691449445,6.071450977540547,5.987515813803092,5.969070515086259,6.127929192248024,6.068417270265638,6.072218942407174,6.212597665054637,6.128596926898272,6.08575282115345,6.125626273358888,6.051183766876721,6.227761116308742,6.162891291542867
Hinfp,4.460546585779993,4.41648302852423,4.549270229407633,4.502934698515196,4.467924308668788,4.437520090662227,4.439485313966405,4.340331267424954,4.474042852551437,4.321083511446139,4.8132748368551,4.307698876660192,4.611920222284304,4.547267849454769,4.5516800560554325,4.470654418541653,4.494922841482303,4.697013707166503,4.691700579498526,4.633219284247353
E2f2,6.62087872672035,6.58520585019187,6.607545311777413,6.583920926820887,6.60802186929044,6.557096942649107,6.602363286723422,6.604613953961705,6.634135280566164,6.576746695404021,6.676878503050052,6.595150410117046,6.695826434605859,6.6524397600571,6.6068752679726925,6.517950174169714,6.664952897641107,6.668741373419916,6.80226132165706,6.682164780124595
