gene_symbol,Hox_3,Hox_5,Hox_2,Hox_1,Hox_4,No_hox_3,No_hox_2,No_hox_5,No_hox_1,No_hox_4
Jra,5.473541176992542,5.495778507915561,5.483935027413449,5.433551599699757,5.517927001416953,5.437464543179767,5.282645564047879,5.319337731907762,5.43657306464525,5.054626307978766
Ets65A,2.817946279345342,3.1289950345628417,3.353476625839384,3.488640405347896,3.219332804780519,2.692322748831986,2.8095149878847305,2.7091923985726862,3.0813002117614365,1.813925590985004
tara,6.758775145535804,6.805962209358542,6.773638885467391,6.822867196141366,6.775025836169497,6.713581202201234,6.779813963438185,6.669132714570776,6.736803016606938,6.562227940029801
HGTX,6.124568390502266,6.110736810209712,6.084913316233071,6.231042947239108,6.159570398564979,5.843974301006155,5.950935327860783,6.0355053480863745,6.100727091994314,6.111739797042452
ss,3.444217155216841,4.049217969889874,3.943592709466382,3.6805145476827414,3.641802048622007,2.8025525021407147,2.4337223646945545,2.7091923985726862,3.791112176762985,3.0698154169676224
Myc,6.822987302641669,6.933688182299564,6.926404034270971,6.932257147883046,6.825314899249089,6.728101834403922,6.753868384122089,6.657948685321755,6.9237116986263,6.805675247847082
NHP2,9.084343760614846,9.127738111795939,9.104577176238486,9.124031772658224,9.110317001070257,9.043327475539495,9.06767433977624,9.035870388788076,9.095688708439653,9.084426187986153
trh,4.51495238699266,4.718321149065604,4.748692781635679,4.7768667221969885,4.737922643550733,3.517322524547464,3.7104313014282515,3.584708699187571,4.452940158452337,4.2650889419992355
tin,4.690106795297736,4.8436419261151755,4.979044555951626,4.878461516835864,4.707424598021521,3.7447350994165425,4.702415302809528,4.335225109320265,4.472909953036562,4.441040559857416
CG17612,5.658422320312854,5.550871275221864,5.5620030129761755,5.598185804274386,5.520219270407086,5.367712692803191,5.488781202573282,5.470333015745864,5.509291506161982,5.378274983409854
kni,5.688471748694527,5.579492520823934,5.686454155097919,5.617244779706992,5.684539956250706,5.40706270944031,5.671607903996875,5.568608910505357,5.536960133292735,5.2873666165238244
GATAd,5.760785740304233,5.674656866855514,5.734060523257932,5.684175286767265,5.744850364593571,5.399315605837791,5.729569323550988,5.49941101691272,5.54375930561566,5.476035224975839
CG13287,3.630517529098026,3.373356531131265,3.965634839940148,3.506113362616246,3.6566723952639744,3.2888169371569953,3.2959519310219205,3.534874589594033,2.0705147884582993,2.7974913785729365
Socs36E,7.579538811199393,7.580758410931904,7.577552693341027,7.604999487361652,7.599877111317688,7.589908357244093,7.543710519894278,7.520779889878503,7.438568013590345,7.475247800763594
Kr,7.318280203328714,7.278571312713139,7.289648782549226,7.2959916121388755,7.3324711139266086,7.156919398543331,7.280678852881495,7.201461128633427,7.151421429491954,7.217699556310095
pre-lola-G,4.502108241706842,4.407678830943363,4.468849171665855,4.390020401625346,4.575182088486374,4.142288360923787,4.277709448912781,4.335225109320265,4.033022732285295,4.2650889419992355
CG32772,5.209008097253325,5.306703190217888,5.271917115130675,5.227113302405039,5.320692318742431,4.980466790598021,5.1205049346273,5.319337731907762,4.926136028692652,4.963222135974481
CG34159,8.215900295578594,8.228483124054296,8.197487254240665,8.177050978167125,8.233523604724194,8.163745345337121,8.173600936215978,8.186225171109815,8.129380871397025,8.137060485437196
CG4768,7.004704177579335,7.039399441193832,7.054932142302709,7.025223282628414,7.036624091401093,7.005131227191926,6.951381043225698,6.8826337811149925,6.992866253050593,7.002864604357173
CG6712,7.226395121183857,7.20060137428214,7.206616578582568,7.207225542293414,7.210132861396682,7.162270001044613,7.202482712841555,7.115585600059242,7.154133011379601,7.1622074831474665
Clk,2.667937611436284,2.935229261169473,2.935254366520835,2.8083263931195273,3.196209942061795,2.0647043351779235,2.5752639202202054,1.012379824174478,1.8240133148407884,2.687299805156586
gro,7.816070839961626,7.8120395808569585,7.830517902467294,7.816829407512977,7.801340933578633,7.750304984331787,7.765829873509871,7.700952355502364,7.735231516546013,7.771965266382174
CG30431,3.8135725199612023,4.2485405130805365,3.9095908636349224,3.924584005097177,3.7140364754591606,3.4649027673028403,3.4167487583473055,2.9189283557251122,3.2952214603253873,3.654620918445178
vnd,5.933973770894744,5.748801621062366,5.896745224518491,5.8400808777056366,5.875004045074158,5.77162166111286,5.7010084957732685,5.6702379944881685,5.77287871739639,5.733564234511895
Sox14,4.861916085563453,5.010180789845619,4.861626951344132,4.954533286924724,4.851385863277601,4.695072384294348,4.702415302809528,4.464240054026151,4.806115702458607,4.72070272094077
Fer3,4.927380166678029,5.062482429060202,4.223615047203196,4.73720509778251,4.637970481668077,4.086064008120756,3.6217870000084207,3.2398542239362698,4.227662771047084,3.890223700455607
Rfx,3.630517529098026,3.553247517269096,2.9945503060237333,3.5891723952576875,3.4251884006490387,2.5684196340715992,3.158532268959526,2.585128980548386,2.6985254881046408,2.4220523438850186
Hr78,4.1942191013493275,4.393568159416247,4.153863324061927,4.218705960844272,4.073150976216151,3.8229575444191104,4.002590215672684,3.632176811330217,3.9364141554690795,3.697947208650471
cbt,5.264799314314684,5.257020090808743,5.198430940733685,5.242487210600165,5.192636255191177,4.894079841754234,4.987826464754418,4.6480038624467905,4.975179109384788,4.705337726527547
pho,7.450325646475251,7.434096527137191,7.427989581486968,7.412262899633659,7.473463661696112,7.345795695514858,7.331878010930553,7.39771163919506,7.394837338877604,7.358020640414553
EcR,5.601947367403837,5.660746752245533,5.680586041392703,5.572195281769633,5.674779003927495,5.081584342340793,5.246791994646659,5.548347629732421,5.349957462045667,5.346165446703938
sim,3.8637617453230417,3.7606634097170493,3.773980480783975,3.434311447852161,3.90388104670894,1.0009045303669577,2.071177721320129,2.8195489747008717,1.0051166410315626,1.813925590985004
eg,5.610517958755582,5.699987548712294,5.775942767204496,5.662359099258646,5.744850364593571,5.102730994086301,5.228371341655265,5.385713185856331,5.189725369835905,5.26106875353889
unpg,6.211291025032171,6.249876282576768,6.319580818619671,6.205746471866488,6.403812879616832,5.699400607294714,5.941868131259026,5.9750302330484955,5.8605287563251816,5.896705157941815
EndoB,4.294541131106641,4.455554805147799,4.198024897183615,4.4251776696188285,4.429585011804765,3.703202865364754,4.09335033009657,4.103846883314493,4.1211148204788035,3.779344904467525
hkb,7.226395121183857,7.209996170772596,7.218487467542736,7.32111630150734,7.150056023776802,6.677413290944656,6.9447207552727654,6.903965241131838,6.83461787282863,6.735000023387471
opa,5.237292737820395,5.238878403126891,5.238904776144472,5.272543622935433,5.280772454474686,5.026674445882657,5.110096506532542,5.120706119771116,5.11975089427346,4.986868291902567
M1BP,8.320981561763183,8.322889502771721,8.329875233155212,8.325818052914347,8.323355922386138,8.274941001709157,8.28672479344959,8.305223401340479,8.288146888399064,8.274365298307728
Taf4,6.923148418466579,6.93032068262663,6.8778322476236875,6.947902260866954,6.939591063996161,6.878839543677596,6.855668651955697,6.88622077382785,6.853082982576741,6.816983656540939
cg,7.549917897321923,7.5261978757007935,7.507460567219294,7.5506725181729495,7.544883455416435,7.391377435028735,7.35097806586945,7.460129802535014,7.378743905556931,7.324742810502141
tgo,6.692327132555069,6.662443939596288,6.649898511747654,6.702861844247419,6.685622720160474,6.61252535087246,6.560395341275551,6.625951128097672,6.5472943622055615,6.507567392804758
E2f2,7.967810128151779,7.924850866015255,7.906831410462268,7.919705104431481,7.9175957686173115,7.8702607241780695,7.831948421079437,7.852203269006791,7.840093846264258,7.823273551275983
ems,6.297549908296075,6.260917102310286,6.2783591799678025,6.245695508868462,6.282207685046051,6.165259673146662,6.165397027680743,6.119868748060726,6.061130077972581,5.942672451813438
Crtc,5.786162517286831,5.822943746768336,5.750658751255144,5.783093543782144,5.8034557678768,5.609021840727378,5.577834257953581,5.588467811027213,5.646692866171119,5.446960089051162
CG15107,7.473771690077949,7.484119557270664,7.460274976568777,7.479960206504881,7.448476738062584,7.396667998373827,7.4176998209836595,7.415795877716879,7.401202886097622,7.34041037160447
CG14442,6.8621905605656766,6.818614687831093,6.823657677916946,6.8671077158704135,6.8558843133423055,6.76846397349836,6.787663653836523,6.784547548673725,6.765169270421751,6.749139265598109
Doc3,5.212190633078018,4.852661598355954,4.843668230937633,5.055107769129919,5.027168996315067,4.383951264215671,4.531282976397454,4.52299901675359,4.300728311300623,3.9246099175018476
CG31365,6.812781278101736,6.757704743237312,6.757062883687711,6.790302108421087,6.8014406571878885,6.68818737307136,6.716794826203966,6.7105265819167945,6.7054902705348445,6.623196086705952
Awh,5.057889069936545,5.044115701194315,4.990844613211465,4.9746763542861725,5.08542039780264,4.646739126014351,4.718021878855954,4.8174549864135985,4.585014955686495,4.518622445982726
scrt,8.947715462903737,8.925633260042728,8.930996475183392,8.928572583409718,8.940262907278983,8.83093314445417,8.83658060939277,8.841695184608257,8.833047224198737,8.801622877210637
hb,7.309345381634725,7.280949681108783,7.204481868209616,7.232150448551776,7.284610495773908,7.019083186671348,7.028025264487261,7.040225476137195,6.99445588316991,6.925229093978852
jigr1,8.154474638480929,8.15690748392217,8.120668564832757,8.14792382098913,8.147805496198687,8.046365370014236,8.055425321400215,8.059471535580382,8.050255810822485,8.001064820795802
slp2,6.661481231100127,6.699946376971359,6.671250498896166,6.732866200349302,6.692027300198111,6.446975325499357,6.522898152041994,6.459560099543416,6.420333607170269,6.3998160822878205
inv,5.516639417091583,5.662745797165934,5.505200409538106,5.5017488666569125,5.549550249341951,5.153720236299583,5.282645564047879,5.110187538258779,5.1402481839992555,5.06548603099366
Dsp1,9.179108392285913,9.16909022910062,9.162382602183753,9.158839434642514,9.173544582328525,9.096970980462029,9.128750754014831,9.09833927740581,9.10034026067273,9.081704877990138
Max,7.9089477774800825,7.911030795494905,7.902162212964608,7.910008023491423,7.939430925866602,7.8523567000233125,7.883565799431522,7.839862264156489,7.835994296184891,7.81915431935351
slou,4.502108241706842,4.462210888823791,4.327509928930071,4.432063196006171,4.632422591596663,3.7447350994165425,3.524513784657227,3.168754768168631,3.22887222256138,3.1462802143002664
Doc1,5.802142542256401,5.626136928603718,5.588163169905178,5.697814534223897,5.748501674977747,5.399315605837791,5.38308378201159,5.201094279314813,5.273047279045738,5.1282784798156795
srp,4.588734368834475,4.7436724563743855,4.681739926746759,4.578604830925302,4.469657374069154,4.195519103183426,4.033767867883262,3.980882527218843,3.9364141554690795,3.890223700455607
ewg,6.330280348407294,6.317481252463079,6.35318069034965,6.300131737837553,6.292837611185322,6.238442367429984,6.2323052862244745,6.249747685329578,6.228136131790705,6.216119392091257
C15,3.406272817082212,3.1289950345628417,3.5532732718544637,3.396379807757007,3.5958163482265246,2.262149330787718,1.0055976416144685,2.2783655759236137,1.4961464492984358,1.4868154395273774
su(Hw),6.103941530098531,6.132195803352566,6.16659247642258,6.139555529505483,6.1100399516857875,6.01746490619127,5.918833795825113,5.992685222745989,5.903997632271567,5.882492586404867
sstn,5.061589829459293,5.084086281126471,5.073369042452532,5.153179965978732,5.015858755410906,4.827460598021725,4.748522809021311,4.872587588293264,4.71727008458473,4.7799053633407524
ftz,6.744462071489158,6.782124545935875,6.779539617147916,6.812129568772401,6.7995313477199515,6.552995465257014,6.383738529680078,6.510363556974657,6.391725679156023,6.411128922906378
HLH54F,4.371080725133109,4.632587613041593,5.014035043692769,5.384475654826559,5.092468905821836,2.692322748831986,2.071177721320129,2.4434644163271617,2.268110589571336,2.257322994161889
Hand,4.679337508241893,4.455554805147799,4.37204782501714,4.397151433560007,4.063370867501884,2.0647043351779235,2.69923302367039,2.9189283557251122,2.0705147884582993,2.5634449405324924
CG10654,5.51194143096938,5.427415719752195,5.488699902163651,5.4002350664789915,5.429192793770068,5.092213564782069,5.141002316315048,5.181594921400278,4.987073067506783,5.076229086269661
en,6.321935798146208,6.338021358298823,6.291224692682122,6.343673988704817,6.3413382593741705,5.722183082133098,5.841342026975134,5.805601719845171,5.458949151817377,5.6285631569694985
Poxm,3.7470720189300644,4.039141206195818,3.8254460596268576,3.6805145476827414,4.043518934836262,2.5684196340715992,2.5752639202202054,2.9189283557251122,2.0705147884582993,2.5634449405324924
retn,4.752395007022208,4.681713658640448,4.676399146496926,4.819682956897826,4.648974769684883,3.895502649914388,3.8671426301767102,4.1323626219163945,3.0813002117614365,3.5618945280760164
pnr,4.2029745662672005,4.264835606171397,4.189347225245328,4.252116802893727,4.290928938119711,2.992133746714018,2.8095149878847305,3.534874589594033,2.268110589571336,3.1462802143002664
Poxn,4.711303559922235,4.926211731428071,4.792551124465383,4.7522631474539505,4.752829813592295,4.142288360923787,3.574332686122939,4.074494069151927,3.22887222256138,3.9578529244033183
so,4.623679520553957,4.609954410363714,4.660203499239576,4.727038934813245,4.545284346530632,3.7447350994165425,3.4167487583473055,3.632176811330217,4.063257256295838,4.190211679515271
sima,6.828682745162072,6.863483477441848,6.824907882015823,6.808312121260267,6.879684347816418,6.750502327847466,6.699865958472427,6.719026949306285,6.765169270421751,6.7309232463041555
E(spl)m8-HLH,7.8365475520197085,7.867505753188042,7.862011332713682,7.800419197371124,7.958003251867235,7.586422761416633,7.597315027978087,7.562604798341038,7.692690908518811,7.691657140226438
px,7.16880554995585,7.123013350054664,7.116993984420132,7.098901111646289,7.183153375748738,6.990981852969059,6.9904372662801455,6.97850393389051,7.028803280586711,7.045516012839737
chn,6.722951614733153,6.643151772918471,6.746308205502049,6.663860206713523,6.769132871066795,6.0979649750498455,5.977653829007163,6.218824901849981,6.325750026541781,6.1526248760537445
grh,7.122856682748792,7.068707547038465,7.088606359881084,7.074777198537626,7.11257018987864,6.548076388072201,6.5822367955904015,6.7584453561189815,6.798566124534556,6.701910735042496
E(spl)m7-HLH,8.13432910080122,8.175853819704752,8.163507837154071,8.109282246318365,8.193402051807881,7.50838438674071,7.511060706584546,7.525514430093678,7.719201584720062,7.637875747200515
aop,8.254546682700871,8.216127256558211,8.269118307614772,8.168417923955428,8.304581945791233,7.537221417652785,7.462487518428314,7.695388266064402,7.720739363679136,7.764000467801876
E(spl)m5-HLH,7.47211508146612,7.464870872029839,7.4873721369345905,7.425073676739028,7.6024490930575865,6.659929607718246,6.781782170245212,6.89690519301269,6.889020762980283,6.940252304400508
sob,4.806272806712706,4.713172842348423,4.733635204477808,4.716768358583744,4.7176943085772045,3.7447350994165425,4.06400279209027,4.263886384861371,4.368816861981071,4.288851899098581
luna,7.225546842224496,7.198023764338885,7.267021936999597,7.243352803315275,7.275153225847421,6.850090632335921,6.999967548998735,7.023199065199373,7.051563353957505,6.958312693196757
wnd,5.282725486437703,5.13275107944481,5.235848903328025,5.233291257352879,5.211519635259185,4.7560844444295505,4.888460693117649,4.831525708673115,5.088195000330341,4.8082421784108575
hth,9.343537987980762,9.340135230705291,9.345098844730643,9.351460222962912,9.34568434556928,9.21978273884494,9.241241206310276,9.270893655902883,9.302237987688422,9.267505015066162
ttk,6.683610677066307,6.66537920652819,6.68139743253716,6.661648196114808,6.600734519572677,6.1246758481008445,6.176263673963861,6.276454151251528,6.450884979996193,6.298109860785058
rib,7.497327476806517,7.499192452283031,7.544034071558862,7.505044062887386,7.510437048717972,6.788050125047458,6.951381043225698,6.950359676456365,7.168916691063363,6.906555501888527
Top1,7.017324531921788,6.999810447500547,7.033865416307503,7.010229976769748,7.0060055365311715,6.732212151536815,6.810849655083965,6.813842471922765,6.9439629135699255,6.82816561376009
psq,7.657432258437636,7.632216869319155,7.646079675899621,7.640846299607347,7.670304456248011,7.427836725133457,7.484150930993437,7.468165437582058,7.570113729325534,7.489697745935461
fd96Ca,4.801493028119554,4.81608426159838,4.763526987437343,4.771994195929077,4.514465108185298,4.114571279717141,4.002590215672684,4.044253544837648,4.27696140457631,4.080765998059487
CG12744,6.756064593599263,6.8372982171816865,6.736802036801459,6.844002630602218,6.692027300198111,6.190253731253125,6.2323052862244745,6.116008793512125,6.350247749705067,6.269361628210304
odd,5.616898039091008,5.528283646795764,5.6845019407821455,5.701677535891814,5.638828991938399,4.841144231562782,4.861996020155243,4.7439689241698755,5.010444817122025,4.5730979077962335
pnt,6.593591379044616,6.605749657560054,6.626558279156544,6.582572785296954,6.6230217195392065,6.000556985247391,5.999386553115466,5.934128588905658,6.092932130436679,5.848522635065822
l(3)neo38,8.80781380088872,8.809871411513178,8.816314100897866,8.802626158001368,8.800460697839027,8.672985626192332,8.66076633132284,8.631611453867489,8.704647969108105,8.631007388687445
Dr,6.070835355444834,6.070379310275451,6.128468684503354,6.116905438046774,6.069892075641272,5.887866414311141,5.784354477448743,5.767977179106588,5.830462951180238,5.616185557652654
crol,7.619243766800894,7.60481587531219,7.630011686553465,7.635285683095271,7.605868144140255,7.446082055921778,7.429086201682131,7.40306456567052,7.4314110844424555,7.3326072747983355
sv,4.385709946948968,4.3792555235872195,4.223615047203196,4.472409480070686,4.408930114335161,3.0749546684584397,2.5752639202202054,3.009318130529421,3.5237775720753124,2.987016041052898
slp1,7.302296798003109,7.264583612116382,7.299802188780645,7.345625181285417,7.370616393839822,7.011356142051679,6.9227632640892445,6.955384217372802,7.011777042593611,6.943560365615311
CG7903,6.557835998140723,6.529829595280018,6.523120558354325,6.56239832825888,6.563524581871784,6.399491132721596,6.341888523937815,6.324684042741732,6.38298123821764,6.3351987310228495
sd,7.5881385528470195,7.578702754233192,7.557936872859466,7.565729720418455,7.58633711007225,7.467939087464567,7.481224319072451,7.439753591862835,7.5197403445629405,7.435661569285412
CG17124,5.98806414129323,6.019976334943746,5.895163543854329,5.9541767353949675,5.88935265625217,5.3183529161951535,5.43732833580105,5.238988103164804,5.682716076498872,5.3045220080341595
sens,5.778977482900653,5.676628324539571,5.668745488274763,5.652283097069409,5.567181592428848,3.659870678881008,4.369565830351203,3.762395406889948,4.492488750321558,3.7394740261331085
CrebA,6.927159390721366,6.917305847622776,6.9247093474459485,6.979551633259714,6.832120806830515,6.3066326383234745,6.557938801453398,6.340257250102924,6.598143259095165,6.359181825605714
cdi,7.193643667525513,7.201030330727036,7.179818521323355,7.196473826877916,7.238459247056844,6.953885679815849,7.0062709828827385,6.952037330104965,7.01800199477775,6.931933955448468
mirr,7.363274682302524,7.350160575882235,7.357182067262437,7.386853349716987,7.434733117243553,6.915360188139074,7.070163570772567,6.976870135419385,7.013336917222471,7.002864604357173
caup,5.915273339008026,5.906156688329057,5.9278645651179716,5.993815955843217,5.953718114386337,4.980466790598021,5.209604990258384,5.055868110451977,5.199333687607073,5.021321083782462
gsb-n,6.271453390166,6.207931387307686,6.165385095321109,6.204581286653015,6.182264736411976,5.987685753555385,5.968826744732502,6.064424531558328,5.972493385513944,5.999435360494501
Wnt4,7.159783129535841,7.086177452108808,7.037912491263365,7.112160559459239,7.051588836291964,6.7114895063132165,6.812757772749345,6.836675785646323,6.786905936503858,6.8962209930889635
btn,4.140012687256771,4.852661598355954,4.963091374503069,4.404231973724191,4.443121673827438,2.992133746714018,2.69923302367039,3.0922105947061387,2.4330303489376934,3.0698154169676224
D1,9.336059102047622,9.353977851670617,9.336062595636946,9.340930751442151,9.347081499154767,9.295270689907339,9.294905161001656,9.293074852534463,9.295738361504364,9.317013955329726
vvl,8.21983284022058,8.23825906123553,8.285056090634683,8.189462019379063,8.232916048144883,7.893644772852059,7.890078033133127,7.8610224416537,7.878879719202903,8.03655981945379
dmrt11E,5.273802568294243,5.359458177004842,5.439997556332772,5.360360846910674,5.515629465854986,3.1514378390841693,2.999173599647834,2.4434644163271617,3.4160150900390525,3.404372211906534
Reph,4.220258824059582,4.1805674833475335,4.256747388559663,4.201572389670604,4.242823149720807,3.614575429137831,3.524513784657227,3.427073954707426,3.7096912952555137,3.817686860574347
cato,6.706687818076143,6.677034867618526,6.563681008175349,6.460359353019699,6.539028545516995,4.663111156057991,4.412512212753506,3.802287848185831,4.65332735589305,5.076229086269661
gsb,7.804960179563192,7.737138721071062,7.7750752250660975,7.733462613991629,7.782210630406974,7.515906180219046,7.347633867674998,7.302033274613262,7.36018598687211,7.501109223259834
nau,5.584582621057723,5.594571245076649,5.493442180508957,5.504100521026335,5.5383706822392,3.3510216151800094,2.908833869608894,2.4434644163271617,2.268110589571336,2.987016041052898
mid,5.883307189060308,5.864599841844161,5.8580768143733515,5.823152344851796,5.912818761625012,5.437464543179767,5.467053317455161,5.257409795314908,5.366274059849026,5.439557269635682
Stat92E,6.097407396461363,6.0717069102533445,6.130972632643865,6.037470550546345,6.032189823119378,5.583474591356077,5.712530896829744,5.717424701464046,5.706030240847589,5.744578514852209
bnl,6.426278203143935,6.406760807270862,6.468430774742684,6.443058399392717,6.37208704993307,5.383638987139611,5.495920171057246,5.682245050178556,5.530114415574832,5.7054857968293975
ab,6.893429676763005,6.868878400804809,6.904145877694999,6.871306295985756,6.8228284941945505,5.1831107369135685,5.495920171057246,5.425066428547413,5.2551220048407705,5.590961040021716
twi,5.076257413200036,4.971073448075561,4.955018318478816,4.819682956897826,5.012060068359956,2.262149330787718,2.268790671242551,2.8195489747008717,2.4330303489376934,2.257322994161889
tsh,7.6811183385685995,7.676635447217258,7.69357683780634,7.678928185988648,7.713877522916026,6.399491132721596,6.4210909456191025,6.4089264450236385,6.316406413955466,6.3351987310228495
Mef2,6.194775667394998,6.311236039990652,6.340078820835355,6.2926867383807235,6.3352760988047,4.086064008120756,4.002590215672684,4.013069937788423,4.033022732285295,3.779344904467525
mael,5.046703901145704,5.051502921807674,5.091211429008122,5.036535943588383,5.202122517318302,4.46633429752262,4.369565830351203,4.401811747291923,4.452940158452337,4.49978392199537
Kah,4.3335430381224676,4.280869421067268,4.189347225245328,4.284447356679391,4.033443198298211,2.262149330787718,2.071177721320129,2.0805123900168216,2.4330303489376934,2.4220523438850186
lolal,9.77902028373626,9.785325507391644,9.77670767043665,9.789018040337323,9.781852403466335,9.642787632701486,9.612884790225934,9.622978068742336,9.629135088646597,9.635499111736214
jeb,5.639949461508181,5.636441219313873,5.6527367901739085,5.658340873252295,5.63270963557326,3.7447350994165425,3.524513784657227,3.4824261914350854,3.621048714815273,3.9578529244033183
E(spl)m3-HLH,6.234421061071106,6.406760807270862,6.258745131774098,6.231042947239108,6.340330447911358,5.495628437998677,5.503008535715914,5.645782522769697,5.509291506161982,5.664802445215501
fd96Cb,6.523327037282948,6.560404449317965,6.478197873380608,6.440299098869397,6.339321619739864,5.543886662450222,5.597305675643728,5.5752724597669845,5.502253054661632,5.584554223208609
His2Av,11.30722198812966,11.301278591894835,11.292498043444208,11.29802598482397,11.296969280906087,11.211747589001195,11.210774317053305,11.213773552382287,11.188085090990695,11.219687736043927
lmd,5.700243166033276,5.856406285617294,5.686454155097919,5.587438392147899,5.636793364374741,3.222484662364639,3.2959519310219205,3.584708699187571,2.6985254881046408,3.404372211906534
corto,7.444547670814002,7.370638565155957,7.400616611828897,7.375711104090917,7.389510108251789,7.2405068772535515,7.256510736788403,7.264727671066433,7.225958195745525,7.27739446330467
ato,5.351379729240535,5.115641381184069,5.146257500033974,4.8607409839294595,5.274937266919269,3.4649027673028403,3.902762921765935,3.4824261914350854,3.2952214603253873,3.9246099175018476
ara,3.5830516109807378,4.117047764946252,3.569603096787573,3.665858567079537,3.7140364754591606,3.222484662364639,3.2296007654135983,3.2398542239362698,3.357441055026727,3.609332111369408
CG34417,2.538531145211327,3.1538477946829078,2.694694727106193,3.080817201336015,2.898726722399746,2.0647043351779235,1.496735158293381,2.2783655759236137,2.0705147884582993,2.5634449405324924
BigH1,3.2829516928863733,3.224901997576074,3.1781232529060572,3.396379807757007,2.8667231382543985,2.4269641276405287,1.0055976416144685,2.0805123900168216,1.0051166410315626,2.687299805156586
Hr39,4.956522777294489,4.879242525553576,5.021647197288378,4.8652006431248145,4.8333469749352975,4.613168306950972,4.4333129925377825,4.759104508332652,4.6197543654058855,4.750742097281316
zfh1,6.346763415467699,6.511196658142788,6.503499356698071,6.432903523166258,6.447328225647307,6.476540922747577,6.204677011519269,6.318386212295631,6.261744009460912,6.307511834625324
CG31109,6.925442372181422,6.977000680045684,6.948177533322697,6.973085162374884,6.991915277724675,6.910223904212865,6.8353756300293425,6.842303571511714,6.865808638714934,6.951782956291595
CG43759,6.512131750839112,6.52478221946179,6.468430774742684,6.501046549529937,6.531561175228486,6.427695291445005,6.278890815445421,6.266522620773436,6.385904556239148,6.4415950807689075
Met,5.466174030009362,5.519103776217727,5.5620030129761755,5.497028901772511,5.527064718019463,5.414750256523545,5.282645564047879,5.377653223479959,5.374333595947219,5.432099239516016
HnRNP-K,8.535812368826102,8.544586731115064,8.523809162084978,8.527295701373548,8.538115791927204,8.519206985507859,8.47733752588757,8.498060894636522,8.49019657530813,8.49789416073579
eve,5.2058154005483885,5.192029827478304,5.182417224388748,5.12954879864248,5.251249942615569,4.956536806797196,4.25336363632415,4.335225109320265,4.567181952925934,4.624758476232373
bap,4.310324896136541,4.913619170989531,4.934545852813327,4.432063196006171,4.501866450252475,3.222484662364639,2.071177721320129,2.0805123900168216,2.908116683460598,2.4220523438850186
Imp,10.411359452380838,10.418983891205901,10.42399455092153,10.407508558273628,10.422174695287772,10.395979738217823,10.356678542185517,10.372188249836448,10.37696241015236,10.372660133515634
sna,7.866497279578729,7.809942283737654,7.851996201960473,7.875746532702544,7.845052494111605,7.942508884581328,7.872396733507074,7.898147934562855,7.887370523795388,7.928525517473477
CG10492,5.490523010151021,5.523704245222738,5.498162075755492,5.473089008311729,5.436688159884951,5.705145070610223,5.577834257953581,5.462929453406532,5.550512561214337,5.699774246422746
Xrp1,6.590393205953362,6.5281499657514095,6.586140542123453,6.557495287127741,6.5240376235305355,6.750502327847466,6.5822367955904015,6.541169128473208,6.6465311790949855,6.667688965849068
CG11696,5.836765139951556,5.869483943499466,5.8498291953547294,5.835032340144536,5.847326213096756,6.0784392936136395,6.101483965519085,5.896311668764034,5.8202367259888685,5.9060692111791
insv,8.56447048571429,8.559579950219353,8.55773074917601,8.562435354276987,8.571372362687766,8.62348223913171,8.64746334523171,8.619347421984392,8.566245575667716,8.57024117436308
CG15435,5.433607254269267,5.2952331703069335,5.303874377389589,5.330074919479858,5.364445124669774,5.429950295333113,5.577834257953581,5.432754591193829,5.429001704248905,5.57161611697987
CG6340,7.113408009801943,7.098132229701402,7.091960075744981,7.096992470762001,7.107901100556568,7.129728336912509,7.189488376205253,7.1803402033401005,7.101311952098195,7.242496747625402
CG9215,5.237292737820395,5.244962274712831,5.188853516182273,5.087691871454671,5.147136813948864,5.335078350856498,5.291411640314334,5.361335752082281,5.189725369835905,5.5385189856613515
sage,4.47591418200614,4.811416570003493,4.393594345505235,4.727038934813245,4.533070392115155,4.881106318471616,5.6834720680888475,4.596331229782302,5.382328694910697,4.49978392199537
otp,2.885277530343103,2.066902873148346,2.2028291942800053,3.250994668158925,2.929737760105601,3.859887802003636,3.751970938832418,3.4824261914350854,4.063257256295838,2.8967369556890925
CG12253,6.40433526162797,6.3769003398075155,6.336012696087829,6.378564746091179,6.43364499150026,6.449699520497534,6.5330356809274965,6.4289230704444025,6.52214069409089,6.452447521913435
CG12075,2.583553155550435,2.322429144842868,2.2028291942800053,1.8235887768318206,1.9863261777359749,2.0647043351779235,2.69923302367039,3.009318130529421,3.0813002117614365,2.7974913785729365
sqz,5.057889069936545,5.122520429192935,5.02543165445272,5.076948042771832,5.049412799527894,5.12343970985006,5.219032187303955,5.344747597846778,5.405937471093397,5.446960089051162
Alh,7.028238180988174,7.08665839729835,7.067754480961034,7.038477065829036,7.043136327527266,7.059807812495793,7.12882916391797,7.16012580844095,7.1978441049339725,7.159549971932773
sc,5.255714264769113,5.235822530741016,5.19524864690721,5.346708114792493,5.217735677580139,5.359653406964622,5.530869981586711,5.62071395610696,5.682716076498872,5.354290005429732
CG8765,4.7473499722550185,4.748666497624363,4.580949192045008,4.636180401152846,4.747885407386548,4.741176849703086,4.702415302809528,5.088812519020237,5.09882465808969,4.8082421784108575
CG12299,5.586769776243316,5.579492520823934,5.656763054839784,5.567797086978867,5.529336159976713,5.823830720613093,5.706786291925464,5.6580850155281714,5.6708519432158155,5.622393507809434
knrl,5.980724282892673,5.950558143279859,5.843181770641039,5.886010708415512,5.972829340537813,6.264970780446062,6.269089277116471,6.197665370091955,6.1718975728210195,5.901398145207041
Elba2,4.032292462466131,3.886237229954735,4.008312988126812,3.8035654086909445,3.926674272585406,4.340066430240771,4.347380586192782,4.1323626219163945,4.252615851461481,3.817686860574347
Mlf,7.4839818590492495,7.486701253990813,7.519697015935241,7.455566604477859,7.521019984253681,7.540882477050548,7.602520766344493,7.535852180823859,7.577233874824485,7.520771226374333
Brf,5.475984880739911,5.47912093682574,5.548661744073491,5.4284976731710755,5.456405413364926,5.627762884908249,5.706786291925464,5.52766732486515,5.64056078535285,5.57161611697987
Lim1,4.2029745662672005,4.526442935039709,4.4421344362227755,4.5111908749311365,4.533070392115155,4.9443535901483555,4.999580678323935,4.6480038624467905,5.09882465808969,4.705337726527547
ac,6.230985478112615,6.345111869278171,6.3769268084274655,6.28840743384936,6.363256963269632,6.812951755549556,6.673922868305114,6.642077881708959,6.740904936112892,6.394111304548609
CG5815,5.631628476798408,5.640533388312172,5.71149210298272,5.602452634409211,5.678694825399493,5.823830720613093,5.794960332321017,5.723169508484867,5.83553711338315,5.711164910603784
mtg,3.0076978535052232,3.224901997576074,3.050526185031156,3.228386023320061,2.8667231382543985,3.614575429137831,3.0820239792304456,3.368477390317093,3.5237775720753124,3.5618945280760164
Bap111,6.62424897325465,6.616579481897952,6.582962755980377,6.5881494547443396,6.5787340106752845,6.705188038674269,6.608299875245322,6.666905892943269,6.71813326889348,6.636753034162434
Skp2,6.6930500859383635,6.68425126481314,6.646170611072303,6.643021975938436,6.663972934986788,6.738346122225797,6.676110685058055,6.731643536522279,6.765169270421751,6.7650573298178
CG8565,2.9483598652286522,2.525770897334448,2.732810543074908,2.8425379347049766,2.6084076916093015,3.2888169371569953,3.158532268959526,3.0922105947061387,3.7096912952555137,3.7394740261331085
CG17359,5.370547102434965,5.2296826274054915,5.354060662160944,5.275500169043145,5.233108809862952,5.437464543179767,5.467053317455161,5.477682167932141,5.54375930561566,5.3939512162558785
exex,3.9231509634041175,3.7739545758565334,4.078879037685785,3.9359177861951977,3.6857657086886393,4.46633429752262,4.033767867883262,4.160087707146261,4.492488750321558,4.190211679515271
Nap1,8.23541017042751,8.291536032923506,8.265722587769986,8.281523407003974,8.258268993712171,8.32913327227971,8.31470675238679,8.307386901525046,8.27631542455772,8.301061286271729
CG12942,5.042947535941336,5.207891139127758,5.292371370666038,5.242487210600165,5.2601985704221175,5.437464543179767,5.474348527439704,5.336349178855766,5.374333595947219,5.483173814771995
ADD1,6.895792745325385,6.850780969379824,6.85748126918771,6.894381065048772,6.875560021195471,6.998867319915992,6.895059551241847,6.970308117004937,6.962173007078547,6.920170780222893
mip120,6.4920123737936235,6.450397786268529,6.465750380488922,6.466658684218047,6.469725595172327,6.610210969746303,6.522898152041994,6.62129530898713,6.554718718486942,6.484315595114758
run,6.1995222388789974,6.19628627462719,6.199820529290724,6.1617039365465125,6.199824467231379,6.274740262916764,6.169032379351553,6.420402003798271,6.2450812501619835,6.316826234086421
CG11788,5.983666694226063,5.927838122052919,5.903047048117758,5.92838775251249,5.900372065948821,6.062539515944055,5.968826744732502,6.1650621411194,6.040727643289632,6.049117682495434
CG16815,2.389854032150409,2.525770897334448,2.5257952900565748,2.6980533165254803,2.833661365585018,3.222484662364639,2.908833869608894,3.877594213735971,3.4713472232921863,3.0698154169676224
Six4,4.9188952969582695,5.12935247901898,5.066141984925932,5.143120623835352,5.0639717905366535,5.878277746427519,5.398884787853548,5.934128588905658,5.76204304228134,5.694029886726431
Phf7,5.833356327219819,5.858050376414041,5.8498291953547294,5.923766905326822,5.827317180961999,6.021647592613389,5.918833795825113,6.072535838880918,5.968070112295935,6.007889057712242
tup,5.008489764765943,4.917834334885436,5.13277743671078,5.248571198742072,5.060351866168257,5.239420746899425,5.42975695031015,5.2844212537791195,5.150341399813524,5.5249671999135135
Tes,5.112011882444953,5.069735695379275,5.182417224388748,5.278447999747132,5.257224583168954,5.257507505958966,5.406692639528922,5.336349178855766,5.43657306464525,5.3939512162558785
nub,7.438393205801343,7.417656331529301,7.4348022025417,7.478656736672634,7.447144181486688,7.490290053285269,7.537265281506608,7.540516060663697,7.504596818490538,7.527240245940811
l(1)sc,7.957455157948703,7.900858498746255,7.970009374313096,7.9435442208435525,8.013629870018981,8.121709339425012,8.068000136406958,8.06993954279845,8.073200399264204,8.083593372597655
ena,7.628928479084154,7.590392849513876,7.610553839269471,7.604424565343411,7.644369316762383,7.657997236380201,7.660516465367555,7.661337475942226,7.699777121080991,7.666331001875267
ovo,6.221765796933134,6.202125781952827,6.23873866290362,6.118177326213989,6.283275776885418,6.452416314414746,6.360039113266198,6.382614578945479,6.554718718486942,6.394111304548609
crc,8.573880272390666,8.578037834197625,8.572312359909198,8.573406713043143,8.571047379581788,8.586605382407356,8.623748597447921,8.622506412627729,8.620806125294473,8.612508806345142
roq,5.843548102213768,5.777698108154704,5.791865571681951,5.79545610868016,5.789560604543862,5.892626488754806,6.05377577699857,6.022850727930395,5.976897179516265,5.964887266256033
tef,6.732723349046519,6.706296773710748,6.699264762566754,6.666067335118827,6.70821060042624,6.746466656321921,6.870172778054985,6.838555235573743,6.813904516308618,6.792318419048341
ap,4.253956122554224,4.372021646063687,4.2729107927443035,4.418244403857215,4.359008579393448,4.46633429752262,4.686561294881016,4.613853795051976,4.567181952925934,4.4805836829414085
Orc1,7.009455494831545,6.998760985779662,7.005067788502132,7.039489348572274,7.031080418583551,7.08893971420803,7.164324046878212,7.088169653522229,7.091269939676063,7.072004342301875
ebi,5.908961333474751,5.924769406793686,5.917082606910447,5.926849841367629,5.915906379008813,6.074487986604655,6.2254694488717375,6.123713860631213,6.007192390774769,6.024585031407466
cwo,4.021898990976817,4.197998781860272,3.9764763467489206,3.9131202954163,3.7943480676358012,4.505113014728944,4.347380586192782,4.213333212527561,4.602535506284681,4.441040559857416
Zw10,6.522470297121987,6.532343761723734,6.502637465261854,6.576964842122704,6.550534741564119,6.63537924978221,6.682645561841896,6.630585370972878,6.58865501082896,6.665510715736091
E5,2.079020956780999,1.909581628118063,1.9096042140629774,2.3257020761628944,2.317198823088568,2.901829043629603,2.8095149878847305,2.585128980548386,2.5745631204293415,2.987016041052898
Traf4,8.525341930549201,8.529706072918215,8.519343457574514,8.529692351935639,8.533739294141316,8.579840069544304,8.57587083366809,8.570392253902254,8.557299423046654,8.58857506028967
pdm2,7.096654915092192,7.096229043287132,7.047959096156693,7.095080180000272,7.11257018987864,7.210451313326679,7.154890991707032,7.188312918123021,7.227217519167015,7.218954128944555
CG34031,3.599125222856564,3.536646608782176,3.333166825005125,3.396379807757007,3.671324850855873,4.086064008120756,3.902762921765935,3.9476245324169366,3.8663999309188686,4.080765998059487
jumu,7.974253040617647,7.981642530083704,7.949119791269415,7.972217225350132,7.97741460979815,8.007025198352473,8.008684601784225,8.010087774308115,8.009654315220374,8.00049112505653
REPTOR-BP,9.084674378146186,9.077666000766477,9.061474765115078,9.06780823986082,9.067720984125163,9.10177768265305,9.116639891779228,9.109060479846123,9.114929035092413,9.1011731796743
CG5726,4.400128236698288,4.462210888823791,4.296676357215676,4.445693629077097,4.336826387264789,4.595950590109566,4.806868073014935,4.7439689241698755,4.701663615160902,4.624758476232373
CG8478,6.663716343211974,6.61580980056107,6.566111656912088,6.552568087686445,6.554612221950078,6.6903283295052205,6.701997806100158,6.669132714570776,6.7160371717135865,6.7227194904450815
CG30460,4.612166290109857,4.6656049807717626,4.2729107927443035,4.478978392333592,4.526907012770626,5.015321156318628,5.190479716519025,4.788705284295677,5.227616837825622,5.138370983278309
Phf5a,9.493533776336575,9.50534433397217,9.46936741925569,9.485581977709913,9.486270394522549,9.536130761543612,9.532924922526288,9.52215051726289,9.534799609305995,9.541492363413376
Drgx,2.0033138617010655,1.8205473721852248,1.002514285758131,1.617369345369452,1.35027934330572,2.692322748831986,2.908833869608894,2.8195489747008717,2.808802123189921,3.0698154169676224
NK7.1,3.5830516109807378,3.9210277635889033,3.897995052533817,3.828969163663008,3.641802048622007,4.867962268122532,4.718021878855954,4.288235828229057,4.65332735589305,4.862615003073107
Cdc5,6.464238163877422,6.516312896989838,6.467538108032788,6.5300902317074465,6.492498656364704,6.607891219832327,6.596537160805043,6.55372987550877,6.571830816742659,6.58138633507559
CG15696,2.0033138617010655,4.028961866827584,3.897995052533817,2.8756176611201805,3.7000009932788296,5.399315605837791,5.740769100338261,5.915398883114686,5.451545949152879,5.565083744589082
Mad1,6.07754485273028,6.1701794394089635,6.153230422868569,6.160486254810974,6.115104861808372,6.238442367429984,6.329602483746227,6.3120484676757425,6.316406413955466,6.2854347887233715
dmrt99B,3.1913862282267353,3.7056584511244215,3.6323796270901645,3.356952436404664,3.3275483418783027,4.086064008120756,4.531282976397454,4.52299901675359,4.368816861981071,4.240747533164291
CG7101,5.6232376719233335,5.686427731320054,5.628232716913613,5.591751227694971,5.70187310938136,5.925327284427924,5.856336546063915,5.881753303340931,5.875229333732263,5.8235318656768875
ham,4.378422087568857,4.5690701903051645,4.37204782501714,4.260297961835985,4.615591821130761,5.292728259376802,5.375088655066052,5.417318699806623,5.488025765823836,5.409385492908871
CG32532,1.3648830185392864,1.614462241506286,1.3545994097231742,1.0047957074707383,1.8156885072774227,3.222484662364639,2.999173599647834,3.6774934428953907,3.7096912952555137,3.1462802143002664
disco,6.090830286957842,5.956530636427531,6.095333618369484,5.750584025087016,6.2329230977846235,6.605566076164102,6.605958375238517,6.831016148470287,6.724395326924787,6.554947843796962
Dbx,4.042579019960863,4.039141206195818,3.987201574798061,3.901523643613107,4.043518934836262,4.221108286231873,4.347380586192782,4.423057171350663,4.432563431007968,4.288851899098581
CG18004,7.928045629428135,7.903836122598491,7.891038482603483,7.892700759905478,7.894847166353988,7.985002741801794,7.96749205571008,7.967896718041475,7.998077279869829,7.964263414054521
Noa36,5.786162517286831,5.844821337105498,5.770578321644699,5.784869009178883,5.812043209488776,6.025812857015355,6.073931503691885,5.9750302330484955,6.11230677734707,5.924538296800968
lola,9.60084832672832,9.592221060402904,9.576462917189708,9.583328546855174,9.595446875744265,9.726503447559267,9.753136797177715,9.726346815861318,9.732435758776365,9.685574557764548
nerfin-1,7.943686539640118,7.896161388123516,7.920500757480534,7.8609502035335845,7.899735333798475,8.133395982445098,8.158826540632921,8.08246645714716,8.156081669882196,8.067086816359483
Dll,3.645851699286064,3.585644758705387,3.886263199539266,3.228386023320061,3.347853951435711,4.505113014728944,4.585765791441869,4.541842352700151,4.701663615160902,4.590616311969636
CG11723,6.457858354048533,6.5587754382985946,6.512077658774631,6.501046549529937,6.474145495124434,6.67957741385177,6.62913025609052,6.664674101512277,6.659936885695501,6.656749955201605
Droj2,8.14757946874999,8.145631797825565,8.149320251299084,8.129044944902668,8.165189397457008,8.22458380652625,8.240715578187789,8.21270631748723,8.236752187749081,8.253642222759938
gukh,6.712374841344001,6.717487743823159,6.742245193530449,6.749905490687566,6.728933163584418,6.927243240979896,7.0062709828827385,6.953712173945028,6.88548454942859,6.984013439398473
oc,6.235563637447396,6.151980333219085,6.179778337211641,6.185751280741613,6.3096139039546095,6.960436839052125,6.946389990572507,6.988251063202342,6.851251739464651,7.04402366298441
mira,9.036597033947537,9.027580619620636,9.036609860749587,9.031208208672336,9.037329915446998,9.126780968541956,9.135499206161837,9.11119099572256,9.102272039635148,9.136616044363157
wor,8.462449999311486,8.46180567693658,8.481690251710877,8.464581688431576,8.465924583395886,8.625337193900792,8.683041766200658,8.649576542688056,8.616423691836944,8.615305503096817
CG15141,7.594320106322635,7.60481587531219,7.566305775330865,7.567223045792916,7.579935689992842,7.720981363959533,7.777520983288517,7.748927982701725,7.702910502269959,7.754504998588579
CG15646,7.44113320087066,7.457929243955234,7.414916326146455,7.43975856566709,7.424555772685362,7.644086315475587,7.670268066864988,7.643027596980965,7.554812965118285,7.629594704401625
Hmx,3.6758321610469786,3.733539075937377,3.662349353361912,3.665858567079537,3.443622385347046,4.8135871219143995,5.034036410825831,4.872587588293264,4.602535506284681,4.835798095736146
CG5516,7.317119309127075,7.3171088914258124,7.2654146970062055,7.307279148417142,7.26440578079126,7.472840668124478,7.470419528677813,7.445910168054497,7.438568013590345,7.444706090929692
fkh,5.614775865259552,5.664740853877026,5.603113078622251,5.672334587563972,5.492359028071831,6.349639298858101,6.169032379351553,6.197665370091955,6.255112186097825,6.177798429683713
bi,5.88168174097879,5.8935529169115135,5.888811684718407,5.790176569698569,5.586652226378278,7.1662642485496875,7.100641485433708,7.161486221954631,7.112666399709288,7.082118803544854
GATAe,2.8521784850018963,2.8391217048883193,2.935254366520835,2.7729028345927955,2.473366337754682,4.142288360923787,4.176554106829683,4.160087707146261,4.346631833284391,4.080765998059487
Pdp1,5.652302538808584,6.190412467061201,5.826367276333467,5.7264297312833765,5.593059093645362,7.355739637241659,7.250376326696711,7.024758955795538,7.493086753409916,7.2582913272274645
TfAP-2,2.817946279345342,3.4673416775331694,3.519791179936578,3.3768604241975417,3.0449757916330333,5.301342976147935,5.342453170605528,5.099557138983233,5.208850563513549,5.138370983278309
Fer1,4.787015066529177,4.753635722309959,4.802041607808476,4.685308135940305,4.697048325201045,5.40706270944031,5.406692639528922,5.210703202947171,5.3165031749255105,5.321388049031253
grn,5.323344317508123,5.315220184940591,5.226624852000678,5.236365980853489,5.2422205132623665,6.009046680017512,5.86620942247932,5.778872269989609,5.903997632271567,5.9736368299463445
SoxN,7.015232169185034,6.982351894737692,6.912765436751243,6.901375189803348,6.964746195415698,7.330128079352923,7.333011699114758,7.229792703227683,7.302351809479047,7.322484413549739
Capr,7.917905515337586,7.9173363324486115,7.8899623432835435,7.886647646379302,7.910489828080113,8.122220304452927,8.109504795631358,8.055587110465254,8.093515682184037,8.078829150537576
Vsx1,2.1493976693271084,2.525770897334448,1.7228261030859795,2.380562184656594,2.317198823088568,4.362249562744573,4.176554106829683,4.103846883314493,3.9696648928042184,4.190211679515271
hbn,3.3867467089986016,3.7056584511244215,3.20179915921204,3.434311447852161,3.6857657086886393,5.3433373220309575,5.317258024842544,5.353076070427797,5.17022725943211,5.138370983278309
Rx,2.4419081601571415,2.6550436785794393,1.9913557065014458,2.4325685404297057,2.929737760105601,4.9443535901483555,4.778120901904522,4.974494777059392,4.732636730131876,4.705337726527547
gt,4.90170647546001,4.8436419261151755,4.782969708161396,4.73720509778251,4.86910510763543,6.405195961558403,6.295016199451695,6.358630509679716,6.701240165302385,6.515199380847072
cnc,5.428501491703444,5.609425974775383,5.367565657402685,5.313160374643114,5.367117142893717,6.742414632135461,6.41826669813443,6.467755283005664,6.46176715243176,6.494716529882641
Gsc,3.366831726207215,3.1289950345628417,2.935254366520835,3.181574969180684,3.172539731346173,5.5371335825623875,5.367029090532933,5.506550297541996,5.390260378940294,5.224893304052414
cas,7.381229044387869,7.36701240228333,7.338668087160287,7.307279148417142,7.34436385277998,7.938833718558041,7.829882413995491,7.842617901514885,7.861011196837976,7.87207727809078
dac,3.8637617453230417,3.886237229954735,3.773980480783975,3.853743523850564,3.8071279303044934,5.40706270944031,5.141002316315048,5.344747597846778,5.2551220048407705,5.378274983409854
fd102C,2.583553155550435,2.965316625861638,2.8391466681686435,2.9687579676795526,2.565388765084352,4.932020110159223,5.264879455546322,4.885908556278982,4.874563120549216,5.158255460269585
croc,3.945953039994977,4.126372793852076,3.987201574798061,4.062759709620079,4.092428836400389,5.596329796567048,5.689351779857666,5.393708704308716,5.57050292661275,5.711164910603784
Optix,4.245637652713764,4.513922351498114,4.538834920491947,4.459140769007577,4.604211843540301,6.67957741385177,6.842802645052461,6.660195520159245,6.673165254050373,6.892752285984415
erm,2.782500566044553,2.904208490646723,3.224927457116074,3.106974277281555,3.097969491453273,5.570451975409248,5.616405187240294,5.470333015745864,5.390260378940294,5.312990586028623
tll,4.130685576086238,4.13561166935822,4.288817091484907,3.828969163663008,4.174855964496079,6.460522689113693,6.380806637045962,6.370694447036565,6.2942590268888345,6.42509234283675
toy,4.668450979891765,4.861600642803934,4.76842322163328,4.727038934813245,4.886515839057385,6.799620285272079,6.8260136131569,6.910975794204806,6.784949284672723,6.757129970469628
scro,3.1913862282267353,3.601458102351296,3.5532732718544637,3.250994668158925,3.5639407165648844,5.5165963294541305,5.628938497232518,5.6580850155281714,5.473593136283239,5.558508419572957
ase,7.853447889097028,7.844335626449068,7.848186450724645,7.824011627526495,7.847289256630667,8.015586497961628,8.038222523180506,8.049452363900889,8.03072478236406,8.004500100703293
CG7900,2.885277530343103,3.2475074235668187,3.050526185031156,2.6980533165254803,2.9890158336642525,4.7560844444295505,4.654078702552507,4.924838755737566,4.585014955686495,4.64140214747305
Trf,7.209722476049321,7.20701648031603,7.217222305998698,7.2229288976985835,7.155425766838089,7.278037861866977,7.283063847098958,7.27327399356628,7.281114010008476,7.30077136625225
msl-2,5.775365513246072,5.7228135514773895,5.7669859702289985,5.728308609065983,5.7393482790355055,5.858820095268658,5.9000165165620215,5.836761623900081,5.954681674819554,5.896705157941815
B-H1,2.9784689194187894,3.050500926344052,2.769526728461664,2.7729028345927955,2.6892625119443276,3.517322524547464,3.8671426301767102,3.632176811330217,4.092604417253756,4.051424859042631
Sox21a,1.5037035522692068,2.429259624688041,1.9913557065014458,1.91267301777801,2.0618384810893735,3.222484662364639,3.751970938832418,3.009318130529421,4.1211148204788035,3.990026296349491
CG4282,5.535213713226151,5.541897354631647,5.474336620096168,5.492286553127283,5.458842957606718,5.570451975409248,5.62269147759031,5.601491310180438,5.621935647767552,5.722427287460718
icln,5.941663571642685,5.903020606827695,5.895163543854329,5.979317332810427,5.8814066365053765,5.996284955896431,6.0618868828520975,6.048001827952376,6.100727091994314,6.1002929727553985
exd,7.430819277090512,7.425567658930418,7.425251484420147,7.456567193991003,7.4461435974514645,7.58467539687366,7.62392428470126,7.647218469486274,7.6703182048166445,7.711006326861603
Pym,6.589592061947394,6.576550250539924,6.523120558354325,6.589737093404879,6.5787340106752845,6.673070943965225,6.7293060185455325,6.70195333836482,6.71813326889348,6.770961879132196
Axud1,6.386820232425892,6.354154984425502,6.322682432999554,6.343673988704817,6.336289014407725,6.416508902647737,6.502309476961705,6.47318166319896,6.464469292309997,6.525285594706409
D,8.167958628280731,8.091849311626108,8.116899978052729,8.110323057887445,8.149788722341707,8.245573989352803,8.256588374082686,8.184760377686,8.20222702706627,8.173918167902697
chinmo,6.901089320778148,6.8021350371506,6.886680615215196,6.821609913759965,6.794421961381692,7.154233323000567,7.097778520028784,6.991479107460671,7.019552196920691,7.04402366298441
Xpac,5.24038665505056,5.080517895281941,5.179183476843906,5.269578309736119,5.233108809862952,5.375707545492731,5.459704496035709,5.440384096674478,5.3581490394986755,5.224893304052414
sbb,8.66461522138036,8.647328335627147,8.662486547713849,8.65649382156642,8.662807890971399,8.705152233138708,8.719665578327009,8.721806447766513,8.701195301849378,8.682505570740108
E(z),6.805057816075117,6.714004000083815,6.732014848559991,6.759991421844128,6.7756784715612595,6.8681553226485645,6.861132381560101,6.91272077994894,6.81009191813949,6.8519725870739725
REPTOR,6.092149174080831,5.9987962535451205,5.963972883426008,6.033328229892368,5.969912820163555,6.22490949797221,6.239094711987476,6.229239105044948,6.135071481660079,6.130531388347522
mim,6.298622622184993,6.295450210645579,6.249902745090492,6.216172491382482,6.316865949246974,6.387982901602469,6.451642355592666,6.465031010712893,6.325750026541781,6.422315213468142
cyc,2.1493976693271084,2.3772703008190765,2.5257952900565748,2.267656749650373,2.0618384810893735,3.0749546684584397,2.999173599647834,3.2398542239362698,2.4330303489376934,3.2836296402769003
cmb,5.619015718836242,5.55976538028862,5.700013973701295,5.648224096048988,5.646930315734149,5.9299127416134825,5.773634931551264,5.831635266955705,5.6708519432158155,5.7822003142161895
CG12708,6.908108062785475,6.907000839966545,6.922445288239372,6.9384326659013285,6.944011573297886,7.058328699832928,7.040247052548516,7.104133520702303,6.958886650806872,7.055900564242242
Nup50,6.9385314517368855,6.96946054330705,6.93539417705222,6.959477531154365,6.945664239354472,7.078839800860514,7.061282213451938,7.111306424719802,7.030336841421311,7.051463240391401
Xpc,6.643418177278636,6.630333395442875,6.6727063797780355,6.6726596415048265,6.666886797858361,6.788050125047458,6.753868384122089,6.774588710151013,6.709722388792391,6.701910735042496
tap,7.397438517903062,7.365558247370295,7.443253226530443,7.378958759092739,7.365203659106402,7.697043496886746,7.585942091788468,7.713555207317293,7.611236603155111,7.569623891824476
