gene_symbol,Nbs_type,Hox_1,Hox_2,Hox_7,Hox_4,Hox_9,Hox_6,Hox_10,Hox_3,Hox_5,Hox_8,No_hox_8,No_hox_2,No_hox_6,No_hox_5,No_hox_9,No_hox_3,No_hox_1,No_hox_10,No_hox_4,No_hox_7
vnd,VNC,5.13004397576836,5.20538439670658,5.18621207521977,5.29214313055401,5.223679555566,5.22504045148249,5.11498860094203,5.08865556247836,5.11581476316188,5.07284376676511,5.19937876294936,5.24505476032206,5.23258845943672,4.85224445075893,4.87895025139502,4.92835815615727,4.89436037174173,5.17623961199498,5.00770194284054,4.86276391876501
CG6712,VNC,6.49458575448097,6.49868127250048,6.52900976294266,6.51802902332975,6.47876934027906,6.51555364236408,6.53073469034835,6.48084313559427,6.55691806673062,6.54622789029551,6.45783777202093,6.40902042732497,6.49608735810692,6.41970411489181,6.44798958348467,6.44763395842936,6.43824363223121,6.47228647582435,6.48357948378879,6.59018535929084
HGTX,VNC,5.52090518165813,5.51324474936856,5.32899344069746,5.5042998412759,5.42196383924807,5.47723752332876,5.47980285058205,5.48144996074115,5.37414945180265,5.37541062121868,5.52594915783152,5.02765381502101,5.28686388034499,5.11073596394018,5.21509075592815,5.43880167636681,5.34836914164597,5.40787108796037,5.34909036661687,5.422898266136
pre-lola-G,VNC,3.85423109097701,3.89477052458792,3.868637578638,3.76902144857908,3.83501163438706,3.89387187973047,3.80876822917871,3.76453948764925,3.54669528598613,3.55750471010196,3.80060135238672,3.26813968092792,3.71456758530864,3.61222304885425,3.55231978724689,3.08343592975963,3.58011084810912,3.34435458333076,3.55557254521501,3.66784517236177
eyg,VNC,3.69544457971081,3.61765686270662,3.26398580585418,3.08551969364962,3.19895859316976,2.43636938540695,3.28727148291694,2.92610611049086,3.74060681425299,2.92452043148329,2.07900292032818,2.24292133248505,3.4761906513864,3.07264891068906,2.78823916423934,3.35960153786164,1.82963755666224,1.81265251030608,2.60485110884548,3.23034403403352
ss,VNC,3.54065288237051,3.16363219056047,2.6496056764764,2.91229786336758,3.56672539939544,3.16131031880707,2.86830531681596,2.92610611049086,3.01648793352806,2.78964572695924,0,2.54859617262523,2.70318823475849,3.40724487867018,1.47919643290414,2.57663111091374,1.82963755666224,2.05867353379619,2.29751589292273,2.57597890504746
GATAd,VNC,5.04821530243969,5.12450364416524,4.93695036096965,5.05631770549074,5.04119993658803,4.94638605877457,5.00991322472276,5.08160722149426,4.95636635500496,5.05801231631875,4.66294252725292,4.98249623959728,4.99203741289046,4.85224445075893,4.61499975342244,5.09041955447174,4.88121498930943,4.60632706446885,4.71825785746271,4.92765737531603
CG5151,VNC,2.5745556117762,3.03612148321377,2.60836144962161,2.91229786336758,2.76675140406661,3.00193038262203,2.8010445720228,2.36853118884274,2.64877337077458,2.75287971765978,1.83216039094508,2.54859617262523,2.27259275513259,2.0625937824898,2.55435184418307,2.57663111091374,2.70477865761187,2.25596105118924,2.72910028700792,2.43442839395065
CG42342,VNC,7.22258410405048,7.18078273703912,7.10691478316743,7.20226282680181,7.14481043872786,7.11914172897397,7.15173223773684,7.20460723751686,7.17392692279749,7.19598188074501,7.01048768861243,7.18388214715001,7.12047930820621,7.08939122195081,7.13495803395428,7.0920635827197,7.19542823010618,7.02441969532486,7.15241732706916,7.08265722923415
Sox14,VNC,4.3007202936083,4.43393264808729,4.01293293593785,4.3206279106705,4.22069725300679,4.16150929022029,4.21952649779026,4.11689167551975,4.17392495806918,4.19288557295776,3.97918972899623,3.49647990410397,4.12603229164963,4.13990925530053,3.98035366393595,4.0040429768568,4.18240744561045,3.98853324208108,4.15333732567119,3.79261006973186
CG30431,VNC,3.08129245693326,3.25509206542467,2.95976863744092,3.11168259950462,3.3900375840323,3.71326156232233,3.48112707441256,2.83005041759126,3.19530309544961,3.31192664355817,2.4418893391591,2.04596877246468,2.43759101569295,2.80028174805791,2.78823916423934,2.43507243609886,2.9144549051698,3.21585095600443,3.11256583813296,2.43442839395065
brk,VNC,4.33911806486533,4.44728705622656,4.27510019004511,4.34349053731884,4.30155316844588,4.46325862682419,4.5223647012521,4.40513993362104,4.51977015082647,4.449701645867,4.15838962080926,3.87445715670314,4.06816990813032,4.11219325476142,4.54551539452996,4.30293634322755,4.18240744561045,3.98853324208108,4.37895992643193,4.41327671557799
D19A,VNC,3.99122530801693,4.02430978920933,4.08278728303509,3.98484685321035,4.11416093518529,4.16150929022029,4.18526079868899,3.98832729204071,4.18267768621327,3.93061562210585,3.83896179857094,4.00538947374436,3.57845387628647,3.9607674968818,4.0417413171008,3.90421284705223,3.90858760347227,3.85312386500987,3.93411405330844,3.86790033050974
M1BP,VNC,7.63466772374537,7.62765783698999,7.6297075386422,7.64355167092059,7.63677894341545,7.62992502949189,7.63531469213026,7.6136274121037,7.6304772716191,7.60836620809102,7.60190028874884,7.56756206371844,7.55069766982096,7.62756276545219,7.63787220280303,7.57769578635364,7.58304609936024,7.59338627776847,7.59657040254247,7.58671558148121
CG31109,VNC,6.2705104627293,6.31989474916607,6.27572524057021,6.25841613306434,6.26999367929135,6.2487338790947,6.28281284410039,6.23133645590699,6.23980722351746,6.28673596109161,6.17067829059999,6.08806119456392,6.07816156864273,6.21222557237849,6.24975534070255,6.20264595900935,6.19294564485232,6.22141357505934,6.23309217039801,6.23647812857964
CG14442,VNC,6.09292402089954,6.11837753295969,6.16554289143904,6.16662184593599,6.17204851569856,6.13370902011848,6.19684605043792,6.17132462821497,6.1513518876253,6.13598717321464,5.9909645034116,6.1032363514275,6.07816156864273,6.03167993699261,6.1244133242689,6.15956308027256,6.10741501780693,6.06759391298239,6.16774709191369,5.93348979909017
ewg,VNC,5.61142836591984,5.52910854717084,5.62444206579753,5.57270658851184,5.61697894145112,5.6604771264447,5.71115331099849,5.65712801735209,5.61734168824892,5.63921600534859,5.55342875236325,5.64281139919688,5.52819997988212,5.35724723153354,5.44449503585634,5.6366212291054,5.60322802562363,5.62087779604307,5.49155734646953,5.49669087898531
gsb-n,VNC,5.53010631991011,5.52007435835005,5.5086552999107,5.48283079212964,5.52078126212657,5.46259331273646,5.54676439066904,5.53454884345732,5.43574672529239,5.58116041376672,5.19937876294936,5.38567309008998,5.33834451735218,5.14132482886425,5.26887193943606,5.52545093059015,5.3890008820339,5.36083501041577,5.24141977419151,5.16185742580871
Met,VNC,4.81550921564596,4.85105823829885,4.76259639124955,4.79142839162316,4.83618994432935,4.73626428691322,4.83955154312426,4.85203815690557,4.86376638852994,4.87397252477286,4.75739427980302,4.77821025552762,4.70661671914651,4.52156134781793,4.64801145914487,4.76489850932441,4.76932508968709,4.63989561277491,4.71825785746271,4.55054140919005
pho,VNC,6.75981972926174,6.74928193636057,6.77758396421218,6.69853282754024,6.72079688112466,6.78073971902458,6.75358661227765,6.71961666352883,6.74829056092976,6.7354550434653,6.60547366295442,6.72702497483584,6.76213898059511,6.67282997075209,6.64028561886059,6.68194992952785,6.65995077819914,6.69194512819325,6.6904190533665,6.5854072500441
zfh1,VNC,5.81851403790128,5.73007945453053,5.69223094401914,5.79861265540966,5.81147423544327,5.74736652845716,5.76284953651424,5.7927070415974,5.73102226702386,5.66397474479249,5.580173370618,5.53585432826122,5.88021371029421,5.6253540326361,5.51515083620067,5.76970691078588,5.82176710380691,5.57010069195313,5.50620332532367,5.34322335199934
opa,VNC,4.57909784174715,4.52387191724851,4.55128644085332,4.61268616976055,4.61275528679815,4.58863739670607,4.46474737908796,4.57138474314782,4.40799607202735,4.69765181885281,4.59462361774688,4.55716725628718,4.45788047730465,4.2187262662312,4.39013493832448,4.45515247079991,3.97624165739653,4.26358911544887,4.40115411251045,4.41327671557799
EcR,VNC,4.91771507161943,4.99518291941665,4.98500779943167,4.97957065530894,5.04119993658803,4.92976924325977,4.93042631941254,4.83408079801994,4.87254797199976,4.96817907338704,4.69542783119795,4.93520261880992,4.53547722744848,4.38156390384306,4.34720074375744,4.90290371768573,4.51832111268744,4.47907970980162,4.56293077515665,4.80763563249236
ara,VNC,2.99844511599572,2.92093773795217,3.30677376359765,3.18629910460591,3.19895859316976,3.13644921614856,2.9614066236115,2.51690786654687,3.21842507344265,3.14954159306754,2.70758233148549,3.26813968092792,2.70318823475849,2.0625937824898,2.67811788495562,3.00057969138074,2.07637478352139,2.56204099905616,2.72910028700792,2.43442839395065
kay,VNC,2.69851790725587,3.23299929079283,3.21928488199397,3.16204033886996,3.26679014603866,3.23238726015024,3.2209433176562,3.16886382628678,3.1473906833097,3.41363591273775,2.91729653840588,2.78238201196159,3.0860697125866,2.42476028653773,2.78823916423934,3.08343592975963,2.43914672631619,3.14482447563099,3.18918062618237,2.90956556036651
Kr,VNC,6.58944102906478,6.51726656925002,6.64179419142852,6.58589518199159,6.59501091970195,6.67096264189392,6.52822684415108,6.62222533796338,6.66375785000782,6.65556949146521,6.53183372484243,6.50418090167739,6.44763536411007,6.43359004277591,6.44260729536923,6.60037855935106,6.48189802537426,6.54609532459961,6.54459686882956,6.55624899422212
CG4768,VNC,6.39557957300011,6.3259937824706,6.28215785969095,6.34757862536964,6.3502246275858,6.32526123526184,6.32574030553341,6.35448715921569,6.34641999491142,6.317948066923,6.32296210549428,6.31609063884069,6.29282916196023,6.31669694321898,6.18904687592636,6.29649324503462,6.27502237763038,6.22817984009481,6.27776412853012,6.23647812857964
tara,VNC,6.10588207026629,6.07894553912717,6.11757792058547,6.08817250637272,6.09754875341484,6.07015239476326,6.09248846693548,6.08439498078042,6.10655439658211,6.08647869656545,6.02536588773816,6.01677035017943,6.0661168297801,5.96785090226712,5.94623028237437,6.03051630083813,6.02236882113439,5.8220151509245,6.07339635076326,6.03812552143562
tin,VNC,4.33911806486533,4.399744909306,4.33677712144671,3.94075005603149,3.94068895041605,3.89387187973047,4.19393792615724,4.02967433333425,4.10100026475858,4.03977263665349,3.71916197116114,3.80194526454238,3.36226578728146,3.70084495731359,3.27414507026578,3.47351608919552,3.71623060815849,3.56041652311216,3.82313017959457,4.25412652106386
sob,VNC,4.14882686247476,3.88317827621647,3.74148119614004,3.88274546072907,4.12348551966656,3.65504260584683,4.26881931431488,4.19710862830798,4.16509494270333,4.23629437481975,3.30457062452828,3.59367310718736,3.4761906513864,3.46256090978656,2.05140647406726,3.57577100621728,3.36391128353122,3.06836488126675,3.96853055846806,4.00334996587371
CG13287,VNC,2.84300703691385,2.92093773795217,2.95976863744092,3.34139351721523,2.96253339105652,3.08479224117416,2.90031190435528,2.89510153868025,2.79858102898717,2.9555768032645,2.70758233148549,2.40739320097735,2.07488414175609,0.99937621774915,3.13685029471576,2.27011748348084,2.58075692262283,2.05867353379619,2.09918889944916,2.90956556036651
Awh,VNC,4.33911806486533,4.24183745086831,4.39486999285768,4.23202043290713,4.46592193203378,4.42929386534031,4.28472469834321,4.39815938957577,4.34334198400701,4.26146304531239,4.48250692054068,3.97422825420963,3.83435448916909,3.78224839937251,3.91494966951606,3.93860886261813,3.87296297305734,3.73798899051947,3.86150979796324,4.15034314923034
Myc,VNC,6.20040403574844,6.2032282668011,6.12385738194968,6.16540415156956,6.18866129406836,6.26539675550128,6.20728399883821,6.09728581227339,6.21499627548722,6.27131209289529,6.15223246430792,6.25004837585168,6.02488652676725,5.92291619158307,6.09810492543552,6.07140908439057,6.08384508891405,6.01891957914385,6.08568863062739,6.11383584022531
Max,VNC,7.20558218227583,7.23734787119452,7.16867543367797,7.19966736005909,7.23017153178807,7.25163319133093,7.2160254609808,7.19567957809181,7.23092117149429,7.25248678096396,7.2140034858628,7.19025083470128,7.15097055628743,7.14642377370799,7.14837043077374,7.10354845719336,7.14031219370226,7.12832151523097,7.12254562261322,7.18238323880987
NHP2,VNC,8.40723212586954,8.42471110676219,8.38206125691775,8.38792122295475,8.41017710559013,8.44548483895577,8.41725025185642,8.39553198042811,8.43579255861689,8.43954815750739,8.39254501496088,8.39851152523286,8.33870174581688,8.3725831914001,8.37862318817395,8.35449902820154,8.40448712453972,8.32014598949506,8.33730234889837,8.42094384305774
Doc1,VNC,5.27303919282912,4.99901044807615,4.8864662971677,4.85665141011165,5.23595928528778,4.921356130726,4.91793896876163,5.11294073490417,4.82784795732952,4.87397252477286,4.59462361774688,4.64182908126526,4.53547722744848,4.24367607204617,4.4512661218194,4.17801118134712,4.88121498930943,4.53560771119648,4.74972743171338,4.88922874800759
Doc3,VNC,4.63667369810595,4.42039748310796,4.20936771117215,4.21503116880899,4.3396547099396,4.32755476177634,4.05514259156981,4.37692053901481,4.3208271005224,4.15674863154298,3.67581206882483,3.90883216460065,3.83435448916909,3.28648965434099,3.39484542107564,3.41818000287996,3.4224985569595,3.56041652311216,4.03400175744055,3.9035211883652
tgo,VNC,5.96953860457031,5.96063780752203,5.9326701549979,6.0087574867488,5.97859585988801,6.00657097825361,5.98175693413232,6.00616226382481,6.01603713900268,5.97944010916726,5.92308716905089,5.88065154917009,5.89948450440712,5.85148533110532,5.77763567250519,5.83269473260086,5.8867661208063,5.8665581909589,5.94606434102307,5.92425511728618
CG34159,VNC,7.55722049713954,7.49800923859565,7.54483356314567,7.5000755912103,7.51985097324268,7.4970659547844,7.47999894763937,7.52857595948899,7.53238373464849,7.49093671569593,7.47738599492266,7.51115076888474,7.46173523402802,7.4120332849391,7.45073584520415,7.44080504611384,7.48226848720095,7.47760122453974,7.49644518961313,7.43601616501846
Hr78,VNC,3.66634395195387,3.50511644106933,3.36770723753175,3.32065631210966,3.44639670306482,3.65504260584683,3.46334763840239,3.52729105932115,3.65575126571944,3.63793117359308,3.30457062452828,3.49647990410397,3.62591368779247,2.0625937824898,2.78823916423934,2.70061334148067,3.23531052459309,3.14482447563099,3.11256583813296,3.29669716500229
Crtc,VNC,5.07383596814096,5.1177415046837,5.12693531971852,5.0600046958357,5.04119993658803,5.13710050617754,5.09413613903683,5.16307555987571,5.07381396002677,5.07284376676511,5.03157254948579,4.99397824366642,4.93109823571088,4.5935574610547,4.8123389336744,4.83627990638026,4.92014382181809,4.92516008873883,4.89373929048154,4.86276391876501
Rfx,VNC,2.87608770769974,2.88994240857364,2.37196430060013,3.03104627635853,3.02011292212535,2.7768090195624,2.5669374102867,2.56184735094466,2.95891944402886,2.71471020352734,1.83216039094508,1.47437963609094,1.82820675916135,1.81641309304501,2.05140647406726,0,1.00937147526979,2.89529977525028,2.93910226593751,2.26948453310617
CG31365,VNC,6.13255940092096,6.03247281662455,6.065870068577,6.09603908602556,6.11416798798521,6.07549481899152,6.13802294859656,6.09728581227339,6.04080617910087,6.0971071713831,5.99532995546083,5.97485196992261,6.05800564364269,5.92750161919194,6.01888384316313,5.95241125271146,5.96585008239528,6.01057176872731,6.06926511546637,5.99152200470586
D1,VNC,8.63239145324708,8.63817132500307,8.65232491734681,8.66822621949405,8.64560506842091,8.64231685583027,8.6483424826896,8.64573791047838,8.65561573488686,8.64281984650287,8.60199774282689,8.62009170571344,8.62954475315375,8.57936058698745,8.63209038633028,8.54072322303096,8.61113245798984,8.5876913569889,8.62888086886257,8.6245223406836
kni,VNC,4.86123525194548,4.82412245811901,4.98500779943167,4.9553489905979,5.12983370765358,4.98675879504513,5.01372643946874,4.94542282473123,4.9841182933648,4.87845277686303,4.91031735527751,4.95912898897231,4.8527029556798,4.70828213847531,4.82602089584392,4.56939707600121,4.7840153720142,4.79266552466351,4.90706239448609,4.76419863613488
HnRNP-K,VNC,7.80586852004748,7.8491033664225,7.84902517218331,7.85198661399317,7.80303516528472,7.84828756146984,7.83614903536434,7.83785249413701,7.85324640916893,7.84783767917072,7.75772558678072,7.76734689412254,7.80757477586908,7.79138674311848,7.81615842078134,7.81747804187812,7.82054178033754,7.85543556999589,7.78448517653204,7.81186729092192
Ptx1,VNC,4.10219049145012,4.24995006483608,4.42953568815291,4.20642705817681,4.27797535601374,4.28855603080743,4.21952649779026,4.28714461591066,4.1913544683614,4.27789698540672,3.94593282417749,4.09343893839847,4.09751954844864,3.78224839937251,4.12728771684343,4.03522145829508,4.28357154164235,4.18871351606347,4.06519707318203,4.1226224282958
su(Hw),VNC,5.44657176289498,5.4047741143344,5.46365058619836,5.42321901645826,5.36193185639226,5.38597161715494,5.46779058549006,5.471920540546,5.43325451726924,5.50529721045946,5.065256459611,5.33826851638924,5.16530351913402,5.08981087932156,5.33635681211974,5.26635158517721,5.33164262857037,5.36083501041577,5.20278953225627,5.31802811180636
CG43759,VNC,5.82705771178802,5.82976604070091,5.82389329815725,5.78444621220234,5.77477249406273,5.81182118316676,5.80512824023169,5.80307419954181,5.80938889183833,5.86457055421735,5.56689046815178,5.64876047730683,5.69942270294351,5.56146823666451,5.73475436725157,5.67903229528156,5.70112152186942,5.74306216994461,5.58984155139488,5.76357068221645
EndoB,VNC,3.63637102995018,3.5549064423343,3.88050725922834,3.51089407751846,3.65946425764063,3.71326156232233,3.53264393982822,3.69625907588829,3.75407488221955,3.82101980049901,3.23819681836221,3.72376143617214,2.81349991958768,3.28648965434099,3.64502128723638,3.23102202191717,3.23531052459309,2.9855716065664,3.11256583813296,3.35892018319251
CG32772,VNC,4.6083000851088,4.45389797270796,4.55730152355657,4.57155814400219,4.63526049197058,4.51531117291678,4.45813562018615,4.55355428589987,4.66968989990254,4.7240801250579,4.35621395791505,4.48386601535299,4.30565908453377,4.42360230806067,4.56334433384204,4.51390536565805,4.25922370237646,4.28735157025386,4.28490280049684,4.30224000426363
sstn,VNC,4.53052453356507,4.47991307607139,4.34422598682483,4.41613132496204,4.35449792611464,4.34273813687705,4.3823659309043,4.31797417415232,4.33589320559611,4.36375171006195,4.04255876743635,4.31886249640424,4.18072896073209,4.13990925530053,3.84496676763941,4.06545716233634,4.03960724100511,4.31056245217535,3.74164757251843,4.20358060487371
Hr39,VNC,3.96965691836124,4.31258524218482,4.21782447450701,4.28930787965932,4.23739991698915,4.35024423988719,4.19393792615724,4.27136592925581,4.18267768621327,4.17498032818612,3.80060135238672,3.94206469524033,3.97456913349142,4.08368712633169,3.76971523344677,4.0040429768568,4.03960724100511,3.98853324208108,3.82313017959457,4.09411130645349
Reph,VNC,3.35743321017949,3.66226363814888,3.85662531461641,3.47563212540861,3.26679014603866,3.38088439198131,3.6434356541346,3.45800635279892,3.62578684602021,3.52343108213936,3.09056394779674,2.54859617262523,3.00320256748961,2.98983764198113,2.97765963772327,2.70061334148067,2.274121768225,3.14482447563099,3.18918062618237,3.29669716500229
wnd,VNC,4.61403957830085,4.57769157440443,4.44977256821338,4.43693301750292,4.3977497304266,4.49610757778633,4.62289464668657,4.51067024248218,4.65892268336025,4.49662648434164,4.15838962080926,4.09343893839847,4.28189055175499,4.33768042456295,4.49003812701684,3.97186102719726,3.87296297305734,3.88873360185812,4.20805752445009,4.43407768844873
CrebA,VNC,6.30380277541521,6.4142065545442,6.20556003404803,6.12054935072645,6.22902449651655,6.18395079968151,6.17801634331431,6.18549660028385,6.2342221820132,6.12833116551581,5.3839960656387,6.15817635604105,5.91839094532742,5.66181394042625,5.63096874126388,5.87258515197259,5.65946703853439,5.43804266223713,5.67932454399893,5.82176463815284
cbt,VNC,4.57315364801643,4.7386675246759,4.52685763393918,4.46401215211559,4.53590538362691,4.58863739670607,4.48432434165997,4.60041336480462,4.34334198400701,4.50315383320905,3.80060135238672,4.38397020788489,4.28189055175499,4.13990925530053,4.43130142270301,4.22986850498567,4.03960724100511,3.92311876707719,4.18107166589221,4.06476338407398
corto,VNC,6.70123204739844,6.71140798436435,6.671915860778,6.64568518995569,6.71941351028218,6.70133976891824,6.65316877509812,6.76069280196129,6.75363548469963,6.68609593557545,6.47685637819886,6.56055542359928,6.55476652302209,6.58197864379601,6.66866622207394,6.57648689895027,6.60954767174026,6.51621151963309,6.54716717651041,6.49525082306535
sd,VNC,6.90593024467293,6.88266685317194,6.87551015407986,6.90571753625252,6.8502813583075,6.87546795288884,6.86056624909871,6.92349974181676,6.8495057834127,6.86979732790379,6.66295127276167,6.73905896484171,6.86899374158297,6.78563529555423,6.84212721724556,6.81041603174011,6.80719180063681,6.69194512819325,6.83897444818374,6.69636150614988
Socs36E,VNC,6.92993507480596,6.89249201391994,6.87018233092685,6.87443223070571,6.88723994746466,6.89208825318575,6.88312253107411,6.88229822995361,6.9088564059172,6.91221194665598,6.75672233030499,6.86619181912277,6.87440818999562,6.82369290202856,6.88116763918831,6.831247119966,6.79360129632703,6.75361882910112,6.86732858940047,6.76068883808844
Imp,VNC,9.7070322886627,9.71409356255792,9.7124677097123,9.71703346476503,9.71327037033134,9.73475836952419,9.72872477764971,9.73733052981529,9.72176163356152,9.72431165014099,9.65197359941306,9.69043190051546,9.72658446876821,9.6779551201189,9.71351644865778,9.66090252069336,9.67341084322513,9.6824560058575,9.66937109386054,9.66549319299768
inv,VNC,4.79183744201495,4.95208386246071,4.68651379695833,4.92632831073337,4.85868867218892,4.99464136880608,4.82586808441254,4.75884176677963,4.86376638852994,4.87845277686303,4.4625349016487,4.5918967265943,4.67465205223417,4.35986286485934,4.69557148521768,4.12331688756862,4.37543514041151,4.53560771119648,4.42286639284746,4.25412652106386
CG10654,VNC,4.63667369810595,4.81956176938603,4.75278032559479,4.76706359197644,4.71541268188717,4.94225766924665,4.70391223868752,4.81579506670936,4.65892268336025,4.75994423874388,4.44215585831323,4.52118811950016,4.65827821770557,4.31499473930453,4.43130142270301,4.15103792107997,4.39714047349885,4.43953728223337,4.30925938199178,4.34814445777913
Fer3,VNC,4.21919675631348,3.4704902448648,4.00254315161238,4.16225972224574,4.01579596178441,4.03661771178199,4.28472469834321,3.92291307987352,4.15618626304351,4.21047585122477,3.53319990743352,3.38881308986205,2.07488414175609,2.69006910105169,3.98035366393595,2.70061334148067,2.70477865761187,2.42066621257713,3.89847070319729,2.69995487570307
eve,VNC,4.71208688857301,4.31258524218482,4.53302100996672,4.55340050242488,4.63526049197058,4.42236025328277,4.37518437733933,4.45268518652557,4.55040026254315,4.41478240884702,4.33352269425134,3.80194526454238,4.09751954844864,3.22016357046181,4.52736280507337,4.09480543506905,3.30167675049647,3.56041652311216,3.74164757251843,3.35892018319251
srp,VNC,3.86639197316933,3.79803654084323,3.76823891220691,3.95195789072887,3.96272982807887,4.03661771178199,3.98312926547203,3.91158227032159,4.14719750488233,3.82101980049901,3.48075422036142,3.20186291726137,3.36226578728146,3.22016357046181,3.59974434884203,3.6685330482715,3.08769643207573,3.06836488126675,3.4477018659966,2.9999089349508
CG33557,VNC,2.80879448522194,2.51188788111343,4.05344511078456,4.23202043290713,3.37052254654252,3.7548040839127,3.19781888721481,3.82845418986476,3.38635498873501,2.63370115300282,1.01128193341296,0.987368757704784,1.50002740150822,0.99937621774915,2.05140647406726,1.49788386086426,0,0,2.09918889944916,0
sim,VNC,3.35743321017949,3.08909224191328,2.83361438206212,2.70265050133821,2.80216065054883,2.66229176684583,3.09957135652041,3.28196354024696,3.36684248744821,3.3331129343305,1.50368752063211,0,0,1.48911568932576,1.47919643290414,1.82589078383956,2.07637478352139,1.81265251030608,0,1.49733585146077
E2f2,VNC,7.2166662564202,7.22793417064821,7.25954192584538,7.2478648912913,7.25194506408238,7.25081106813114,7.19088829990814,7.20418391334672,7.24038528584308,7.22847756199792,7.17326581757629,7.15009487587417,7.15233467449501,7.09652307993689,7.07370787665765,7.13998869199742,7.19542823010618,7.17124741375523,7.19494431724332,7.15566426982607
unpg,VNC,5.52781396013227,5.60068139524112,5.6941568019774,5.605231597411,5.65381218959592,5.51059574571665,5.61161746082326,5.471920540546,5.59636560136703,5.58116041376672,5.24652541397212,5.34632698246909,5.16530351913402,5.03549842853911,5.05569269268455,5.16255927387456,5.19639103369188,5.38462957277254,5.1523036865327,5.06811339239212
CG15107,VNC,6.74972700589071,6.75721446976316,6.80836057051607,6.77489927544658,6.77330788828667,6.77082048244126,6.76355846658224,6.763328273408,6.77473399777696,6.80488047241278,6.71941784928219,6.67526363323938,6.704100554793,6.68791378008563,6.66866622207394,6.68629232500154,6.71006217884125,6.75162315973585,6.71676185854761,6.69636150614988
slp2,VNC,5.91339793838714,5.9354984279465,6.06054913288792,6.01868348919403,6.0309235344861,6.01368110255227,5.97450260081751,6.0406362697512,5.99775897111819,5.97795246105488,5.68052590016131,5.72304054449876,5.72246859406188,5.74204824534417,5.91927326994868,5.61787958269966,5.76872493255023,5.83708436328284,5.75012605894127,5.79044298127004
px,VNC,6.43247254210512,6.45243592628402,6.46256302745173,6.45256086876557,6.44473856713544,6.38858461996416,6.49244016297402,6.43622298614039,6.45360604357979,6.41674881159051,6.27802106766846,6.28518523533011,6.33692045955124,6.36510580317673,6.34934312556547,6.2131327788793,6.44933718663803,6.33670973666994,6.23309217039801,6.27640672555222
Wnt4,VNC,6.33294928598847,6.43804415387926,6.46612571450311,6.39129169461674,6.36710276320859,6.43799025747458,6.41677925545697,6.35349633014034,6.3740692282264,6.36554151139588,5.98657991060218,6.01265670537981,6.22281793774635,6.13349618710037,6.18556364502178,6.04296066983806,6.25177118859605,6.17982540424623,6.02698601182654,6.0983662163647
so,VNC,3.87840674337757,3.90622993120117,4.25906768669897,3.90635255379327,3.7443278044922,4.02633225877999,4.03509103771086,3.73778414749719,3.96983123763958,3.91901484647684,3.16710234554902,3.1308797760458,3.162592297888,3.65751541231959,3.06041933522706,3.29737694435332,2.70477865761187,3.34435458333076,3.02959054728758,2.90956556036651
btn,VNC,3.62104080437847,3.03612148321377,4.40888080310112,4.49686138687468,3.82254950728444,4.11530125829823,3.83384909765828,3.80337635829058,3.76736396919012,3.52343108213936,2.4418893391591,1.47437963609094,2.27259275513259,2.42476028653773,2.55435184418307,1.82589078383956,2.58075692262283,1.81265251030608,2.4629441909072,2.07185409860821
Hand,VNC,3.31638656072033,3.2978651472396,4.41581327570541,3.75554855610308,4.26194219809533,3.92866786207333,3.6434356541346,2.89510153868025,3.85574862124767,2.28367195200257,2.58353409770279,1.47437963609094,1.50002740150822,0.99937621774915,2.05140647406726,1.49788386086426,2.274121768225,1.48563835958391,2.09918889944916,2.07185409860821
bap,VNC,3.4160072290887,4.5834965832999,4.23452642810894,3.71400527798168,3.3900375840323,3.99482550252423,3.93952383822222,4.08865607120538,3.79342379676485,3.89540158373052,1.01128193341296,2.04596877246468,2.27259275513259,0.99937621774915,1.80568301987158,2.70061334148067,0,1.81265251030608,1.02600118400632,3.08276237950457
mid,VNC,5.19613307890694,5.14781740103399,5.1602996316586,5.18116607265506,5.13659633522623,5.19336472507741,5.18151437328736,5.05290630647559,5.15282477207404,5.3394158039565,4.35621395791505,4.88556079717488,4.72222388966598,4.50272220859704,4.929218358457,4.94084645454789,4.53716348797934,4.57159241096974,4.70214373117958,4.74928998861547
trh,VNC,4.0731276585803,3.99346393321393,4.20083882059464,3.91795035130693,4.01579596178441,3.91720320563391,3.93952383822222,3.86492978515151,4.13812721552977,4.06024374069859,3.16710234554902,3.38881308986205,3.62591368779247,2.69006910105169,3.59974434884203,3.75341600593924,3.00482256487221,3.2821654987733,2.83960378044871,3.15927328269793
cg,VNC,6.85915490030209,6.86568021742352,6.82277862987038,6.84089708764433,6.8671416694499,6.85734851226226,6.83810357475427,6.80331410285321,6.86393127061442,6.78382293590273,6.70023042905108,6.71075101633907,6.69337255126289,6.58197864379601,6.71081409206133,6.74314064177057,6.69722979384725,6.68342692019849,6.68372347699422,6.67906663492264
cdi,VNC,6.50241030359816,6.52808859550955,6.52900976294266,6.4190919189136,6.53024997613994,6.50780317126974,6.48022090031091,6.48953313058227,6.52477025520272,6.55378966731577,6.24123644456276,6.29144320007766,6.36126926733595,6.14091509890687,6.32232176297816,6.36151633064312,6.22796648640157,6.26134100721691,6.26763091600464,6.30850433717788
vvl,VNC,7.57040329272261,7.51512620036666,7.46559040629372,7.42724298861299,7.59671427651277,7.52214483860254,7.54867410695906,7.57755916255759,7.56606352392377,7.57877564252351,7.11386197222996,7.29388387201231,7.30383835687171,6.94982591947439,7.21535485887319,7.29048032936371,7.26976287297363,7.21492330917193,7.23315417959734,7.2790615051237
Poxm,VNC,2.84300703691385,3.00854532570443,3.30677376359765,3.11168259950462,3.10070605411186,3.16131031880707,3.58163633948578,3.04132179704973,3.28474651088362,3.39410484275178,2.27681741442662,0.987368757704784,1.00828850025253,1.81641309304501,1.80568301987158,2.43507243609886,2.274121768225,2.05867353379619,2.29751589292273,1.49733585146077
ftz,VNC,5.97688907223795,6.08927133576545,6.11757792058547,6.14322822421256,6.10653187759747,6.03193425417925,6.07552223435965,6.06738456109039,6.09116456112529,6.18073168927599,5.78255590232409,5.59390003192685,5.89948450440712,5.78516242349862,5.63096874126388,5.90149224031846,5.76872493255023,5.77007840248992,5.81089853577274,5.61717625549227
slp1,VNC,6.44996464911752,6.59841827709009,6.57788940624327,6.59068475283742,6.66464404052818,6.56165535462281,6.65169030093049,6.63427589162506,6.69885543358202,6.76367047201615,6.25476974577379,6.15102309025076,6.23312467175405,6.37976527350417,6.29454992043341,6.29649324503462,6.24502747071199,6.33064148393053,6.32374037641973,6.24661073485065
Dsp1,VNC,8.45971235721991,8.45975201290153,8.461653350934,8.47641953388274,8.47849128190721,8.47469035212368,8.50353626306626,8.46172730448044,8.47611006920888,8.47681474173796,8.38418865884343,8.39813217605168,8.43731449295192,8.38949885973901,8.42279409286018,8.42546262931878,8.44615865081524,8.40928526560404,8.41200522859217,8.35174837565317
CG7903,VNC,5.85225930825841,5.85280225929971,5.81028184148074,5.85998953155357,5.82510900926844,5.86582218913048,5.81028957544109,5.84679657730744,5.84141855553532,5.96144057985622,5.53289017338144,5.70076713582125,5.72814802622754,5.6128992183596,5.63096874126388,5.76970691078588,5.72416754288671,5.64533110811584,5.63558361468663,5.65431465764271
fd96Cb,VNC,5.87034500882478,5.69831684525568,5.81199344014595,5.82293105145746,5.75317898556801,5.6665106239313,5.90984236165275,5.77518596828007,5.72358384335142,5.70588014191858,4.10215035573175,4.97088086628222,5.18499415331454,4.98981928994345,4.75565857170613,5.07967554305114,5.06227111422512,4.68822573276785,4.66911491783873,4.82170523062805
hkb,VNC,6.45904957604005,6.51307286634317,6.61687312178496,6.62281353218788,6.44746771682453,6.50173322120841,6.52066534753396,6.51515900350091,6.49155453597117,6.6107294021122,6.03796729944952,6.02494721898758,6.17326332789465,6.13349618710037,6.1608352726998,6.29328889464583,6.18219568261723,6.20083567106815,6.00073304157399,6.06265896271631
bnl,VNC,5.490402987401,5.93699483943887,5.76651112128403,5.61372919277372,5.75681043976597,5.78011306626013,5.72058296219808,5.72070190124146,5.73656499797071,5.70978104760671,4.59462361774688,4.73478417565982,5.026894504836,4.90448754877789,4.77013268397423,5.21107668542698,5.18668913677819,4.80673338762907,4.40115411251045,4.84926413907387
cato,VNC,5.92426369803389,6.10329742797493,5.87495426661949,5.91468979153267,6.03778939061621,5.80486131135863,5.80340185827643,5.81503492228201,5.88682556546489,5.762853741546,3.09056394779674,4.09343893839847,4.2575432924368,3.5647815636126,3.88057029450795,4.73485539477419,4.0084262649038,3.73798899051947,3.02959054728758,3.57508488147952
scrt,VNC,8.24071066727959,8.2611924710658,8.24239254557815,8.25859977447869,8.23987490028155,8.24498639893886,8.23868699559471,8.22359543325953,8.22311944386052,8.21560114517012,8.11165184613121,8.11695416162697,8.20151129990111,8.16475299947815,8.13865563352906,8.19060271076082,8.12736412516485,8.10142383198722,8.14096077350891,8.05344425148733
mirr,VNC,6.68549193703141,6.75325606867701,6.62827792778311,6.67685135773249,6.6491712025845,6.70560499968762,6.65685542545168,6.716863274229,6.67895075393564,6.68094963014632,6.30394842184677,6.30075732532991,6.50132881169411,6.30421949590306,6.34637655723095,6.38521580694599,6.29774521052009,6.1177809935634,6.31081857603182,6.12148182695465
hb,VNC,6.56452477026825,6.55181614109152,6.57150852337126,6.60098412323795,6.54436694914765,6.62050870176592,6.53904904404415,6.55969304769441,6.55610654359172,6.56874381207153,6.17432697470097,6.13656119633485,6.38209874082313,6.35918130902953,6.35524999047604,6.39105394410054,6.44380579272441,6.17628037197191,6.32694490452187,6.30534054257271
sv,VNC,3.8419204992614,3.99346393321393,3.57995700688083,3.83379059603408,3.67411778798292,3.45678535845494,3.72951491464164,3.32384931244782,3.65575126571944,3.68325471411303,1.83216039094508,1.47437963609094,2.91284290134343,2.80028174805791,2.24850293234282,3.23102202191717,2.07637478352139,1.48563835958391,2.29751589292273,2.43442839395065
jigr1,VNC,7.47490652972592,7.38339019150472,7.44909246143297,7.4406074792585,7.43692189784768,7.44426104923061,7.47546488851765,7.46962888696797,7.4692663466964,7.45522104285811,7.32711529962522,7.40123489125266,7.38482016448634,7.36534454411129,7.31489349533273,7.35245689106971,7.33098917904585,7.31187927208293,7.37624490640944,7.3258221309257
luna,VNC,6.5989217808587,6.50717197799832,6.54227971498998,6.46798453346207,6.59657740456949,6.59943434893214,6.54729483889338,6.53684900685964,6.54877304649836,6.51886879087734,6.27802106766846,6.38658499433432,6.32763460641431,6.32902062053012,6.29141600651285,6.38521580694599,6.29774521052009,6.07154515707834,6.14498078111645,6.302166706594
Poxn,VNC,4.22765476170834,4.34982919271618,4.01293293593785,4.13479156332961,4.24564778356791,4.02633225877999,3.83384909765828,4.07906421359271,3.93695185971624,4.07032425787821,3.00767825761893,3.76361724470326,2.70318823475849,3.22016357046181,2.41307504010149,3.29737694435332,3.30167675049647,2.89529977525028,3.18918062618237,3.35892018319251
ato,VNC,4.56717390945597,4.50526851871414,4.41581327570541,4.38047037167744,4.3169684255108,4.68943573229506,4.49076574396116,4.43932992078954,4.49457209769133,4.3785995613628,2.4418893391591,3.38881308986205,2.70318823475849,3.28648965434099,2.24850293234282,3.35960153786164,3.23531052459309,2.42066621257713,3.18918062618237,2.69995487570307
sens,VNC,5.05560271844516,5.18338929506231,4.87779882595414,4.93052604263819,4.96015088125969,4.83308648366709,5.01752516882644,4.92495177456682,4.95233816551255,5.00034884571448,3.09056394779674,3.63894247086738,3.94131521325067,3.22016357046181,2.05140647406726,3.90421284705223,3.23531052459309,3.21585095600443,3.18918062618237,3.35892018319251
ttk,VNC,6.06246744433004,6.02291336963823,5.87173753300843,5.88125912356908,5.98149548776808,5.96430452931389,5.99895558771761,5.9258571471305,5.93631376019812,5.98240878251766,5.49050248084589,5.67220906718781,5.72246859406188,5.55484931448183,5.45903122431873,5.54598890690057,5.62861437841973,5.38462957277254,5.56273203413907,5.7246933982088
gro,VNC,7.1017795158245,7.13039124842482,7.12363797511209,7.11896477148306,7.12562952782378,7.11396823054653,7.12028376783381,7.10500285000299,7.1341940020231,7.12575206615657,7.03234403503248,7.06603422370284,7.06403045882064,7.08076530516905,7.07514241175104,7.03257321100032,7.02934235344711,7.01831825715098,7.07826178014444,7.04405250874346
odd,VNC,4.99491642773015,4.8986315864527,4.88214195216368,4.94714294892249,4.97610373457488,4.78584674508051,5.14213225951982,4.94136200260055,4.92367713943609,4.90492077291204,3.63049746108036,4.34103941912095,4.15375454528446,4.11219325476142,3.80804868276409,3.90421284705223,4.20867398776895,4.13548848354514,4.37895992643193,4.37032992158362
Stat92E,VNC,5.5139483397116,5.38679104495373,5.2238636695061,5.3652660205354,5.35111345970848,5.40177283161863,5.46537071955436,5.31966545949329,5.34459733292989,5.41277798324108,4.80147258316475,5.18086774625906,5.01540994869376,4.97806586347113,5.03385539706594,4.90290371768573,4.90733519276547,4.9969740012201,5.05446199259576,5.11086571987578
Dr,VNC,5.37164620465485,5.38159306213062,5.40631390474759,5.32937279632168,5.43204598857654,5.42501614602806,5.31394046155489,5.44030741859142,5.39510629677104,5.47621849829703,4.94826214930989,5.17135236228944,5.026894504836,5.08981087932156,5.06643508008872,5.03550655537917,4.89436037174173,5.14685027168626,5.13137337741929,5.32649725475353
caup,VNC,5.33057063221882,5.3030183827645,5.24518973560653,5.26253101004884,5.35653728769238,5.14049926255912,5.18472726631753,4.97732906873416,5.27399655544534,5.3394158039565,4.07279839059322,4.29618258189423,4.39545695743885,4.48352133045561,4.4708400211978,4.41397405852933,3.97624165739653,4.63989561277491,4.42286639284746,4.70318216612143
retn,VNC,3.93640618621431,4.19172907278465,3.94891056771108,3.95195789072887,3.91815130265238,3.98409872646038,4.14070850701086,4.05959999492656,4.03251440153151,4.09997008272726,3.09056394779674,3.1308797760458,2.81349991958768,2.80028174805791,2.97765963772327,3.29737694435332,3.30167675049647,2.25596105118924,3.11256583813296,3.62254020047826
Top1,VNC,6.30062894838845,6.315807962767,6.27894672244526,6.27493225365588,6.32178893050652,6.35993291887977,6.31647379404177,6.33043201958509,6.30241190743091,6.38157870619485,6.11041267724904,6.04908415277695,6.11344905106544,6.02754910882586,6.20628332857427,6.15956308027256,6.17132890176112,6.11400861667264,6.16774709191369,6.22280627330238
eg,VNC,5.17021917772907,5.06193230794026,4.94512203501028,5.10321974877171,5.01109352068532,5.07022727734696,4.97492372072457,4.83408079801994,4.91951481676054,4.95169759030716,4.50208785587732,4.48386601535299,4.32887576549365,4.64434478725474,4.79846717563434,4.43477520739559,4.65996658839818,4.37712774096779,4.66911491783873,4.4940040662545
psq,VNC,6.96544047835585,6.97152706680253,6.9445128949645,6.93886865263152,6.96110777452294,6.96363955194274,6.97876634579002,6.91562017180823,6.95784349766194,6.94274071765053,6.74444148140603,6.7819845316813,6.80355894120634,6.76604919796827,6.79012791325202,6.81804127455062,6.79944842919494,6.71292850630369,6.93575488901723,6.80009687192054
pnr,VNC,3.60547189923177,3.81065253593088,3.44357406155553,3.08551969364962,3.67411778798292,3.57715261239177,3.28727148291694,3.82845418986476,3.51321981734297,3.54061301561595,2.07900292032818,2.54859617262523,2.07488414175609,1.81641309304501,2.88742772633004,2.27011748348084,2.274121768225,2.05867353379619,3.02959054728758,2.07185409860821
crol,VNC,6.90187281352713,6.95437550926618,6.91883824950721,6.9241435504383,6.93745748311758,6.9193802169605,6.94182060419404,6.92797463315266,6.95239612179315,6.85380389699337,6.63347547377946,6.74303832704395,6.73146639668047,6.60779667126558,6.78630812647822,6.66438929077039,6.7818034532274,6.70039138875242,6.75501892523259,6.74243558212155
mael,VNC,4.40472401031209,4.23365848373059,4.29087970296409,4.54727394203525,4.35449792611464,4.22281074166897,4.34593102905899,4.43258480070714,4.59753688961494,4.48344256021605,3.97918972899623,3.80194526454238,3.4761906513864,3.61222304885425,3.76971523344677,3.57577100621728,3.62757286361002,3.98853324208108,3.82313017959457,3.79261006973186
CG17124,VNC,5.31649508693646,5.35251090941575,5.20521506721572,4.999316642397,5.29519301795717,5.31445868750761,5.19112224918191,5.20458113589091,5.35544487274699,5.28733608477357,4.9727816803484,4.73478417565982,4.7527259552017,4.62770063579429,4.71093511349134,4.67191780480612,4.76932508968709,4.51711782924615,4.8526706446364,4.51320720967782
slou,VNC,3.89027887100493,3.64761469013404,3.93783003040165,3.72804567362607,3.61416950546461,3.88199885832493,3.87032897634489,3.97771777613926,3.76736396919012,3.48815536201359,2.81792689626703,2.78238201196159,1.82820675916135,2.56618760502995,2.88742772633004,2.81090569126402,3.08769643207573,2.79606296584948,2.72910028700792,2.57597890504746
Kah,VNC,3.4160072290887,3.2978651472396,3.90383213459997,3.29947995241934,3.70279598875744,3.57715261239177,3.70163708220234,3.32384931244782,3.51321981734297,3.55750471010196,2.4418893391591,1.47437963609094,1.00828850025253,0.99937621774915,1.80568301987158,1.00653633016923,2.43914672631619,1.48563835958391,1.02600118400632,1.49733585146077
en,VNC,5.56387567726691,5.69451286348041,5.59087829646461,5.61372919277372,5.70663680887476,5.72113431448198,5.51499740960716,5.6591150786977,5.6069086433273,5.6433852656026,5.189676704114,5.08137602047278,5.03824866210466,5.02427276778275,4.94140025015892,5.04673304163552,5.23428388618524,4.68822573276785,4.93318762779628,4.80763563249236
l(3)neo38,VNC,8.10158949936335,8.08324443997185,8.08406316924051,8.1209550453769,8.12554238897849,8.12191540270208,8.1297684035383,8.11680389026394,8.11884412935028,8.11472643449898,7.96008425271313,7.95764625547621,7.98604554173123,7.95946814907035,8.02393569821059,7.97077195636955,8.01865440946761,7.90392332930559,7.961509445775,7.9253031145276
HLH54F,VNC,4.7376988586518,3.83541684748455,4.11129297797327,4.50330370217264,4.13272395892209,4.46991530871756,4.13155480959238,4.00921449469501,4.46872265353264,3.94208336158731,1.01128193341296,1.47437963609094,2.07488414175609,1.81641309304501,2.05140647406726,1.00653633016923,1.82963755666224,1.48563835958391,2.60485110884548,1.00608848717237
gsb,VNC,6.99867446379985,7.09109374280643,7.13280919924262,7.07676693136319,7.03797845434026,7.11820308150354,7.04979311246876,7.02775209912249,7.06490020614077,7.11003896931495,6.77086193152028,6.66458191112636,6.61720061475908,6.75611038942806,6.70460405005212,6.77734397735947,6.81296023277548,6.72735921217918,6.59967153227084,6.71546726823011
nau,VNC,4.95908911820791,4.6982100594558,4.72781014627574,4.65218929018574,4.64080853611126,4.93394940486837,5.09764188565241,4.83408079801994,4.87254797199976,4.99638376646963,2.4418893391591,2.40739320097735,1.82820675916135,2.25998377748278,1.80568301987158,1.82589078383956,2.274121768225,2.05867353379619,1.02600118400632,3.08276237950457
CG12744,VNC,6.08638148073301,6.05265471523942,6.0444143129081,5.97690416665169,6.15515508392722,6.07815536602513,6.12181809289718,6.06209183445418,6.10017072376621,6.11414107936223,5.6062213063323,5.67798629879512,5.38730415174976,5.49322081547444,5.48748465496491,5.55274222136583,5.64106989980021,5.42307066126971,5.58984155139488,5.53848655768859
pb,VNC,3.4160072290887,3.61765686270662,2.31715382397793,3.95195789072887,3.02011292212535,4.04679845036206,3.42681138225154,4.00921449469501,3.79342379676485,3.39410484275178,0,0,0,0,0,0,0,0,0,0
Mef2,VNC,5.72880511419224,5.540287705812,5.63877925083622,5.4308677397245,5.64371607366289,5.59158879309789,5.5989789617287,5.49557595614462,5.63381140991127,5.69012254402383,3.09056394779674,3.54625685600429,3.00320256748961,2.89954441638514,3.91494966951606,3.15994921520135,3.62757286361002,2.89529977525028,3.02959054728758,3.35892018319251
lmd,VNC,5.07744306069119,4.93593921460405,5.13032229171172,4.67408107572954,5.00726567927204,5.05185963850249,5.07642064760003,4.89982018197507,5.08093774489989,5.04295757811406,3.00767825761893,2.67230556744681,2.27259275513259,2.89954441638514,2.78823916423934,2.70061334148067,2.70477865761187,2.42066621257713,2.29751589292273,2.07185409860821
rib,VNC,6.81262714571064,6.79595984826729,6.78794843446723,6.83155253077111,6.87190714552569,6.79121290006104,6.84178062124003,6.80710017943397,6.79411756965241,6.82486563862975,6.19594385176905,6.28831911296125,6.16962794396946,6.20531905145599,6.25627873227749,6.28036781666738,6.33862196619328,6.22141357505934,6.3799071006941,6.3272797414585
tsh,VNC,6.97736001043559,6.91804321446309,7.01215483296811,6.97746806572477,7.00523467164255,6.93585575101899,7.01130240340414,7.0327905127618,6.99149601084687,7.06789037189895,5.6864757588242,5.78703038070629,5.83034657114989,5.55484931448183,5.55526582849798,5.80693020450418,5.57056106012548,5.62704741134477,5.67319176378825,5.71330222299137
lab,VNC,3.57358748700439,3.52199006208158,3.28560861843641,3.59396487204134,3.51691774847075,3.52732956215399,3.62834017008014,3.14462367712236,3.59489675115655,3.35385966278099,0,0,0,0,0,0,0,0,0,0
Dfd,VNC,4.3007202936083,4.44063214451837,4.321710838478,4.4772816131079,4.39066976219775,4.36508950675416,4.21106951852938,4.135282002137,4.29779359799999,4.44281466588445,0,0,0,0,0,0,0,0,0,0
Scr,VNC,5.10933443479975,5.27152111456115,5.1602996316586,5.07823845458034,5.09179896913969,5.14388650651266,5.09413613903683,5.04926007265253,5.25330111470212,4.917896615691,0,0,0,0,0,0,0,0,0,0
Abd-B,VNC,6.37415154294956,6.22812303355587,6.36419211052201,6.33325941477577,6.25468855478387,6.28070219144522,6.29767911838319,6.34653290088385,6.40947112743489,6.35742542447866,0,0,0,0,0,0,0,0,0,0
abd-A,VNC,6.47608680368908,6.4151339699757,6.38754517121863,6.37165866562739,6.41327616758992,6.42680368216716,6.32881015860368,6.46412116048455,6.4197587950159,6.35436482876742,0,0,0,0,0,0,0,0,0,0
Ubx,VNC,7.92041281365258,7.9404734507765,7.95012237728982,7.88242512811409,7.95966721654319,7.92638384969821,7.93066175147242,7.92597250817356,7.91017365142212,8.04146566810089,0,0,0,0,0,0,0,0,0,0
jeb,VNC,4.90067394097642,4.6982100594558,4.93695036096965,5.08543987381962,4.92746077596253,4.96273126290036,5.08354454885494,4.84757895786222,5.08801114021487,4.92645457135711,3.16710234554902,2.88153420512765,3.30003504419654,2.56618760502995,2.97765963772327,3.08343592975963,3.08769643207573,2.9855716065664,3.18918062618237,2.69995487570307
ab,VNC,6.24507313803363,6.22812303355587,5.96693797803468,6.07625537486969,6.18866129406836,6.18155766839976,6.15396938896614,6.2358069564084,6.21727742631977,6.24885695285072,4.61214588046397,4.57468275087793,4.9681055015596,4.42360230806067,4.87895025139502,4.80833576153115,4.72391326075927,4.80673338762907,4.66911491783873,4.5320485296228
twi,VNC,4.25260783920097,4.33509764422214,4.38066008701675,4.30509050819633,4.3396547099396,4.17050009084379,4.19393792615724,4.27136592925581,4.31320806375656,4.22776205269287,2.27681741442662,2.04596877246468,1.82820675916135,1.81641309304501,1.47919643290414,1.82589078383956,1.50135185433846,0.996539814806478,1.52164976253892,2.26948453310617
His2Av,VNC,10.5943389583345,10.5966691806154,10.6196571605169,10.6091752306409,10.6042636394133,10.6011558311386,10.6082681486488,10.6018618917969,10.6006515574772,10.5979516929211,10.5098468098333,10.5148065892498,10.5225836198311,10.5225248810997,10.5129280222297,10.5078952295024,10.5182709389381,10.4984310030664,10.5202135129566,10.5273327018687
lolal,VNC,9.08650813404569,9.0895808493104,9.1028470798433,9.07220338681136,9.08959137314074,9.05837147342608,9.10508344414379,9.0957449274649,9.0823459106741,9.0830560833524,8.90018408980277,8.94472081015618,8.93039796147506,8.95341034028985,8.94457199223109,8.91325482022983,8.93944582639166,8.9113794374704,8.94118413782435,8.97284953055489
E(spl)m3-HLH,VNC,5.72692623336339,5.69451286348041,5.54504368552788,5.49242953965531,5.52764244412032,5.57194717913603,5.5818752537371,5.62272948707403,5.67775250548411,5.55877319493681,4.87087577182372,4.55716725628718,4.58996245804301,4.73878041857034,4.929218358457,4.91571192578982,4.59164968687038,5.00845713822561,5.26944361987721,5.06811339239212
pnt,VNC,5.89449175510703,5.89734132541588,5.90811960350716,5.87639075624638,5.95211376124709,5.96132268154533,5.95092863438403,5.81673197827135,5.97914048170737,5.87287346237489,5.17987959237119,5.0708599872164,5.26009435236688,5.21859633923975,5.60636575217245,5.28411782829877,5.10548677861712,5.25063359191772,5.44628664800758,5.33489527325994
dmrt11E,VNC,4.74776275369482,4.48631246275264,4.68651379695833,4.50330370217264,4.73574435403096,4.77612497857728,4.73958549535314,4.51067024248218,4.73698537411551,5.00034884571448,2.27681741442662,1.80046933986098,2.70318823475849,2.25998377748278,2.67811788495562,2.70061334148067,1.50135185433846,2.05867353379619,3.38906393664912,2.26948453310617
grh,VNC,6.44905160040262,6.36864774496625,6.27894672244526,6.33119697203339,6.45561075891775,6.40212807355058,6.45081346982211,6.43713518198541,6.37114311290271,6.42820257425297,5.82476255515519,5.8568515284089,5.82006763687143,5.94563591672224,6.12811579705909,5.81213648874966,6.18579185884529,6.006371585021,6.17149159149141,6.05454784218346
aop,VNC,7.48370931194792,7.52830741522264,7.46001158990181,7.5102871719616,7.56957710657563,7.58766796061043,7.58132041377433,7.52704421653019,7.55386553259833,7.66779463964586,6.71518568108146,6.74502208560938,6.90104922856723,6.91975261288825,7.00692641117612,6.99986388647571,6.90799612868938,6.92202611264536,7.16356635631152,7.13237798362617
chn,VNC,6.01708210741171,5.94295819295697,5.95663239152631,6.01727150677681,6.01425055730073,5.96132268154533,6.02559592978886,6.02836209221634,6.03672037615175,6.1461048499605,5.35961882706231,5.19963111990211,5.28686388034499,5.50025900642887,5.48748465496491,5.52545093059015,5.49470103342583,5.52345205145823,5.58313275956879,5.66037247699327
E(spl)m5-HLH,VNC,6.82273633499543,6.73659196596696,6.57470405425691,6.73296509748757,6.78504400898667,6.83204204299188,6.88136015339091,6.81899572112389,6.89622526934869,6.85504328328199,5.79859287666987,5.8520227884721,5.90898240589034,6.16284720121398,6.2332582203418,6.00086266003837,6.2551260697075,6.4616646088999,6.40979944778617,6.15149423709449
E(spl)m7-HLH,VNC,7.51376530125461,7.40704539769924,7.37630797900255,7.42066680520425,7.43184272679839,7.47463492949317,7.47351540943737,7.4305608481768,7.56339863292192,7.49942600237894,6.57422650708888,6.82680211280074,6.88870501285168,6.79528634208328,6.93701120179294,6.88949028463154,6.93381185548734,7.01371762304773,7.02717171974022,6.95546777014244
Jra,VNC,4.88333736825928,4.81498018543837,4.62118418412157,4.73701991035426,4.81781924514357,4.73626428691322,4.89248649906813,4.76371374375672,4.87254797199976,4.7240801250579,4.4001078754035,4.48386601535299,4.67465205223417,4.61077476089464,4.54551539452996,4.77958823793973,4.57381545753588,4.74923404192234,4.73411643124318,4.654845218255
ems,VNC,5.53922356851078,5.54250861856805,5.54950052482191,5.68908685089987,5.68545137776257,5.52224476463426,5.52873558038626,5.63703717255044,5.52384632293549,5.5542349741411,5.20898759560074,5.28850443377217,5.30432022792487,5.52792662692596,5.37633333294089,5.53234389670037,5.40480231468988,5.47452038083143,5.43853819674835,5.422898266136
fd96Ca,VNC,4.13967196287094,3.45271689927438,4.19223656184497,4.1712506291603,4.20371086437478,3.85782135275253,4.11299214313881,4.00921449469501,4.25818471782475,3.88338251156281,3.00767825761893,3.0544704058251,3.162592297888,4.02411477821088,3.27414507026578,3.29737694435332,3.58011084810912,3.21585095600443,3.55557254521501,3.66784517236177
sima,VNC,6.14501702152143,6.1045628256456,6.13134105339566,6.12182287246915,6.14291119484138,6.16950534452072,6.1142494304744,6.1819723919526,6.20581927680368,6.1461048499605,5.98217600844396,5.96192597966528,5.98188290959614,6.07996301678999,6.07108565063647,6.14849596032329,6.04328365951844,5.95896631693253,6.09783164332436,6.07070482196014
E(spl)m8-HLH,VNC,7.20601077234427,7.18250556433372,7.05549202490222,7.17155494575871,7.09282040273254,7.16632838397401,7.17698558772613,7.15648885722284,7.28797045919028,7.1981814220955,6.69807558885202,6.85382621892539,6.85441022914155,7.07351976351032,6.91369973754664,7.03410442665303,6.99317906591877,6.91186661005711,7.02875887379236,6.93710565652362
hth,VNC,8.66319825252389,8.63172668370551,8.6105108844727,8.63031603955806,8.6617114657717,8.64395189080894,8.68561113494271,8.64132101128791,8.67930409028905,8.64499371492237,8.49812061074231,8.51610095201134,8.53940464760901,8.59726626821815,8.58823711904264,8.58419280624125,8.54688120296592,8.53303267916111,8.6195532192064,8.64274353899742
Bap111,brain,5.93501266089693,5.92496037547847,5.90656499587345,5.95759350712145,5.9203046641404,5.92017248563874,5.95390595137094,5.8695708285156,5.83809491763012,5.79910916042131,6.09080971926516,6.02901071636281,6.05800564364269,5.95458121824023,5.82877415357063,5.92030959509225,6.01387884852499,6.04760005858612,5.95073596541766,5.82689084588138
CG10492,brain,4.81081947700554,4.8986315864527,4.84235756884309,4.73192368883834,4.65727034053834,4.77122842179274,4.764309093688,4.81579506670936,4.86816681975991,4.74473112555998,4.87087577182372,4.9106897151752,4.94358678170615,4.72364754215311,4.86597823052103,5.0688148430106,4.94527916112729,4.94967557433357,4.73411643124318,5.06811339239212
CG3847,brain,5.90713550944512,5.78552349748833,5.88771871518194,5.88932076773494,5.85183319842294,5.83241479556698,5.78772881824876,5.87598361557247,5.86275704668671,5.88764715357451,5.9416430114563,5.84229479038094,5.93233983210045,5.89966825649991,5.98535038729988,5.88714314497854,5.82691980392243,5.91382928209362,6.03985848342702,5.96515570583417
ADD1,brain,6.18148494633799,6.10329742797493,6.1703347587363,6.1823184005352,6.20036083471945,6.12740562184669,6.18511909793275,6.22459300773873,6.18838206002091,6.23283284168679,6.25476974577379,6.38089659601483,6.25006995542556,6.20531905145599,6.2332582203418,6.28684922479345,6.13422900367831,6.28710026108539,6.22603892769798,6.29258430792116
ap,brain,3.73756677479212,3.63274795615352,3.78135398251715,3.64068470767923,3.48227874922395,3.40040652062269,3.26564725860164,3.72413315632074,3.85574862124767,3.85890211395494,3.97918972899623,4.00538947374436,3.97456913349142,4.08368712633169,3.98035366393595,3.6685330482715,3.30167675049647,3.92311876707719,3.74164757251843,3.93791672268412
CG4282,brain,4.8340512800872,4.81037751392775,4.81955148576022,4.87453104024686,4.71541268188717,4.71572183276871,4.74457935741737,4.90405288697324,4.77142898406561,4.88291304579073,4.82981444608069,4.9106897151752,5.06057739432757,4.96617264935281,5.06643508008872,4.95318071701122,4.81276395595467,5.09586312517139,4.70214373117958,4.91501120999759
CG16815,brain,1.61776865207315,1.60238586239218,2.0617949132051,1.62132168242022,2.31978251816459,1.36036825401205,1.90607055122314,1.81247692513141,2.47250052962841,2.39677331233804,1.50368752063211,2.24292133248505,3.162592297888,1.81641309304501,2.05140647406726,3.62322724138309,2.43914672631619,2.89529977525028,3.11256583813296,2.26948453310617
CG6340,brain,6.35827397046145,6.42068047273965,6.39520988487547,6.45347475829419,6.372992384538,6.41927583286896,6.39788842581236,6.41687210727537,6.40664693381488,6.4234461059876,6.46603293342349,6.36653240324408,6.51689032425469,6.48989272193862,6.4744748787683,6.52945737530842,6.56878181903975,6.40396979910101,6.50254722516347,6.44417494206126
exex,brain,2.658880332188,3.13939769102726,3.19616206596342,3.11168259950462,3.22208413259023,3.1109542469645,3.19781888721481,3.23824636078997,3.40549402787375,3.60653245476103,3.30457062452828,3.20186291726137,3.57845387628647,3.51497680119305,3.33631521314466,3.90421284705223,4.33055783541937,3.60785210445061,3.4477018659966,3.23034403403352
mtg,brain,2.69851790725587,2.79073839309719,2.47332062735557,2.43706503094879,1.98879923492217,2.48582187653513,2.42550061569354,2.4204750229914,2.1968072218737,2.15612782846486,2.81792689626703,3.0544704058251,1.50002740150822,2.98983764198113,2.41307504010149,3.23102202191717,2.81510225999792,2.89529977525028,2.83960378044871,2.43442839395065
CG5815,brain,5.05191583216632,4.88159289622733,5.00052706946875,4.88335238647999,4.92746077596253,4.99070784877664,5.04740643024,4.94136200260055,4.93606115661942,4.93915572996816,5.08709813317792,5.08137602047278,4.93109823571088,5.19983099103592,5.04483365212588,5.04673304163552,5.09485668508122,5.05311480367955,5.25084858541824,5.06811339239212
Phf7,brain,5.0846184455483,5.1928750670356,5.17657342329497,5.20373135368182,5.11960323572031,5.15062676726173,5.16529321934658,5.1399917187052,5.15282477207404,5.26632704107106,5.26477880654651,5.33826851638924,5.17519730057565,5.27286776403327,5.22425755712716,5.36037685696106,5.17689219014534,5.40018377901568,5.44628664800758,5.38385411076246
mRpL1,brain,6.07714941094992,6.12830606133973,6.10362271738609,6.09994929074628,6.09754875341484,6.18155766839976,6.10789815614211,6.13499028207657,6.03808416617441,6.10369305684874,6.14475779789549,6.15817635604105,6.04158318842692,6.22589714057238,6.15004729643791,6.20964937724654,6.11128988873284,6.17272272772065,6.28111917556209,6.22280627330238
Tes,brain,4.5116835291045,4.51770915859867,4.35161977660547,4.49686138687468,4.59553764184153,4.57678368854502,4.47131570961478,4.35522079309202,4.55040026254315,4.47678483907077,4.57678884125214,4.73478417565982,4.87952341315616,4.70828213847531,4.77013268397423,4.60475143609013,4.59164968687038,4.73432734268959,4.66911491783873,4.45445478295752
CG17359,brain,4.43939388000161,4.62321462152561,4.61554239648547,4.49686138687468,4.67880617003675,4.73626428691322,4.57093377815988,4.60041336480462,4.58011998672909,4.65943800013309,4.71128313095564,4.76394340976404,4.83901806164619,4.75368770068863,5.03385539706594,4.83627990638026,4.57381545753588,4.77839692970163,4.82432355089742,4.55054140919005
run,brain,5.43656497214103,5.54693570126843,5.45146272275074,5.50665708629499,5.57003640522935,5.4892793170704,5.57971657372631,5.37655192575755,5.51007676818378,5.49328367150428,5.5997726547211,5.50208872729962,5.62062960146737,5.66181394042625,5.61257347930987,5.50448228528374,5.72984700660752,5.6632865048758,5.54889660271603,5.49669087898531
Traf4,brain,7.80115345611303,7.8776377406831,7.81037301119653,7.83561041998239,7.81328749714475,7.83094236160283,7.83479026142142,7.81443837409941,7.85080264277829,7.84852587853609,7.89577253419358,7.77798458489321,7.9243682364205,7.90462047042032,7.96329685524329,7.89544433660576,7.91339427279317,7.88802054790605,7.84587368848346,7.78841333167464
Xrp1,brain,5.85225930825841,5.97225292158298,5.8423115898162,5.8399462444355,5.79416510393863,5.85425612414036,5.97450260081751,5.79444238220845,5.90567179976257,5.77569319350302,5.89459138557623,5.80240790487819,6.05800564364269,5.98094680528236,6.01475314332169,6.04296066983806,5.86226391090689,5.99366413578099,5.96001424738731,5.84211366207374
Xpac,brain,4.47947086741131,4.56597947351327,4.65438239048388,4.4505642419503,4.41869375793336,4.57678368854502,4.53472990702432,4.47887225233654,4.50725048989447,4.42889676007912,4.4625349016487,4.73478417565982,4.47785141984742,4.92962000856041,4.64801145914487,4.53274682999858,4.96979817504986,4.83428896722564,4.54408316471924,4.55054140919005
CG11788,brain,5.26112478302908,5.19914929215965,5.29229199659226,5.23819330066686,5.22983826927872,5.23125695012986,5.24991790115447,5.28275628042751,5.21988882656479,5.14387059740612,5.30031545035306,5.17135236228944,5.26009435236688,5.54818629009717,5.41477297386335,5.46852684645445,5.35662863872226,5.48165892529922,5.32323993744734,5.29218162790316
D,brain,7.38305275254133,7.4223974303579,7.47081277765481,7.47736742704227,7.36951386148082,7.361637273137,7.39752298676188,7.48028702167773,7.47705416689579,7.47140097786576,7.62436204450965,7.37940663028388,7.47564401762825,7.49171047866114,7.62554756864836,7.46992134716729,7.49106556640444,7.56633602798212,7.48243877963073,7.56716941804821
CG9215,brain,4.34662381064767,4.46699012020454,4.57513268421329,4.50330370217264,4.29375550300902,4.56478778273236,4.43803393379032,4.51067024248218,4.56239435021069,4.61970566504422,4.91031735527751,4.42513356116661,4.73759121492603,4.73878041857034,4.54551539452996,4.58723048925639,4.82683414256011,4.67237381589403,4.44411725085652,4.6212717295172
Zw10,brain,5.93501266089693,5.72823873343368,5.83565321321715,5.86986251077688,5.91102735884767,5.77292816660168,5.83737561888164,5.83187725854885,5.86599985023341,5.82719586015041,5.88490944232298,5.83739507190535,5.88506633583366,5.99387342021398,5.8726643557128,6.02213317888522,6.03078732048915,5.8809756138932,5.96920723363218,6.08660489901369
Nap1,brain,7.57485799774339,7.6022464575254,7.57696245856798,7.55438377849173,7.58600581371318,7.57347378512255,7.57663758744297,7.56376485218913,7.55056742683103,7.55137418312065,7.63793800729292,7.58653479413342,7.66230144073333,7.66367421421185,7.58246986059081,7.57502692608298,7.59100318437825,7.64375001448176,7.55621863571971,7.62045357577219
jumu,brain,7.24426307399961,7.27727707234755,7.29392927828873,7.29660150875096,7.27206044309505,7.30093731765646,7.26768165978467,7.24605955312867,7.25138223648368,7.30438957606508,7.28842673977029,7.2927385195345,7.32814301560677,7.3566164150687,7.28629037394524,7.29166365502355,7.30671259107076,7.36085492383311,7.30425123101132,7.32124324469141
otp,brain,1.19683211602529,2.05372741778942,1.71800112893834,2.94333289920059,2.47599081810613,1.82708334293471,2.5669374102867,1.60675006317131,1.48771356207382,2.08568659091368,3.30457062452828,2.67230556744681,2.43759101569295,2.0625937824898,2.55435184418307,2.91023299464851,3.62757286361002,3.34435458333076,2.83960378044871,3.35892018319251
ebi,brain,5.19293032836293,5.2269061074615,5.23610562537928,5.18442102708757,5.28942506058124,5.18366299267012,5.20063869158225,5.2231715720638,5.27691839126717,5.23552714623984,5.47596435268027,5.37011992321151,5.45652293887437,5.20925768177866,5.22425755712716,5.36037685696106,5.46562360420121,5.47452038083143,5.40692967671738,5.53848655768859
lbl,brain,2.87608770769974,3.06295755922521,3.01733972505062,3.08551969364962,3.15103853376078,2.94261077216776,2.99060898858985,3.09430605420585,2.86583139671555,3.07097148310756,3.48075422036142,3.1308797760458,3.42084970207505,3.07264891068906,2.97765963772327,3.35960153786164,3.71623060815849,3.60785210445061,3.18918062618237,3.35892018319251
REPTOR-BP,brain,8.36497360685675,8.38568802152946,8.38676177198729,8.36238584159986,8.37841088675585,8.37146044182068,8.39562777742811,8.38985583185602,8.36133898964899,8.36413723242787,8.44013487970479,8.3618150325004,8.42402689758811,8.39649574830333,8.38367156599633,8.4132093384452,8.45769978877754,8.42477430996415,8.4328634329455,8.41903185245276
Cdc5,brain,5.79770639197782,5.79245875276085,5.91585659493476,5.7808730202522,5.81490039725823,5.72869971222983,5.79646637124855,5.81842615914022,5.78861794530811,5.75544221152953,6.00831312018629,5.94442724327493,5.92771178860209,5.93660987398722,5.82377639395351,5.73104429454294,5.90118435716973,5.86170581880185,5.84255364414592,5.90078827972132
Xpc,brain,5.96213370719706,5.9650093003934,5.99581045854331,6.00160667437519,5.9887079851124,5.90607065414917,6.00603530104423,5.94094594506259,5.96016875704437,5.89414382472812,6.11428757400342,6.08806119456392,6.01643247680636,5.94563591672224,6.0229975504903,5.95691422324632,6.08384508891405,6.02719828013602,6.07339635076326,6.18778579636301
mip120,brain,5.79067317200072,5.80277227788137,5.79300277161339,5.75916152174557,5.73482122876881,5.75840161940778,5.81542440799987,5.7996304084314,5.76919131400407,5.71753750246353,5.93703623084428,5.94000429237379,5.95064074653572,5.81119436820018,5.70698869886654,5.80693020450418,5.92941177128428,5.8015629901609,5.77820853256706,5.97842575046758
Arc1,brain,6.82900307240337,6.83264944833819,6.84736878441017,6.81450907632039,6.75544133904763,6.82072633106547,6.83194495748428,6.83443521820991,6.79347746755092,6.85998552452972,6.87731062202056,6.90239681743569,6.86718239106784,6.92819743144058,6.81087984831892,6.82749178298863,6.83195150708739,6.88250785281099,6.88029032499707,6.85094796881391
Brf,brain,4.88769976996046,4.78704092115369,4.72274040776419,4.79142839162316,4.68940262343891,4.73626428691322,4.7594130328333,4.84309978526345,4.83240895155963,4.8042423622266,4.96059706387196,4.97088086628222,4.9184517514364,4.98981928994345,4.7844002818746,4.77958823793973,4.95761381396172,4.94967557433357,5.00770194284054,4.92765737531603
ac,brain,5.56608693310734,5.60068139524112,5.43414624080289,5.52531764127328,5.81147423544327,5.84758638189829,5.34173962386298,5.65712801735209,5.48906027315924,5.87452580335054,5.61899517927588,6.25975424465869,5.98188290959614,6.05208193380671,5.74021617342816,5.71400578527672,6.03497014179138,6.08330607022048,6.11379630567982,5.91493436064302
sc,brain,4.6083000851088,4.6120266642933,4.29087970296409,4.37318299688323,4.67346553688736,4.60615859470175,4.47784117855169,4.48531325400974,4.46215452087719,4.89617571656783,4.67931708529714,5.00532990648121,4.62470360484264,4.83874579060732,4.77013268397423,4.56939707600121,4.94527916112729,4.91267322083547,4.99566211863099,4.83557961852613
knrl,brain,5.24906670664564,5.26275593333735,5.11327153690279,5.38407244330369,5.36996953376033,5.1738662137828,5.17505745236185,5.08513760186229,5.20118217155693,5.29325848161054,5.47596435268027,5.54904767420863,5.34667273441501,5.38910148342585,5.62487450848684,5.35218519289584,5.4203579411274,5.25955543763757,5.71535177744989,5.55874706146399
tup,brain,4.6911142729254,4.52999692881161,4.15706787183094,4.30509050819633,4.55417138091189,4.34273813687705,4.33097705846812,4.27136592925581,4.26623299776963,4.33337780155279,4.66294252725292,4.7198793855676,4.62470360484264,4.40280399311632,4.71093511349134,4.4751227801501,4.79849297056179,4.57159241096974,4.83859753911948,4.58653178632071
CG12299,brain,4.92193036274961,4.81498018543837,4.89077202270014,4.87895144035056,4.77035943948278,4.91712288204831,4.98672344237686,4.94946722325639,4.91533509671624,4.86495134920312,5.14989884601384,4.99397824366642,4.83901806164619,4.92962000856041,5.0770632940152,5.04673304163552,5.07325137475648,5.01980990839954,4.94599867574494,4.97670098767285
nub,brain,6.74566122110493,6.72305781242546,6.74582999903116,6.78740582137088,6.72562366393503,6.75878604386937,6.78255990414306,6.78738264839387,6.7273048642349,6.69485702074943,6.85727613904288,6.77815746261233,6.84518633787343,6.77196541169351,6.88983185214469,6.89125683233539,6.88328492350771,6.78114791341801,6.74242849444271,6.81733615482505
icln,brain,5.12318833912578,5.24499166304914,5.32343399859639,5.25952099256045,5.20182036321715,5.15397993716953,5.31394046155489,5.28275628042751,5.18211889582902,5.16423084349525,5.32616297935075,5.39335989129087,5.379308868794,5.48613273706326,5.31990772986475,5.34392587085762,5.20599970751843,5.35277598630316,5.40692967671738,5.46782393241311
Elba2,brain,3.31638656072033,3.2767072809669,3.36770723753175,3.23311949547208,3.22208413259023,3.18556831072868,3.30843798067828,3.2156495377201,3.24102448557114,3.19868899792608,3.42540500330321,3.54625685600429,3.79599801392939,3.40724487867018,3.76971523344677,3.35960153786164,3.23531052459309,3.40290157896207,3.4477018659966,3.62254020047826
msl-2,brain,5.04077290610452,5.03281451483902,5.08890125104415,5.1102441182611,4.98790355247079,5.03691868712954,5.14880459492936,5.0419274759125,5.08801114021487,4.94753442334693,5.40779316851652,5.08137602047278,5.22324909221284,5.14132482886425,5.16795226575812,5.29288397011282,5.11600506078791,5.16653881992521,5.22229117857537,5.14177167174991
CG15435,brain,4.54901710920903,4.57185267052426,4.64892532881987,4.77198427489442,4.6070489471177,4.66243997671429,4.72445251062691,4.68276173490449,4.72692243773045,4.58434590720017,4.94826214930989,4.92302127541769,4.76763504601711,4.83874579060732,4.74097187883075,4.88992932860498,4.55565738421836,4.71919506693317,4.74972743171338,4.82170523062805
crc,brain,7.86566639800845,7.87462683388545,7.87587094961869,7.89135721301816,7.87987052247585,7.88384903282518,7.88344286831862,7.85412114736909,7.88898978822343,7.88367490567874,7.9734293357921,7.90189430078018,7.88387620908707,7.94618760151724,7.88735394147026,7.97496088029098,7.90763637002176,7.89822741842781,7.91749888849854,7.90567075504741
Orc1,brain,6.31116943162984,6.33104804808681,6.30225905486677,6.32809531028941,6.31351368461392,6.34172716179377,6.32060284821206,6.33448160865931,6.30762975982402,6.32953687726652,6.46057696156617,6.4145515102188,6.32452006110615,6.39134006118465,6.34041688772142,6.49857293108681,6.40708612000605,6.39259263237706,6.3799071006941,6.46599936218745
ena,brain,6.92142791783381,6.92028315114784,6.92335102172047,6.92869748876841,6.95511073596217,6.9084368290891,6.90862012908341,6.90824741386104,6.93030493937433,6.9004450430484,6.99457826939489,7.0588201613018,6.91324292082708,6.94982591947439,6.97099010131497,6.97420401844733,6.93211138717687,7.01678706300569,6.97834650615209,6.96370401223614
Noa36,brain,5.13345424935751,5.0832274152615,5.10636898957998,5.1102441182611,5.06681945149126,5.03691868712954,5.08708755818803,5.11977239170888,5.24127996281852,5.07284376676511,5.4537530160384,5.45281551610134,5.32147707219295,5.13123214882698,5.35253969489979,5.40816577993686,5.22494443363191,5.25955543763757,5.32323993744734,5.35967428306294
Skp2,brain,5.98127355774761,6.02291336963823,5.97423462542394,5.97543189854011,5.98004672480791,5.91705588599319,5.92372619788568,5.96169493361654,6.01184865601014,5.96295297703614,6.07081478869454,6.0451015715526,5.96414993733422,6.05208193380671,6.04331601346397,6.07939073709679,6.00960667847014,6.07548085026965,6.02265810041225,6.06668998429777
Mad1,brain,5.40592937969021,5.41490679852136,5.43164779637364,5.47557077945704,5.40407172116424,5.40177283161863,5.41059609252638,5.46471340415072,5.47000076985894,5.53818702242906,5.77171989980488,5.61865472598929,5.50723110188543,5.52792662692596,5.61257347930987,5.66709727041592,5.48026800220177,5.65733712264561,5.57637865569474,5.59807668963186
CG18004,brain,7.22258410405048,7.23367479573064,7.21807881641854,7.23456861455696,7.15605538602853,7.19803896797402,7.19304324443891,7.18537797854113,7.20876539771702,7.21474168429187,7.31321929899389,7.31651967446711,7.20929810208977,7.2672695278126,7.26280381625284,7.3367540371831,7.24890510044022,7.30730566725883,7.2921380737746,7.27426289561696
CG8765,brain,3.92507229426897,4.04435746919571,3.85662531461641,4.06760341686593,4.14187783009884,3.99482550252423,3.98312926547203,4.01949673872664,4.01205350170762,4.00825811855445,4.04255876743635,4.09343893839847,4.03793275253862,4.24367607204617,4.32502200357347,4.37102688937451,4.37543514041151,4.16245507102434,4.30925938199178,4.1226224282958
ovo,brain,5.66084839574629,5.5335952185658,5.36706745722942,5.48041663959314,5.52307355741839,5.53375964499334,5.51037575516728,5.42286174941887,5.55082936036905,5.59653850177948,5.49050248084589,5.65467437308571,5.53509302142454,5.67955721837433,5.91927326994868,5.85781208896421,5.74669438731342,5.85682978627367,5.85801319239403,5.7017797923115
Alh,brain,6.35326008098807,6.4151339699757,6.31164146093063,6.3485936228201,6.34117246333569,6.35289223387336,6.32471492337722,6.38664565320043,6.37504270038886,6.36856814167814,6.39559551361619,6.42279119253561,6.41966733436818,6.4527119956451,6.4744748787683,6.43934835774566,6.42420135424977,6.53623295123196,6.50522777011194,6.41620706832706
Lim1,brain,3.73756677479212,3.7188034075945,3.47945282910897,3.34139351721523,3.56672539939544,4.12471525891998,3.93952383822222,3.91158227032159,3.68484387881971,3.91901484647684,3.83896179857094,4.24921872471325,3.94131521325067,4.48352133045561,4.09957749259866,4.17801118134712,4.59164968687038,4.07927050089055,3.96853055846806,4.37032992158362
cwo,brain,3.33712047409595,3.37828541640571,3.07177603644812,3.05865385830173,3.30958276698803,3.29874578630264,3.48112707441256,3.56021265070029,3.21842507344265,3.29028176047459,3.71916197116114,4.03560894383886,3.71456758530864,3.82059290436195,4.01151847206766,3.79330005888356,3.58011084810912,3.51061826753131,3.50309101138156,3.62254020047826
sqz,brain,4.27695338953457,4.43393264808729,4.35895929925315,4.36584212617436,4.18643094513937,4.52163128578311,4.36795087577049,4.46586443728382,4.37259435100935,4.38594162507532,4.59462361774688,4.76394340976404,4.58996245804301,4.5935574610547,4.85283572233441,4.39273101365249,4.67634068521231,4.57159241096974,4.65218220534032,4.4940040662545
REPTOR,brain,5.31932609029956,5.37898390334747,5.19258661394407,5.23819330066686,5.22983826927872,5.45022382307221,5.21630090355623,5.41529084790385,5.31975139072033,5.39426883204415,5.42334900308686,5.60014639161068,5.4858130955176,5.52792662692596,5.72926256584517,5.43123024197738,5.55718950256537,5.31147687037676,5.40692967671738,5.46782393241311
CG8565,brain,2.32615153782748,2.05372741778942,2.25916405871655,2.4865207385879,1.49066520316291,1.36036825401205,1.98777371905145,2.19423763170765,2.25836199962524,2.15612782846486,2.58353409770279,2.67230556744681,3.0860697125866,3.22016357046181,2.88742772633004,2.43507243609886,2.81510225999792,2.05867353379619,2.4629441909072,2.9999089349508
Axud1,brain,5.72315784784641,5.6172873657804,5.63877925083622,5.7027263247472,5.65782226697389,5.66450350017476,5.58402928388427,5.67291503884741,5.60900397835872,5.67209328533543,5.7099273804614,5.83739507190535,5.78323579195527,5.89966825649991,5.75642485306261,5.75331990695065,5.8770371605813,5.65733712264561,5.80552387477973,5.74709371023007
Trf,brain,6.48140722976545,6.49269459038503,6.48025087588603,6.49900922365848,6.49189008534358,6.55425537763962,6.51389567879042,6.58360321972819,6.49155453597117,6.48178506593475,6.65171701001882,6.49658773097941,6.59602706031859,6.6193153449996,6.52294261783083,6.54204958952805,6.64871655887762,6.65082137297796,6.61177649730796,6.55624899422212
CG5726,brain,3.68100011791438,3.84757275989853,3.68571704190887,3.65578520697621,3.70279598875744,3.57715261239177,3.78304209214507,3.75125129593273,3.51321981734297,3.82101980049901,4.04255876743635,3.90883216460065,4.06816990813032,4.05434449477334,3.84496676763941,3.90421284705223,4.18240744561045,4.18871351606347,4.03400175744055,3.83096361074413
CG8478,brain,5.8960809946652,5.92798259633641,5.89088453082191,5.90049898874038,5.90322997739486,5.86582218913048,5.92983545399902,5.9379463442717,5.87084442332311,5.83924000903647,6.03796729944952,5.94883071779288,5.99063285115333,6.07996301678999,5.95505685172641,5.98351436576468,6.04741464324582,6.09877516961365,6.02698601182654,5.89602809794616
E(z),brain,6.07582355856943,6.01464618953072,6.08817340911726,6.13195307750458,6.04188639043317,6.11723680383181,6.06093787919567,6.00756428542136,6.01742941051991,6.07032112669411,6.2030468678092,6.15817635604105,6.13630071058266,6.25269200383561,6.11322293857464,6.1884902388557,6.20004861749786,6.19388118161941,6.12560473784811,6.10613094165453
CG12708,brain,6.21204924553746,6.26864253400048,6.22611458620746,6.3145424844521,6.25358631555931,6.2157097481273,6.17682763057394,6.18314850860785,6.24425290613397,6.19040876936993,6.41582322472287,6.29455755766179,6.35220779835937,6.40562264961014,6.31007384013209,6.44763395842936,6.38967284609843,6.42079647053585,6.29111730275021,6.15885868032661
l(1)sc,brain,7.27592500780113,7.29972587257516,7.20584882355228,7.23373169785832,7.203657551585,7.2703578486394,7.24259686338093,7.26615866469537,7.3493126547331,7.26776874362286,7.26545311449784,7.40020618381496,7.41985282697663,7.38150725131597,7.39297430082327,7.46893132257456,7.40259987953015,7.44418567909588,7.31264397499421,7.39636885337044
CG34031,brain,2.96923051141896,3.00854532570443,2.95976863744092,2.70265050133821,2.47599081810613,2.74007468429724,3.12505288613766,2.56184735094466,3.01648793352806,2.71471020352734,2.91729653840588,3.68225096618897,3.4761906513864,3.40724487867018,3.20785206612757,3.47351608919552,2.81510225999792,3.2821654987733,2.72910028700792,3.57508488147952
NK7.1,brain,3.43479351329926,2.85795555419177,3.30677376359765,3.11168259950462,2.96253339105652,3.13644921614856,3.36937519257183,3.04132179704973,2.95891944402886,2.67502576234463,3.71916197116114,4.17435918702927,4.30565908453377,4.29178244411511,3.84496676763941,4.2548223891517,3.530283458151,3.92311876707719,3.93411405330844,3.86790033050974
Dbx,brain,3.47133934797236,3.25509206542467,3.26398580585418,3.18629910460591,3.22208413259023,3.34065819599014,3.48112707441256,3.30312571255722,3.42427363265597,3.26815799189706,3.42540500330321,3.87445715670314,3.67122275418321,3.9607674968818,3.33631521314466,3.75341600593924,3.4224985569595,3.81619910302171,3.50309101138156,3.66784517236177
Ing5,brain,7.15231798579937,7.12036731460216,7.14505842085034,7.15855158574588,7.13435220492409,7.13957215497827,7.16687226064763,7.14442574704937,7.15848941815558,7.17326579960496,7.18526481420623,7.19025083470128,7.16318114406233,7.18878153366077,7.21160995725595,7.19878389036219,7.16757768347267,7.19716952913336,7.17047190127354,7.18106411037561
B-H1,brain,2.14080135356081,2.46485470788902,2.37196430060013,1.91687498765085,2.20019558530471,2.53294362715364,1.19108267638652,1.71489463351297,2.42310977972709,2.54554652922477,2.91729653840588,2.67230556744681,2.70318823475849,3.28648965434099,3.72985355387143,3.23102202191717,3.58011084810912,3.40290157896207,2.83960378044871,2.81024227296392
Mlf,brain,6.77047419525905,6.78449304183305,6.84127770144461,6.78871324674872,6.81316547491148,6.78795179836984,6.77474098212255,6.77119326801466,6.8385484429233,6.81201778860243,6.86460793027705,6.83408024784834,6.83212826367967,6.87996065806486,6.87242770106899,6.81804127455062,6.91494574771918,6.87016387134077,6.85796625418429,6.88168755266816
CG7101,brain,4.7724881060093,4.88159289622733,5.09592500331269,5.03767604616987,4.91492112070135,4.93394940486837,4.98672344237686,4.933190550154,5.03369931252597,4.92218474832176,5.26477880654651,5.16174556526103,5.20430454165408,5.26402460914826,5.09798673222744,5.0688148430106,5.20599970751843,5.19536336413803,5.20278953225627,5.14177167174991
tef,brain,5.91339793838714,5.9851606659783,6.0403396002581,6.02851193368212,5.9843867321096,6.01933302603187,6.0636054500239,5.98918286762579,6.02297919297626,6.02733071619969,6.14850211491519,6.20005358798386,6.14753365313433,6.18076352640914,6.07108565063647,6.12977415071991,6.05562576542569,6.10260534198903,6.13340026445451,6.0214289987719
disco,brain,5.43907607321347,5.1143432098306,5.23305915761205,5.45098285732483,5.29519301795717,5.58725720882451,5.36878684886062,5.35256714190449,5.36617600504994,5.15410253700829,5.82991530094329,5.88065154917009,5.43397820630995,6.02340114611345,6.11322293857464,5.78582970452129,5.9791792627694,6.22480243035897,5.79468710776119,6.37863869132866
Nup50,brain,6.28568309167064,6.17062043538535,6.21360374992175,6.31138865134021,6.29358109039381,6.2904191235928,6.23459733578654,6.2302157010718,6.26510412286781,6.24885695285072,6.46874979694245,6.30691889259094,6.34306346774244,6.40562264961014,6.35819039010226,6.29968736035003,6.29130548746492,6.41521898064602,6.40092519092574,6.43864359362258
sbb,brain,7.96009540491554,7.94107825712938,7.95875307092269,7.98349338072511,7.98184746727193,7.96416505595259,7.9710162766443,7.96708449050072,7.9538527385278,7.94964179399308,7.98897457271539,8.00090325568348,7.99957456765593,7.98434236412486,8.04045053130868,8.02674444723225,8.00826514599509,8.03780292481564,8.03545878871886,8.00367644823711
CG11723,brain,5.78359013526132,5.86090254559793,5.84727643857712,5.79508981465721,5.80112475035574,5.78902219928145,5.77714197061516,5.83354599513729,5.78159730351848,5.7973272706787,5.97330959050085,5.97912376892769,6.05800564364269,5.87103796356135,6.04331601346397,5.90149224031846,5.95234083208501,6.05964427708778,5.93191707842455,5.86205684790449
chinmo,brain,6.18980612445343,6.05132185355652,6.12385738194968,6.07625537486969,6.29039719957621,6.11211335327416,6.18393880338039,6.18079489041802,6.0976058004082,6.14484572443971,6.3292205020714,6.32517902811121,6.50393927204449,6.21222557237849,6.45866802455659,6.25734623938695,6.31050156610063,6.58223641952169,6.38896899992873,6.27313956459594
Six4,brain,4.1933848507528,4.36434686953843,4.29867705875028,4.18016141945392,4.4790159092659,4.37243030660568,4.47131570961478,4.12612911374678,4.60898188203163,4.56618583262435,5.08709813317792,4.6579341053858,4.86620309884049,5.54147857185583,4.85283572233441,5.21107668542698,5.14691195921799,5.11657097688456,5.00770194284054,4.82170523062805
CG12942,brain,4.41873652516265,4.60071211907767,4.64343832415836,4.43693301750292,4.53590538362691,4.5945119724156,4.60013357485289,4.37692053901481,4.48173089750707,4.50315383320905,4.67931708529714,4.67378386334227,4.69076209774481,4.83874579060732,4.77013268397423,4.80833576153115,4.75441578141458,4.65626656274943,4.65218220534032,4.79336525248537
Pym,brain,5.81335257530262,5.95477926400731,5.8701252775976,5.87963896647976,5.85347998284527,5.82388560348564,5.87988330153848,5.93644316301317,5.88840972214946,5.86290166782165,6.08684258907319,5.95757991854706,5.99497927785396,6.01085301432256,6.05132919558324,6.04296066983806,6.05152863212801,5.97646571113716,6.00956083338981,6.08265351804769
cmb,brain,4.98311604023756,4.97582239307025,4.91622416639976,4.91362834228044,4.99956575690007,4.83769000185441,5.00224289420786,4.95349533048849,4.89843929410073,4.94335385194472,5.22793263042212,5.06023219065705,5.11431077584374,5.10032815302814,5.06643508008872,5.01266825602734,5.22494443363191,5.1062706519606,5.00770194284054,5.16185742580871
roq,brain,5.07383596814096,5.13122036407795,5.0493632010003,5.13444797430441,5.11960323572031,5.08468228398382,5.17829112429403,5.04560049513933,5.16920511059951,5.07284376676511,5.41560133349536,5.17135236228944,5.37124914572572,5.3074785183833,5.19650114483576,5.26635158517721,5.33164262857037,5.25063359191772,5.23190121358242,5.35967428306294
Phf5a,brain,8.79344690881286,8.7822517979264,8.80702124623024,8.79770116150489,8.76960189667362,8.794394712292,8.78519908560233,8.78771288082262,8.80355543577533,8.80279086204773,8.8555542010644,8.82268924957633,8.82328473886449,8.82018273257602,8.81820229689044,8.83224924853779,8.84830142593701,8.84517401031871,8.85282071401968,8.88338674511644
mim,brain,5.5943969623628,5.49712522931009,5.60359708897258,5.59881067553357,5.54347113505337,5.55415808313547,5.61787731134505,5.62683832858681,5.6069086433273,5.57226557788025,5.72716208316237,5.67220906718781,5.78858127112626,5.67367770355918,5.69566291278708,5.70248332759591,5.75777032682042,5.6632865048758,5.70943665478068,5.80099291505298
CG15696,brain,2.90810899917374,3.57096704349445,2.6496056764764,1.62132168242022,0.763923715844455,3.79468943849937,2.8010445720228,2.92610611049086,2.68838121930418,1.83857745839287,5.189676704114,4.88556079717488,4.41670071879315,5.04659947145949,4.18050581142586,4.98929615386611,4.65996658839818,5.49578493295538,4.80984286193128,5.11086571987578
pdm2,brain,6.39654274903734,6.3579082388167,6.37690933692019,6.43130754155998,6.41421580166036,6.40692091012909,6.36788364607512,6.42336409553158,6.36034016853802,6.41290155098018,6.57422650708888,6.47864284583461,6.51431349744426,6.53075824706454,6.562011033217,6.45857570486371,6.4925202234245,6.57511194002895,6.44736974822616,6.42748825436344
nerfin-1,brain,7.18610300224868,7.15546233714847,7.22850318175222,7.22785358648429,7.25882978913834,7.17966354148989,7.27325992746211,7.19097118105303,7.17173610224791,7.21257830708171,7.49892227082846,7.30299977016596,7.47564401762825,7.47627483616845,7.44481042906452,7.51915547818198,7.41737472879912,7.43817113693801,7.35472795270613,7.31894591517333
tap,brain,6.6833262338053,6.63850636628412,6.65880330009054,6.77357365195122,6.74132102883862,6.64266010709996,6.65759112735697,6.80141567556871,6.69320869519054,6.64645574959078,7.05976088394224,6.89560093270265,7.02763934346782,6.91294503250961,6.89670957575189,6.88772061071348,6.95897786820214,6.97772479473773,6.99979739630822,6.80202708973249
gukh,brain,6.01143820923862,6.02565397772264,6.06054913288792,6.08156941848788,6.0198391609178,6.01792303711235,6.0017934905569,6.08049510320361,6.05430620040304,5.9985807992565,6.29106877086596,6.19319470392151,6.32452006110615,6.32287776588223,6.29454992043341,6.2131327788793,6.2551260697075,6.29973525961977,6.26763091600464,6.11766614121131
dmrt99B,brain,2.80879448522194,2.68059806213482,2.95976863744092,2.27207580604391,2.56803445887851,2.81224162059702,2.86830531681596,3.01373832411273,2.98811789795845,2.78964572695924,3.23819681836221,3.49647990410397,3.4761906513864,4.13990925530053,3.72985355387143,3.57577100621728,3.79766428209987,3.45820958323116,3.74164757251843,3.86790033050974
Droj2,brain,7.44600308978644,7.49392023813966,7.47536008663229,7.46780657078243,7.42023352504478,7.43575246117051,7.43302870121869,7.44497487970794,7.43513730849632,7.46502768827348,7.49795334583651,7.55441659185773,7.57778554219503,7.53755219650589,7.53383461721575,7.5219774796077,7.52643962038444,7.53397613117321,7.53541525757947,7.58407258606215
Dll,brain,3.55725576458283,2.9510011690219,2.98896842780861,2.91229786336758,2.69193384642937,2.91157700285914,2.42550061569354,2.76047139566229,2.76318013207682,2.54554652922477,3.83896179857094,3.38881308986205,3.94131521325067,3.70084495731359,4.36889824147852,3.97186102719726,3.8360221968135,4.01970280808617,3.86150979796324,3.83096361074413
CG15646,brain,6.70477505494145,6.8010143032637,6.74313775307918,6.81450907632039,6.73860869231531,6.69848614131834,6.71267403482204,6.6789308765012,6.76226051273181,6.74241061536037,6.97022925171016,6.95836986747428,6.97533564986671,6.95475137015123,6.99146035352196,6.87524442070676,6.94227109171318,6.94862408071309,6.84661450745415,6.88346667068435
Fer1,brain,4.08290942017986,3.91755950620306,3.98143402229898,4.18016141945392,3.95177011305434,4.1432814901177,4.11299214313881,4.17107812041162,4.05256503336027,3.95342108164016,4.80147258316475,4.83332535253445,4.86620309884049,4.52156134781793,4.82602089584392,4.39273101365249,4.65996658839818,4.57159241096974,4.25993813426285,4.5320485296228
Vsx1,brain,2.38101424414379,1.48125326882743,0.762367326663092,1.49957967417818,1.49066520316291,1.19939313880623,1.61116111979652,0.760348955503903,2.31634649303342,1.7404798264065,3.63049746108036,3.38881308986205,3.162592297888,3.61222304885425,2.97765963772327,2.91023299464851,3.58011084810912,3.65313908685539,4.00180187202115,3.52526487221555
Sox21a,brain,1.49614014198887,1.34339874987025,1.35024236219035,1.49957967417818,1.81808848305117,1.49898758246228,1.19108267638652,0.760348955503903,1.717266252063,1.50963047449258,3.30457062452828,3.26813968092792,2.57918156432282,3.14912384973971,2.97765963772327,3.29737694435332,3.47784250325504,2.25596105118924,3.02959054728758,2.26948453310617
fkh,brain,4.80610764104526,5.06193230794026,4.82873642678426,5.02250839691054,4.92329833789595,4.95049747475182,4.92628117107311,4.84309978526345,4.86376638852994,4.93493990943668,5.78255590232409,5.57492338227183,5.4858130955176,5.373301188788,5.57473557582733,5.63041295968803,5.51596735515912,5.26839838740518,5.56957862352126,5.55203906679299
grn,brain,4.5428908361564,4.5834965832999,4.37347868916023,4.83384272392155,4.7605910735029,4.56478778273236,4.4312425625802,4.44602984888222,4.43544189384993,4.71359246741147,5.22793263042212,5.23613359851623,5.0931626189095,5.06843856045494,5.251264311969,5.22984318702948,5.33164262857037,5.20478982180009,5.30562744454103,5.2198018825416
cnc,brain,4.87455505473753,4.87728747200847,4.50813625123064,4.73701991035426,4.82704677946685,5.05185963850249,4.51612428478899,4.27928639312947,4.61465562965977,4.80904539699393,5.78793018721408,5.68373034562179,5.80444837278362,5.67367770355918,5.8821615509703,5.58584116777906,6.0718484688974,5.95896631693253,5.51344665307229,6.15885868032661
ase,brain,7.12667240656155,7.16994729373754,7.16116075333673,7.18790366788385,7.11216752640527,7.19282321018457,7.13362192129018,7.12674026362438,7.13783078157915,7.12905364120939,7.33513301154708,7.35386228776342,7.37831660113158,7.34115644532535,7.30923794791091,7.28335081829559,7.40259987953015,7.29229531438559,7.319782114801,7.32467937344784
mira,brain,8.32603648285958,8.33520881929417,8.35781924876753,8.36536053556168,8.30148930512696,8.35931900949474,8.31709013185071,8.33808413390629,8.33070395190269,8.35007133723317,8.42260108094236,8.45885513526734,8.42096478145872,8.44525672080887,8.42242152711732,8.40508574150728,8.41342591067365,8.42402428700859,8.44178147443288,8.43686185350883
GATAe,brain,2.07050768566273,1.80790870081535,1.71800112893834,2.27207580604391,2.26177561685679,2.53294362715364,2.0633027516091,2.36853118884274,2.31634649303342,1.7404798264065,3.30457062452828,3.68225096618897,3.75611143505301,3.22016357046181,3.55231978724689,3.57577100621728,3.4224985569595,3.06836488126675,3.89847070319729,3.29669716500229
CG5516,brain,6.61761781799144,6.5749937145391,6.61227452894968,6.63202506332941,6.58872032555406,6.59071952801376,6.58911010249367,6.59222899301534,6.59745607638266,6.59799749361824,6.75060075814325,6.77431569079926,6.82079828996826,6.79528634208328,6.8146070926715,6.72870966298823,6.69722979384725,6.749623499709,6.77361224746023,6.70277073810202
exd,brain,6.7229990252339,6.72509964967359,6.73161414913773,6.71905399961898,6.74335046423734,6.76615761703292,6.76883640716657,6.73123472112111,6.7149144184592,6.79309021646117,6.91099746755756,6.90408859680209,6.98343844467777,6.98380523251718,7.02064425498832,6.94953479835534,6.94563485095139,6.87723622198559,7.02398983441242,6.9471631286208
SoxN,brain,6.26941784334981,6.28672302611822,6.26273451965752,6.23936205038259,6.26237039760635,6.23406466409589,6.23795963949533,6.2847693726389,6.29400629650958,6.23743742025265,6.4714592991093,6.58643351148942,6.67156497541586,6.74405194267168,6.75125713191433,6.62140363787352,6.59057057447713,6.51621151963309,6.56749521295787,6.55378032290886
Hmx,brain,3.18205241677821,3.03612148321377,2.72731691295808,3.00265482386506,2.93245065283173,2.74007468429724,2.65121112807734,3.14462367712236,3.19530309544961,2.92452043148329,3.94593282417749,3.63894247086738,4.23258841959459,4.13990925530053,4.20608914988856,4.17801118134712,4.03960724100511,4.43953728223337,4.09544860850985,4.41327671557799
CG15141,brain,6.89721550087663,6.86094302038742,6.90689440844335,6.883386315725,6.89191082284917,6.84384910182045,6.89421270267043,6.91448943340467,6.87756312420123,6.9010366882898,7.0089080884122,7.00068971286376,7.06104793899571,7.03799113053295,7.1131168479253,7.08044527192118,7.05224155016657,7.05142463719726,7.00954471619754,7.06056750594915
ham,brain,3.69544457971081,3.75920450521,3.62665864201677,3.92941518057881,3.87149243306918,3.66991817701786,3.6434356541346,3.98832729204071,3.75407488221955,3.62235504405814,4.33352269425134,4.50270117475413,4.93109823571088,4.52156134781793,4.96532767804978,4.83627990638026,4.59164968687038,4.94967557433357,4.63495783036382,4.60405260829019
scro,brain,3.0268303984612,2.25088505121308,2.56534268471462,2.27207580604391,3.02011292212535,2.5779444838806,2.13352557741099,2.4698534063124,3.01648793352806,3.55750471010196,4.7268909588206,5.32195411142579,4.99203741289046,4.5935574610547,4.77013268397423,4.70388166061856,4.7392808170494,4.74923404192234,4.97113867270364,5.00034934607768
fd102C,brain,2.07050768566273,1.80790870081535,2.0617949132051,1.72983812983071,2.26177561685679,1.36036825401205,2.52197841290139,2.25577320049525,2.42310977972709,2.54554652922477,4.26218564205817,4.22488293301865,4.65827821770557,4.08368712633169,4.18050581142586,4.06545716233634,4.33055783541937,4.79266552466351,4.28490280049684,4.34814445777913
Pdp1,brain,4.99099841701388,5.06193230794026,4.42953568815291,4.999316642397,5.16974002671644,5.44021687358242,5.32236165294277,5.31407504084172,5.08093774489989,5.17425759510935,6.84803515408284,6.77045910283698,6.46675774208552,6.67282997075209,6.76698721670623,6.55941647794964,6.66884815974713,6.25479616372691,6.34909359488896,6.41336677386303
croc,brain,3.48912332001805,3.06295755922521,3.56389221197525,3.34139351721523,3.51691774847075,3.45678535845494,3.19781888721481,2.98537236859135,3.5630219601844,3.31192664355817,4.33352269425134,4.92302127541769,4.76763504601711,5.08981087932156,5.04483365212588,5.13227717515542,4.7840153720142,4.91267322083547,4.90706239448609,4.97670098767285
dac,brain,3.54065288237051,3.00854532570443,2.72731691295808,2.91229786336758,3.07455678223279,3.16131031880707,3.3494725470817,3.32384931244782,3.09706664037646,3.19868899792608,4.67931708529714,4.79227641816235,4.69076209774481,4.87870712863834,4.64801145914487,4.17801118134712,4.41838467636775,4.45950393373245,4.63495783036382,4.654845218255
CG7900,brain,2.43302293443317,2.36358187239806,2.1320028479383,2.3850356201756,2.26177561685679,2.48582187653513,2.31871115817605,2.19423763170765,2.51956621946186,2.28367195200257,3.83896179857094,4.31886249640424,4.28189055175499,4.19313800428354,4.0417413171008,3.35960153786164,3.90858760347227,4.07927050089055,3.93411405330844,4.06476338407398
gt,brain,4.47947086741131,4.2002567811831,3.74148119614004,4.24040803857592,3.78420329032831,4.12471525891998,4.17650771915314,3.94519666175983,4.18267768621327,4.30997618083127,5.511920899862,5.75554721269275,5.7778615850042,5.87586696502253,5.90551726867966,5.95691422324632,5.9835831315655,5.50277380566505,5.73866846935443,5.59162823316606
Optix,brain,3.99122530801693,3.79803654084323,3.51408877298679,3.43908117707351,3.9066890921237,3.84550980001768,3.92831876655891,3.69625907588829,3.85574862124767,3.84643345088888,6.27802106766846,5.98337739725998,6.09791924616049,6.12602182339247,5.9238168720813,6.25734623938695,6.14175991297318,5.98079312661607,5.84255364414592,5.89602809794616
cas,brain,6.64876986343962,6.61677070607437,6.6558658996382,6.66951846405897,6.66537490426765,6.63202757103202,6.61169240142912,6.72987487594239,6.68324952212953,6.6075615897306,7.16653696655965,7.13946487110576,7.20154186044793,7.20930605879576,7.21908578850974,7.08627130036877,7.21485704498261,7.16861785796082,7.11384435047399,7.23502180687766
toy,brain,4.16688899775842,4.00385196325751,3.84446699993124,3.88274546072907,4.15993796375181,4.09620314130103,4.01462917773609,4.28714461591066,4.26623299776963,4.16590602863443,6.1296387357782,6.04908415277695,5.95516411805082,6.22249673154157,6.17504055783362,5.88231399076567,6.00960667847014,6.25807393983439,6.16774709191369,6.30850433717788
tll,brain,3.52376968385399,3.45271689927438,3.19616206596342,3.47563212540861,3.4997482238833,3.25499958786051,3.71567314196901,3.34415214970976,3.61046106859161,3.22238561032272,5.52594915783152,5.55557964200568,5.63316310315224,5.89021561081207,5.77237499636426,5.59877996737914,5.68939623234773,5.78594460111546,5.67932454399893,5.76900322227295
erm,brain,2.48245992085735,2.1893858874964,2.0617949132051,2.3850356201756,2.65231554536112,2.20974140218978,2.37353070863024,2.4698534063124,2.64877337077458,2.22193195136781,4.96059706387196,4.57468275087793,4.58996245804301,5.01291965953108,4.91688623629774,4.79406529869258,4.854394179956,4.60632706446885,4.58142971465835,4.86276391876501
hbn,brain,3.05443214636082,2.71867540709257,2.60836144962161,2.84717966817471,2.47599081810613,3.08479224117416,2.8010445720228,2.79586593963186,3.21842507344265,2.44886272577833,4.37840173182706,4.40476367228065,4.57212853985829,4.33768042456295,4.90440013199915,4.7194884444289,4.57381545753588,4.67237381589403,4.59959264971543,4.4940040662545
bi,brain,5.14361584069787,5.14781740103399,4.96526376331613,5.17790048888677,4.93160595993276,5.30873990186014,5.02130952243177,5.16307555987571,5.20745668576765,5.09107899749546,6.04628087662307,6.41178979287676,6.2193586174112,6.41970411489181,6.54266760602631,6.29007424337916,6.54400191327052,6.56070887411865,6.44736974822616,6.68341847527397
Gsc,brain,2.61760654107498,2.36358187239806,1.90460010036622,2.91229786336758,1.98879923492217,2.2713921178603,2.47490255900581,2.51690786654687,3.04407526449012,2.44886272577833,4.50208785587732,4.93520261880992,4.58996245804301,4.64434478725474,4.7844002818746,4.7194884444289,4.64331991108667,4.74923404192234,4.44411725085652,5.03480525519141
TfAP-2,brain,2.32615153782748,2.9510011690219,2.47332062735557,3.05865385830173,2.37460830266726,2.43636938540695,2.31871115817605,2.64608677297845,2.72647987238563,2.59059493144597,4.23722908855257,4.29618258189423,4.58996245804301,4.38156390384306,4.98869593754285,4.39273101365249,4.65996658839818,4.73432734268959,4.30925938199178,4.47442493009104
wor,brain,7.7672660168426,7.77696109258928,7.78596867500524,7.82082519403239,7.75481564719289,7.76946450128399,7.75338213222348,7.76032969880372,7.78150389322081,7.74496523846057,7.97703820658996,7.9167406037381,7.92814046302219,7.98667938363776,7.96447569052274,7.9272622175938,7.93360242245263,7.95077073080157,7.95336433687842,7.90822572595511
oc,brain,5.45153785612268,5.51324474936856,5.37768469808006,5.68908685089987,5.52991908321807,5.55639910322168,5.48930984028629,5.55458263974613,5.49845550909971,5.51716813589464,6.26480086875987,6.28831911296125,6.24332625978617,6.42249676883715,6.35230091939604,6.14849596032329,6.13044217372382,6.30286922164239,6.27439778725421,6.20894490440269
Rx,brain,1.35764273915558,2.05372741778942,2.0617949132051,1.19992576540808,2.26177561685679,2.38434353469923,1.71941885021855,2.05849047836038,1.60906230035706,1.83857745839287,4.07279839059322,4.1211463255472,4.41670071879315,4.26801850807025,4.12728771684343,4.22986850498567,3.94298665523184,3.98853324208108,4.23433424133976,3.97116843749481
lola,brain,8.87379462858265,8.8794818054581,8.91656791595202,8.90541833267979,8.89329930098401,8.89826316631899,8.88571425468586,8.90947832863101,8.89318168193356,8.8835961301251,9.0432826527373,8.9996363055604,9.05232923445948,9.06838841314031,9.03739533368643,9.03146418311749,9.0478980318565,9.0335672816852,8.98495772355145,9.01316473787407
Capr,brain,7.18522839157113,7.17559637443877,7.24984389762709,7.22574585915441,7.18688472619596,7.21905872908048,7.21644611577031,7.21009420608876,7.18480960330248,7.23612187830327,7.39706054551554,7.41957292988841,7.41671827190566,7.42234709332086,7.36654821773201,7.39707431262106,7.40153613274534,7.37808586431472,7.36497792671544,7.42470006137335
insv,brain,7.80138973806324,7.87527279180903,7.88580892120947,7.90962462490401,7.86765061779044,7.86911126586181,7.83411018147223,7.87099916335968,7.89005970735843,7.86738063735864,7.91639751340225,7.9167406037381,7.87332601895778,7.94497148728522,7.89874221655691,7.92349709620411,7.93422739378862,7.91459454864523,7.88165177371505,7.91774914545018
btz,brain,5.36085663160944,5.49944398754316,5.46607043445485,5.43845840382076,5.41942733868987,5.36991671030174,5.32793663877676,5.34171975122243,5.41054065413177,5.34503850135425,5.46121174538569,5.52919180176513,5.5754823151195,5.52108115568049,5.48748465496491,5.52545093059015,5.52989773398021,5.41549975271566,5.40692967671738,5.44561336749706
CG12253,brain,5.70024435860143,5.68301331814068,5.74480060562915,5.67724595263946,5.70090333215791,5.69614385297502,5.63846491960166,5.63906451851762,5.72171555982902,5.71753750246353,5.85026481069457,5.80748164293082,5.77245833982505,5.84653684825155,5.77763567250519,5.78582970452129,5.84726913558348,5.71529574634827,5.75012605894127,5.69596840406511
CG30460,brain,4.03301474842144,3.61765686270662,3.83215903932172,3.71400527798168,3.55039694961727,4.25622359433675,3.56557076535369,4.00921449469501,3.94803220458497,3.54061301561595,4.69542783119795,4.57468275087793,4.15375454528446,4.48352133045561,4.49003812701684,4.79406529869258,4.49911687299239,3.65313908685539,4.06519707318203,4.03452805189567
TfIIS,brain,7.02879515989168,7.05947836403311,7.06139247442361,7.0239702744694,7.03495386846372,7.04010417813887,7.08253892070851,7.00527644094148,7.0516338334161,7.034294333234,7.04462219308704,7.0689053395078,7.09482132077196,7.14100063863532,7.1131168479253,7.0582902796842,7.13754430717455,6.99039150587662,7.06916472566088,7.08556599891732
CG11696,brain,5.11628537810404,5.24499166304914,5.20521506721572,4.999316642397,5.1092670184748,5.22191765002125,5.19430446978278,5.12993315698459,5.17244922482738,5.13006309115723,5.4537530160384,5.19029344045884,5.20430454165408,5.20925768177866,5.28617489516939,5.43123024197738,5.20599970751843,4.98535746849495,5.43853819674835,5.27457188200103
