sequence_ID,prediction,score,gene_symbol,Pfam,PANTHER,SUPERFAMILY,,,
TC011311,True,0.9994,exd,PBC domain,HOMEOBOX PROTEIN TRANSCRIPTION FACTORS,Homeodomain-like,,,
TC013844,True,0.966,TC013844,N/A,N/A,beta-beta-alpha zinc fingers,,,
TC007760,True,0.9298,jing,N/A,ZINC FINGER PROTEIN AEBP2,beta-beta-alpha zinc fingers,,,
TC030702,True,0.8295,aust,Cell division cycle-associated protein 8,AUSTRALIN, ISOFORM A-RELATED,N/A,,
TC016236,True,0.5009,TC016236,N/A,TRANSPOSABLE ELEMENT TC3 TRANSPOSASE-LIKE PROTEIN,N/A,,,
TC012579,True,0.5649,TC012579,Caspase domain,MUCOSA ASSOCIATED LYMPHOID TISSUE LYMPHOMA TRANSLOCATION PROTEIN 1/PARACASPASE,Caspase-like,,,
TC033029,True,0.9472,ttk,BTB/POZ domain,BTB DOMAIN TRANSCRIPTION FACTOR,beta-beta-alpha zinc fingers,,,
TC000903,True,0.982,Ubx,Homeodomain,HOMEOBOX PROTEIN HOX,Homeodomain-like,,,
TC010992,True,0.956,hkb,Zinc finger, C2H2 type,KRUEPPEL-LIKE TRANSCRIPTION FACTOR,beta-beta-alpha zinc fingers,,
TC015692,True,0.9597,TC015692,Zinc-finger associated domain (zf-AD),ZINC FINGER PROTEIN,beta-beta-alpha zinc fingers,,,
TC032035,True,0.6464,Mnt,Helix-loop-helix DNA-binding domain,MAX DIMERIZATION, MAD,HLH, helix-loop-helix DNA-binding domain,
TC032330,True,0.7635,TC032330,Zinc finger, C2H2 type,N/A,beta-beta-alpha zinc fingers,,
TC015072,True,0.6507,TC015072,C2H2-type zinc-finger domain,ZINC FINGER PROTEIN,beta-beta-alpha zinc fingers,,,
TC033714,True,0.8107,TC033714,Zinc-finger of C2H2 type,ZINC FINGER PROTEIN,beta-beta-alpha zinc fingers,,,
TC030577,True,0.991,TC030577,Forkhead domain,FORKHEAD BOX PROTEIN,"""Winged helix"" DNA-binding domain",,,
TC007057,True,0.9924,TC007057,Zinc-finger associated domain (zf-AD),ZINC FINGER PROTEIN,Glucocorticoid receptor-like (DNA-binding domain),,,
TC004555,True,0.8858,HHEX,Homeodomain,HOMEOBOX PROTEIN HHEX,Homeodomain-like,,,
TC008243,True,0.9782,Ets98B,Ets-domain,ETS,"""Winged helix"" DNA-binding domain",,,
TC032219,True,0.9534,sd,TEA/ATTS domain,TRANSCRIPTIONAL ENHANCER FACTOR  TEF  RELATED,N/A,,,
TC009309,True,0.9976,unpg,Homeodomain,HOMEOBOX PROTEIN GBX,Homeodomain-like,,,
TC006693,True,0.9831,crol,Zinc finger, C2H2 type,ZINC FINGER PROTEIN,beta-beta-alpha zinc fingers,,
TC012675,True,0.5801,CG14079,Spermatogenesis-assoc protein 6,SPERMATOGENESIS-ASSOCIATED PROTEIN 6 SPATA6,N/A,,,
TC007953,True,0.9029,TC007953,SAM domain (Sterile alpha motif),N/A,SAM/Pointed domain,,,
TC030553,True,0.9887,ro,Homeodomain,HOMEO BOX HB9 LIKE A-RELATED,Homeodomain-like,,,
TC013063,True,0.9567,Polr2F,RNA polymerase Rpb6,DNA-DIRECTED RNA POLYMERASE SUBUNIT K,RPB6/omega subunit-like,,,
TC013785,True,0.9704,Fer2,Helix-loop-helix DNA-binding domain,BASIC HELIX-LOOP-HELIX TRANSCRIPTION FACTOR, TWIST,HLH, helix-loop-helix DNA-binding domain,
TC034904,True,0.7705,TC034904,Siah interacting protein, N terminal,N/A,Calcyclin-binding protein-like,,
TC001565,True,0.9875,TC001565,C2H2-type zinc finger,ZINC FINGER AND BTB DOMAIN-CONTAINING,beta-beta-alpha zinc fingers,,,
TC006773,True,0.9439,TC006773,ZCCHC24 C-terminal domain,N/A,Retrovirus zinc finger-like domains,,,
TC012726,True,0.9927,TC012726,Zinc finger, C2H2 type,ZINC FINGER PROTEIN 200,beta-beta-alpha zinc fingers,,
TC032893,True,0.9986,Cph,Zinc finger, C2H2 type,B-CELL LYMPHOMA/LEUKEMIA 11,beta-beta-alpha zinc fingers,,
TC033171,True,0.9982,al,Homeodomain,HOMEOBOX PROTEIN ARISTALESS,Homeodomain-like,,,
TC002730,True,0.9473,ckn,SAM domain (Sterile alpha motif),OSTEOCLAST-STIMULATING FACTOR 1,SAM/Pointed domain,,,
TC007847,True,0.6471,CG12795,Ubiquitin interaction motif,ARSENITE INDUCUBLE RNA ASSOCIATED PROTEIN AIP-1-RELATED,AN1-like Zinc finger,,,
TC006712,True,0.9459,cg,Zinc finger, C2H2 type,ZINC FINGER PROTEIN ZIC AND GLI,beta-beta-alpha zinc fingers,,
TC013566,True,0.7772,dysf,PAS domain,HYPOXIA-INDUCIBLE FACTOR 1 ALPHA,PYP-like sensor domain (PAS domain),,,
TC007648,True,0.5828,CG2931,RNA recognition motif,TRNA SELENOCYSTEINE 1-ASSOCIATED PROTEIN 1-RELATED-RELATED,RNA-binding domain, RBD,,
TC004846,True,0.968,sr,Zinc finger, C2H2 type,KRUEPPEL-LIKE TRANSCRIPTION FACTOR,beta-beta-alpha zinc fingers,,
TC011748,True,0.9959,lbl,Homeodomain,TRANSCRIPTION FACTOR LBX,Homeodomain-like,,,
TC001888,True,0.89,ewg,NLS-binding and DNA-binding and dimerisation domains of Nrf1,NUCLEAR RESPIRATORY FACTOR 1,N/A,,,
TC005008,True,0.533,TC005008,WW domain,FORMIN-BINDING PROTEIN 4,WW domain,,,
TC033240,True,0.8005,ab,Zinc finger, C2H2 type,BTB DOMAIN TRANSCRIPTION FACTOR,POZ domain,,
TC031071,True,0.8683,FoxL1,Insect cuticle protein,FORKHEAD BOX PROTEIN,"""Winged helix"" DNA-binding domain",,,
TC014485,True,0.9247,TC014485,Zinc finger, C2H2 type,ZINC FINGER PROTEIN,beta-beta-alpha zinc fingers,,
TC007612,True,0.9805,TC007612,Zinc-finger associated domain (zf-AD),KRAB AND ZINC FINGER DOMAIN-CONTAINING,beta-beta-alpha zinc fingers,,,
TC009140,True,0.9905,ERR,Double treble clef zinc finger, C4 type,KNIRPS-RELATED PROTEIN-RELATED,Nuclear receptor ligand-binding domain,,
TC015634,True,0.8021,Snr1,SNF5 / SMARCB1 / INI1,SNF5,N/A,,,
TC014400,True,0.983,Lim3,Homeodomain,LIM/HOMEOBOX PROTEIN LHX,Homeodomain-like,,,
TC013973,True,0.7859,TC013973,N/A,N/A,N/A,,,
TC032830,True,0.92,TC032830,'Paired box' domain,PAIRED BOX PROTEIN PAX-6-RELATED-RELATED,Homeodomain-like,,,
TC010592,True,0.9871,CG10674,TSC-22/dip/bun family,TSC22 DOMAIN FAMILY PROTEIN 1,Delta-sleep-inducing peptide immunoreactive peptide,,,
TC000380,True,0.7417,Smyd5,SET domain,SET AND MYND DOMAIN-CONTAINING PROTEIN 5,HIT/MYND zinc finger-like,,,
TC015631,True,0.5407,TC015631,Zinc finger, C2H2 type,KRAB AND ZINC FINGER DOMAIN-CONTAINING,beta-beta-alpha zinc fingers,,
TC032194,True,0.8602,Pmvk,Zinc-finger associated domain (zf-AD),PHOSPHOMEVALONATE KINASE,beta-beta-alpha zinc fingers,,,
TC003292,True,0.9899,CG11456,Zinc finger, C2H2 type,KRAB AND ZINC FINGER DOMAIN-CONTAINING,beta-beta-alpha zinc fingers,,
TC009514,True,0.9974,TC009514,C2H2-type zinc finger,ZINC FINGER PROTEIN 142,Glucocorticoid receptor-like (DNA-binding domain),,,
TC003706,True,0.7487,ebi,WD domain, G-beta repeat,WD40 REPEAT PROTEIN,WD40 repeat-like,,
TC014542,True,0.5552,RanBPM,CTLH/CRA C-terminal to LisH motif domain,RAN BINDING PROTEIN 9-RELATED,Concanavalin A-like lectins/glucanases,,,
TC010041,True,0.8335,Arl2,ADP-ribosylation factor family,ADP-RIBOSYLATION FACTOR-LIKE PROTEIN 2-RELATED,P-loop containing nucleoside triphosphate hydrolases,,,
TC003419,True,0.873,APP-BP1,ThiF family,UBIQUITIN-ACTIVATING ENZYME E1,Activating enzymes of the ubiquitin-like proteins,,,
TC002832,True,0.6713,atk,BspA type Leucine rich repeat region (6 copies),LEUCINE RICH REPEAT FAMILY PROTEIN,L domain-like,,,
TC008143,True,0.8642,TC008143,N/A,N/A,N/A,,,
TC006110,True,0.9944,Pph13,Homeodomain,HOMEOBOX PROTEIN ARISTALESS,Homeodomain-like,,,
TC033450,True,0.998,bi,Optomotor-blind protein N-terminal region,T-BOX PROTEIN-RELATED,p53-like transcription factors,,,
TC003238,True,0.9993,Awh,LIM domain,LIM/HOMEOBOX PROTEIN LHX,Glucocorticoid receptor-like (DNA-binding domain),,,
TC033557,True,0.6783,TC033557,N/A,N/A,N/A,,,
TC000810,True,0.9883,TC000810,Basic region leucine zipper,CCAAT/ENHANCER BINDING PROTEIN,Leucine zipper domain,,,
TC003874,True,0.7073,CG10283,Coiled-coil domain-containing protein 50  N-terminus,C3ORF6 PROTEIN-RELATED,N/A,,,
TC011336,True,0.9552,ato,Helix-loop-helix DNA-binding domain,BASIC HELIX-LOOP-HELIX PROTEIN NEUROGENIN-RELATED,HLH, helix-loop-helix DNA-binding domain,,
TC001781,True,0.7819,TC001781,N/A,CCHC-TYPE DOMAIN-CONTAINING PROTEIN,N/A,,,
TC032751,True,0.9925,nub,Pou domain - N-terminal to homeobox domain,POU DOMAIN,Homeodomain-like,,,
TC034919,True,0.7591,TC034919,N/A,N/A,N/A,,,
TC000424,True,0.996,CG11085,Homeodomain,HOMEO BOX HB9 LIKE A-RELATED,Homeodomain-like,,,
TC034076,True,0.9332,ham,Zinc finger, C2H2 type,ZINC FINGER PROTEIN,beta-beta-alpha zinc fingers,,
TC006536,True,0.9945,RunxB,Runt domain,RUNT RELATED,p53-like transcription factors,,,
TC010050,True,0.8681,CG6765,BTB/POZ domain,BTB DOMAIN TRANSCRIPTION FACTOR,POZ domain,,,
TC032750,True,0.9985,Vsx2,Homeodomain,VISUAL SYSTEM HOMEOBOX 2,Homeodomain-like,,,
TC012927,True,0.828,TC012927,Reverse transcriptase (RNA-dependent DNA polymerase),REVERSE TRANSCRIPTASES,DNA/RNA polymerases,,,
TC001232,True,0.7244,fd3F,Forkhead domain,FORKHEAD BOX PROTEIN N3-LIKE PROTEIN-RELATED,"""Winged helix"" DNA-binding domain",,,
TC006998,True,0.6114,TC006998,N/A,ZINC KNUCKLE DOMAINCONTAINING PROTEIN,N/A,,,
TC032652,True,0.8286,TC032652,Drought induced 19 protein (Di19), zinc-binding,TRANSCRIPTIONAL REPRESSOR CTCFL-RELATED,beta-beta-alpha zinc fingers,,
TC006488,True,0.9701,GATAd,Zinc-finger associated domain (zf-AD),TRANSCRIPTION FACTOR GATA FAMILY MEMBER,Glucocorticoid receptor-like (DNA-binding domain),,,
TC001915,True,0.9917,TC001915,Winged helix-turn-helix DNA-binding,TRANSPOSABLE ELEMENT TC3 TRANSPOSASE-LIKE PROTEIN,N/A,,,
TC033748,True,0.5396,otp,Homeodomain,HOMEOBOX PROTEIN ORTHOPEDIA,Homeodomain-like,,,
TC007234,True,0.9737,TC007234,Zinc finger, C2H2 type,ZINC FINGER PROTEIN 142,beta-beta-alpha zinc fingers,,
TC011870,True,0.9876,kay,bZIP Maf transcription factor,FOS TRANSCRIPTION FACTOR-RELATED,Leucine zipper domain,,,
TC011734,True,0.997,Rfx,RFX DNA-binding domain,RFX TRANSCRIPTION FACTOR FAMILY,"""Winged helix"" DNA-binding domain",,,
TC013869,True,0.8989,CG10874,Coiled-coil domain-containing protein 28,CHEMOKINE C-C MOTIF RECEPTOR 1,N/A,,,
TC013857,True,0.9866,CG4374,Zinc finger, C2H2 type,ODD-SKIPPED - RELATED,beta-beta-alpha zinc fingers,,
TC005942,True,0.6509,TC005942,N/A,N/A,N/A,,,
TC012182,True,0.5485,TC012182,Stabilization of polarity axis,PROTEIN FAM45A-RELATED,N/A,,,
TC013901,True,0.6185,TC013901,N/A,N/A,N/A,,,
TC031236,True,0.8998,Eip75B,Double treble clef zinc finger, C4 type,NUCLEAR HORMONE RECEPTOR,Glucocorticoid receptor-like (DNA-binding domain),,
TC008437,True,0.9979,ase,Helix-loop-helix DNA-binding domain,ACHAETE-SCUTE TRANSCRIPTION FACTOR-RELATED,HLH, helix-loop-helix DNA-binding domain,,
TC032664,True,0.9985,TC032664,LIM domain,LIM/HOMEOBOX PROTEIN LHX,Homeodomain-like,,,
TC032549,True,0.8589,Sox100B,Sox developmental protein N terminal,SOX100B,HMG-box,,,
TC032328,True,0.8622,TC032328,BTB/POZ domain,BTB DOMAIN TRANSCRIPTION FACTOR,POZ domain,,,
TC006260,True,0.9334,Rpn5,PSMD12/CSN4, N-terminal,26S PROTEASOME NON-ATPASE REGULATORY SUBUNIT 12/COP9 SIGNALOSOME COMPLEX SUBUNIT 4,"""Winged helix"" DNA-binding domain",,
TC011105,True,0.9105,ss,PAS fold,ARYL HYDROCARBON RECEPTOR,HLH, helix-loop-helix DNA-binding domain,,
TC009297,True,0.7079,CG14982,Centrosome-associated C terminus,AGAP005440-PA,N/A,,,
TC009623,True,0.9971,TC009623,Homeobox KN domain,HOMEOBOX PROTEIN TRANSCRIPTION FACTORS,Homeodomain-like,,,
TC008904,True,0.9678,su(Hw),Zinc finger, C2H2 type,IP01015P-RELATED,beta-beta-alpha zinc fingers,,
TC008099,True,0.9796,ovo,Zinc finger, C2H2 type,ZINC FINGER PROTEIN WITH KRAB AND SCAN DOMAINS,beta-beta-alpha zinc fingers,,
TC031853,True,0.9899,rn,Zinc finger, C2H2 type,TRANSCRIPTIONAL REPRESSOR PROTEIN YY,beta-beta-alpha zinc fingers,,
TC009340,True,0.9605,Rbsn-5,FYVE zinc finger,FYVE-FINGER-CONTAINING RAB5 EFFECTOR PROTEIN RABENOSYN-5-RELATED,Rabenosyn-5 Rab-binding domain-like,,,
TC013578,True,0.8268,chn,N/A,TRANSCRIPTIONAL REPRESSOR CTCFL-RELATED,beta-beta-alpha zinc fingers,,,
TC005213,True,0.9285,TC005213,N/A,REVERSE TRANSCRIPTASE DOMAIN-CONTAINING PROTEIN,DNase I-like,,,
TC014798,True,0.9993,zld,Zinc-finger double-stranded RNA-binding,ZINC FINGER PROTEIN 142,beta-beta-alpha zinc fingers,,,
TC001133,True,0.8001,TC001133,N/A,N/A,N/A,,,
TC033834,True,0.9423,l(1)G0196,Histidine phosphatase superfamily (branch 2),DIPHOSPHOINOSITOL PENTAKISPHOSPHATE KINASE,Phosphoglycerate mutase-like,,,
TC014076,True,0.9742,byn,T-box,T-BOX PROTEIN-RELATED,p53-like transcription factors,,,
TC033444,True,0.9956,Ets97D,GA-binding protein alpha chain,TRANSLATIONAL ACTIVATOR OF CYTOCHROME C OXIDASE 1,"""Winged helix"" DNA-binding domain",,,
TC005600,True,0.9885,Drgx,Homeodomain,HOMEOBOX PROTEIN ARISTALESS,Homeodomain-like,,,
TC014626,True,0.5802,M7BP,N/A,N/A,N/A,,,
TC012774,True,0.5448,TC012774,N/A,N/A,N/A,,,
TC014065,True,0.9989,SoxN,HMG (high mobility group) box,SOX TRANSCRIPTION FACTOR,HMG-box,,,
TC001711,True,0.7805,X11L,PDZ domain,SYNTENIN RELATED,PDZ domain-like,,,
TC001741,True,0.9856,dve,Homeodomain,DNA-BINDING PROTEIN SATB FAMILY MEMBER,Homeodomain-like,,,
TC008388,True,0.9357,ADD1,Cysteine Rich ADD domain,TRANSCRIPTIONAL REGULATOR ATRX,FYVE/PHD zinc finger,,,
TC005074,True,0.9971,E2f1,E2F transcription factor CC-MB domain,TRANSCRIPTION FACTOR E2F,E2F-DP heterodimerization region,,,
TC002814,True,0.9977,bin,Forkhead domain,FORKHEAD BOX PROTEIN BINIOU,"""Winged helix"" DNA-binding domain",,,
TC031038,True,0.6432,TC031038,helix-turn-helix, Psq domain,BTB DOMAIN TRANSCRIPTION FACTOR,POZ domain,,
TC034791,True,0.7177,TC034791,N/A,N/A,N/A,,,
TC012540,True,0.8754,CG8209,UBA-like domain,UBX DOMAIN-CONTAINING PROTEIN 1,UBA-like,,,
TC016404,True,0.726,TC016404,N/A,N/A,N/A,,,
TC030900,True,0.988,dati,Zinc-finger of C2H2 type,PR DOMAIN ZINC FINGER PROTEIN,beta-beta-alpha zinc fingers,,,
TC011574,True,0.9335,TC011574,HTH domain in Mos1 transposase,MARINER MOS1 TRANSPOSASE-LIKE PROTEIN,N/A,,,
TC033868,True,0.9823,retn,ARID/BRIGHT DNA binding domain,AT-RICH INTERACTIVE DOMAIN-CONTAINING PROTEIN  ARID DOMAIN- CONTAINING PROTEIN   DEAD RINGER PROTEIN   B-CELL REGULATOR OF IGH TRANSCRIPTION   BRIGHT,ARID-like,,,
TC004854,True,0.9239,TC004854,PCI domain,26S PROTEASOME NON-ATPASE REGULATORY SUBUNIT 11/COP9 SIGNALOSOME COMPLEX SUBUNIT 2,TPR-like,,,
TC008926,True,0.9966,hbn,Homeodomain,HOMEOBOX PROTEIN ARISTALESS,Homeodomain-like,,,
TC013074,True,0.8674,CG6424,N/A,FAM13,N/A,,,
TC005999,True,0.9433,TC005999,N/A,N/A,N/A,,,
TC001473,True,0.9986,Fer3,Helix-loop-helix DNA-binding domain,BASIC HELIX-LOOP-HELIX TRANSCRIPTION FACTOR, TWIST,HLH, helix-loop-helix DNA-binding domain,
TC004259,True,0.9333,TC004259,Helix-turn-helix of DDE superfamily endonuclease,THAP DOMAIN PROTEIN,Glucocorticoid receptor-like (DNA-binding domain),,,
TC004726,True,0.9177,Hand,Helix-loop-helix DNA-binding domain,BASIC HELIX-LOOP-HELIX TRANSCRIPTION FACTOR, TWIST,HLH, helix-loop-helix DNA-binding domain,
TC000543,True,0.9982,Hr4,Double treble clef zinc finger, C4 type,KNIRPS-RELATED PROTEIN-RELATED,Nuclear receptor ligand-binding domain,,
TC032255,True,0.7152,Naxe,YjeF-related protein N-terminus,NAD(P)H-HYDRATE EPIMERASE,YjeF N-terminal domain-like,,,
TC001226,True,0.9689,TC001226,N/A,N/A,N/A,,,
TC006580,True,0.9664,TC006580,Hairy Orange,BASIC HELIX-LOOP-HELIX TRANSCRIPTION FACTOR, HES-RELATED,HLH, helix-loop-helix DNA-binding domain,
TC008726,True,0.9842,Hnf4,Double treble clef zinc finger, C4 type,NUCLEAR HORMONE RECEPTOR,Glucocorticoid receptor-like (DNA-binding domain),,
TC009515,True,0.9839,TC009515,Zinc-finger associated domain (zf-AD),ZINC FINGER PROTEIN 142,beta-beta-alpha zinc fingers,,,
TC008996,True,0.9968,scro,Homeodomain,HOMEOBOX PROTEIN NKX,Homeodomain-like,,,
TC009896,True,0.996,inv,Homeodomain,HOMEOBOX PROTEIN ENGRAILED,Homeodomain-like,,,
TC015472,True,0.997,TC015472,Zinc finger, C2H2 type,ZINC FINGER PROTEIN,beta-beta-alpha zinc fingers,,
TC034347,True,0.9656,Map205,Ataxin-2 C-terminal region,N/A,PP2C-like,,,
TC033237,True,0.7642,Axud1,Cysteine/serine-rich nuclear protein N-terminus,TGF-BETA INDUCED APOPTOSIS PROTEIN,N/A,,,
TC034798,True,0.7069,rush,SOS1/NGEF-like PH domain,PLECKSTRIN HOMOLOGY DOMAIN-CONTAINING FAMILY F MEMBER 2-RELATED,PH domain-like,,,
TC009922,True,0.9598,TfAP-2,Transcription factor AP-2,TRANSCRIPTION FACTOR AP-2,N/A,,,
TC012366,True,0.9365,TC012366,BTB/POZ domain,AGAP004733-PA,beta-beta-alpha zinc fingers,,,
TC007510,True,0.9922,eIF5,Domain found in IF2B/IF5,EUKARYOTIC TRANSLATION INITIATION FACTOR,Zinc-binding domain of translation initiation factor 2 beta,,,
TC005393,True,0.6781,lqf,ENTH domain,EPSIN/ENT-RELATED,ENTH/VHS domain,,,
TC008735,True,0.8985,TC008735,Domain of unknown function (DUF3504),ZINC FINGER MYM-TYPE PROTEIN,N/A,,,
TC034917,True,0.5794,TC034917,N/A,DOMAIN-CONTAINING PROTEIN, PUTATIVE-RELATED,Retrovirus zinc finger-like domains,,
TC032708,True,0.6114,TC032708,N/A,N/A,N/A,,,
TC009573,True,0.9963,TC009573,Transcription factor TFIIB repeat,TRANSCRIPTION INITIATION FACTOR IIB-RELATED,Cyclin-like,,,
TC012280,True,0.9064,Lint-O,SAM domain-containing protein 1, WH domain,POLYCOMB GROUP PROTEIN,FYVE/PHD zinc finger,,
TC011749,True,0.9905,C15,Homeodomain,IP01054P,Homeodomain-like,,,
TC008403,True,0.9916,Tbp,Transcription factor TFIID (or TATA-binding protein, TBP),TATA-BOX BINDING PROTEIN,TATA-box binding protein-like,,
TC001052,True,0.9386,TC001052,Zinc finger, C2H2 type,ZINC FINGER PROTEIN,beta-beta-alpha zinc fingers,,
TC032433,True,0.7737,TC032433,Zinc finger, C2H2 type,KRUEPPEL-LIKE TRANSCRIPTION FACTOR,beta-beta-alpha zinc fingers,,
TC034812,True,0.9844,Poxn,'Paired box' domain,PAIRED BOX PROTEIN PAX-6-RELATED-RELATED,E set domains,,,
TC000088,True,0.5114,Clk,PAS domain,CIRCADIAN LOCOMOTER OUTPUT CYCLES PROTEIN KAPUT,PYP-like sensor domain (PAS domain),,,
TC013001,True,0.9977,Taf10b,Transcription initiation factor TFIID 23-30kDa subunit,TRANSCRIPTION INITIATION FACTOR TFIID SUBUNIT 10,N/A,,,
TC006916,True,0.7268,TC006916,N/A,N/A,N/A,,,
TC009280,True,0.6836,TC009280,HMG (high mobility group) box,UPSTREAM BINDING TRANSCRIPTION FACTOR,HMG-box,,,
TC000418,True,0.9594,CG11791,N/A,N/A,N/A,,,
TC000388,True,0.8015,Atf6,bZIP transcription factor,ATF6, ISOFORM C,Leucine zipper domain,,
TC010061,True,0.8426,btz,CASC3/Barentsz eIF4AIII binding,PROTEIN CASC3,N/A,,,
TC030741,True,0.7695,CG31550,G-patch domain,ARGININE/SERINE RICH SPLICING FACTOR SF4/14,Surp module (SWAP domain),,,
TC031528,True,0.9998,FoxP,FOXP coiled-coil domain,FORKHEAD BOX P, ISOFORM C,"""Winged helix"" DNA-binding domain",,
TC013630,True,0.9787,TC013630,Forkhead domain,FORKHEAD BOX PROTEIN,"""Winged helix"" DNA-binding domain",,,
TC012511,True,0.8106,Polr2J,RNA polymerase Rpb3/Rpb11 dimerisation domain,DNA-DIRECTED RNA POLYMERASE I,II,III,RBP11-like subunits of RNA polymerase,
TC006814,True,0.9579,Jra,Jun-like transcription factor,JUN TRANSCRIPTION FACTOR-RELATED,Leucine zipper domain,,,
TC001676,True,0.742,Ip6k,Inositol polyphosphate kinase,INOSITOL POLYPHOSPHATE KINASE,SAICAR synthase-like,,,
TC001593,True,0.9979,Hey,Helix-loop-helix DNA-binding domain,BASIC HELIX-LOOP-HELIX TRANSCRIPTION FACTOR, HES-RELATED,Orange domain-like,,
TC015535,True,0.5216,tyf,N/A,N/A,N/A,,,
TC033055,True,0.9171,TC033055,N/A,N/A,N/A,,,
TC013080,True,0.9801,Sidpn,Helix-loop-helix DNA-binding domain,BASIC HELIX-LOOP-HELIX TRANSCRIPTION FACTOR, HES-RELATED,Orange domain-like,,
TC033447,True,0.9962,TC033447,MH1 domain,SMAD,SMAD MH1 domain,,,
TC008542,True,0.8872,Phf5a,PHF5-like protein,PHD FINGER-LIKE DOMAIN-CONTAINING PROTEIN 5A,N/A,,,
TC014986,True,0.9883,Hr39,Ligand-binding domain of nuclear hormone receptor,NUCLEAR RECEPTOR SUBFAMILY 5 GROUP A,Glucocorticoid receptor-like (DNA-binding domain),,,
TC009079,True,0.8191,TC009079,Zinc-finger associated domain (zf-AD),N/A,Glucocorticoid receptor-like (DNA-binding domain),,,
TC013925,True,0.8353,yps,'Cold-shock' DNA-binding domain,COLD SHOCK DOMAIN CONTAINING PROTEINS,Nucleic acid-binding proteins,,,
TC006389,True,0.9443,TC006389,C2H2-type zinc finger,PR DOMAIN ZINC FINGER PROTEIN,beta-beta-alpha zinc fingers,,,
TC030936,True,0.9271,TC030936,HTH domain in Mos1 transposase,MARINER MOS1 TRANSPOSASE-LIKE PROTEIN,N/A,,,
TC006160,True,0.6618,CG10151,Myb/SANT-like DNA-binding domain,MYB_SANT-LIKE DNA-BINDING DOMAIN-CONTAINING PROTEIN 1,N/A,,,
TC011460,True,0.9956,Kr,Zinc finger, C2H2 type,ZINC FINGER PROTEIN,beta-beta-alpha zinc fingers,,
TC008201,True,0.9978,Atf3,bZIP transcription factor,FOS TRANSCRIPTION FACTOR-RELATED,Leucine zipper domain,,,
TC008021,True,0.5825,dos,PH domain,GRB2-ASSOCIATED-BINDING PROTEIN,PH domain-like,,,
TC013378,True,0.7464,mRpS26,Mitochondrial ribosome subunit S26,28S RIBOSOMAL PROTEIN S26, MITOCHONDRIAL,N/A,,
TC003707,True,0.8394,ich,Zinc finger, C2H2 type,ODD-SKIPPED - RELATED,beta-beta-alpha zinc fingers,,
TC034339,True,0.8619,TC034339,Homeodomain,HOMEOBOX PROTEIN EMX-RELATED,Homeodomain-like,,,
TC007969,True,0.9278,TC007969,Zinc-finger associated domain (zf-AD),ZINC FINGER PROTEIN,beta-beta-alpha zinc fingers,,,
TC007745,True,0.7996,Bap111,HMG (high mobility group) box,SMARCE1 REGULATOR OF CHROMATIN,HMG-box,,,
TC014900,True,0.7921,TC014900,Zinc finger, C2H2 type,ZINC FINGER AND BTB DOMAIN-CONTAINING,beta-beta-alpha zinc fingers,,
TC015655,True,0.8253,Pur-alpha,PurA ssDNA and RNA-binding protein,PUR-TRANSCRIPTIONAL ACTIVATOR,N/A,,,
TC012996,True,0.9552,TC012996,Zinc finger, C2H2 type,ZINC FINGER AND BTB DOMAIN-CONTAINING,beta-beta-alpha zinc fingers,,
TC011277,True,0.7879,TC011277,N/A,N/A,N/A,,,
TC033954,True,0.9552,TC033954,XIAP-associated factor 1-like, N-terminal zinc finger,TRAF-TYPE ZINC FINGER PROTEIN-RELATED,N/A,,
TC033294,True,0.6268,TC033294,N/A,HAT FAMILY DIMERISATION DOMAINCONTAINING PROTEIN-RELATED,N/A,,,
TC001057,True,0.5427,CG31076,Leucine-rich repeat,LEUCINE-RICH MELANOCYTE DIFFERENTIATION-ASSOCIATED PROTEIN,L domain-like,,,
TC011051,True,0.9893,pita,Zinc finger, C2H2 type,ZINC FINGER PROTEIN,beta-beta-alpha zinc fingers,,
TC007154,True,0.9958,Ets21C,Ets-domain,ETS,SAM/Pointed domain,,,
TC031898,True,0.567,TC031898,Myb/SANT-like DNA-binding domain,N/A,N/A,,,
TC007419,True,0.9937,Sox102F,HMG (high mobility group) box,FI18025P1,HMG-box,,,
TC001878,True,0.6644,CG10600,N/A,ROUND SPERMATID BASIC PROTEIN 1,N/A,,,
TC000748,True,0.9313,brk,Brinker DNA-binding domain,PROTEIN DISTAL ANTENNA,Homeodomain-like,,,
TC003354,True,0.997,oc,Homeodomain,HOMEOBOX PROTEIN,Homeodomain-like,,,
TC014468,True,0.978,Su(H),LAG1, DNA binding,RECOMBINING BINDING PROTEIN SUPPRESSOR OF HAIRLESS,p53-like transcription factors,,
TC007352,True,0.9883,TC007352,N/A,ZINC FINGER AND SCAN DOMAIN-CONTAINING,beta-beta-alpha zinc fingers,,,
TC015754,True,0.999,CG33557,Helix-loop-helix DNA-binding domain,BASIC HELIX-LOOP-HELIX TRANSCRIPTION FACTOR, TWIST,HLH, helix-loop-helix DNA-binding domain,
TC001069,True,0.9437,dsf,Double treble clef zinc finger, C4 type,NUCLEAR HORMONE RECEPTOR,Glucocorticoid receptor-like (DNA-binding domain),,
TC007616,True,0.8998,CG42240,N/A,AGAP013079-PA,N/A,,,
TC003957,True,0.955,TC003957,Zinc-finger of C2H2 type,ZINC FINGER AND BTB DOMAIN-CONTAINING,beta-beta-alpha zinc fingers,,,
TC003196,True,0.9977,acj6,Homeodomain,POU DOMAIN,lambda repressor-like DNA-binding domains,,,
TC002866,True,0.7586,CG32537,N/A,N/A,N/A,,,
TC003716,True,0.5789,Rcd5,N-terminal region of micro-spherule protein,MICROSPHERULE PROTEIN 1,SMAD/FHA domain,,,
TC011278,True,0.9015,TC011278,N/A,N/A,N/A,,,
TC003955,True,0.9923,TC003955,Zinc finger, C2H2 type,ZINC FINGER PROTEIN 200,beta-beta-alpha zinc fingers,,
TC000837,True,0.9656,TC000837,Zinc finger, C2H2 type,KRUEPPEL-LIKE TRANSCRIPTION FACTOR,beta-beta-alpha zinc fingers,,
TC015855,True,0.9636,nau,Myogenic Basic domain,MYOGENIC FACTOR,HLH, helix-loop-helix DNA-binding domain,,
TC031009,True,0.5652,TC031009,U11-48K-like CHHC zinc finger,GAMETOCYTE SPECIFIC FACTOR 1-RELATED,beta-beta-alpha zinc fingers,,,
TC032327,True,0.6901,TC032327,C2H2-type zinc-finger domain,ZINC FINGER PROTEIN,beta-beta-alpha zinc fingers,,,
TC015946,True,0.5075,tamo,Spermatogenesis-associated protein 2, PUB-like domain,SPERMATOGENESIS-ASSOCIATED PROTEIN 2/TAMOZHENNIC,Ran binding protein zinc finger-like,,
TC005880,True,0.589,CG30460,zinc-finger of a C2HC-type,ZINC FINGER C2HC DOMAIN-CONTAINING PROTEIN 1C,N/A,,,
TC011114,True,0.9965,zfh1,C2H2-type zinc finger,HISTONE H4 TRANSCRIPTION FACTOR-RELATED,beta-beta-alpha zinc fingers,,,
TC001083,True,0.7511,TC001083,N/A,N/A,N/A,,,
TC030585,True,0.9464,TC030585,BTB/POZ domain,ZINC FINGER PROTEIN,beta-beta-alpha zinc fingers,,,
TC012106,True,0.9969,Nf-YB,Histone-like transcription factor (CBF/NF-Y) and archaeal histone,CCAAT-BINDING TRANSCRIPTION FACTOR-RELATED,Histone-fold,,,
TC001538,True,0.9314,TC001538,N/A,N/A,N/A,,,
TC012848,True,0.8492,TC012848,Dpy-30 motif,ANK_REP_REGION DOMAIN-CONTAINING PROTEIN,Ankyrin repeat,,,
TC013995,True,0.6768,park,RING/Ubox like zinc-binding domain,RBR FAMILY  RING FINGER AND IBR DOMAIN-CONTAINING,Ubiquitin-like,,,
TC003594,True,0.9907,TC003594,Zinc finger, C2H2 type,ZINC FINGER PROTEIN 200,beta-beta-alpha zinc fingers,,
TC000441,True,0.8947,tll,Ligand-binding domain of nuclear hormone receptor,NUCLEAR HORMONE RECEPTOR,Nuclear receptor ligand-binding domain,,,
TC015804,True,0.9995,prd,'Paired box' domain,PAIRED BOX PROTEIN PAX-6-RELATED-RELATED,Homeodomain-like,,,
TC001301,True,0.6655,TC001301,Trypsin,TRYPTASE-RELATED,Trypsin-like serine proteases,,,
TC014180,True,0.6436,CG3558,Retinoic acid induced 16-like protein,RAI16 PROTEIN-RELATED,N/A,,,
TC015074,True,0.5238,TC015074,C2H2-type zinc-finger domain,KRAB AND ZINC FINGER DOMAIN-CONTAINING,beta-beta-alpha zinc fingers,,,
TC005398,True,0.9572,TC005398,Core histone H2A/H2B/H3/H4,HISTONE H3,Histone-fold,,,
TC011763,True,0.9975,ems,Homeodomain,HOMEOBOX PROTEIN EMX-RELATED,Homeodomain-like,,,
TC031421,True,0.7366,TC031421,THAP domain,THAP DOMAIN-CONTAINING,Glucocorticoid receptor-like (DNA-binding domain),,,
TC012743,True,0.9916,bap,Homeodomain,HOMEOBOX PROTEIN NKX,Homeodomain-like,,,
TC030738,True,0.9986,Myb,C-myb, C-terminal,MYB PROTEIN-RELATED,Homeodomain-like,,
TC034342,True,0.6061,Eip93F,helix-turn-helix, Psq domain,TRANSCRIPTION FACTOR MLR1/2,Homeodomain-like,,
TC031788,True,0.5711,TC031788,N/A,N/A,N/A,,,
TC032156,True,0.997,foxo,Forkhead domain,FORKHEAD BOX PROTEIN O,"""Winged helix"" DNA-binding domain",,,
TC010400,True,0.9859,Dp,E2F/DP family winged-helix DNA-binding domain,TRANSCRIPTION FACTOR DP,E2F-DP heterodimerization region,,,
TC013189,True,0.9898,TC013189,Zinc finger, C2H2 type,ZINC FINGER PROTEIN,beta-beta-alpha zinc fingers,,
TC015829,True,0.9466,TC015829,Zinc-finger associated domain (zf-AD),KRAB AND ZINC FINGER DOMAIN-CONTAINING,beta-beta-alpha zinc fingers,,,
TC000917,True,0.9907,Scr,Homeodomain,HOMEOTIC PROTEIN DEFORMED,Homeodomain-like,,,
TC031127,True,0.9743,CG8675,Uncharacterized conserved protein (DUF2039),ZGC:101016,N/A,,,
TC005342,True,0.9996,gsb-n,Homeodomain,PAIRED BOX PROTEIN PAX-6-RELATED-RELATED,Homeodomain-like,,,
TC034326,True,0.6834,TC034326,N/A,E1A-BINDING PROTEIN P400-RELATED,Homeodomain-like,,,
TC010003,True,0.9702,Polr2E,RNA polymerase Rpb5, N-terminal domain,DNA-DIRECTED RNA POLYMERASES I, II, AND III SUBUNIT RPABC1,RPB5-like RNA polymerase subunit
TC010900,True,0.9852,TfIIB,Transcription factor TFIIB repeat,TRANSCRIPTION INITIATION FACTOR IIB-RELATED,Cyclin-like,,,
TC002241,True,0.9918,TC002241,Zinc finger, C2H2 type,ZINC FINGER PROTEIN,beta-beta-alpha zinc fingers,,
TC010570,True,0.6822,TC010570,DDE superfamily endonuclease,N/A,N/A,,,
TC000383,True,0.9306,TC000383,Zinc finger, C2H2 type,ZINC FINGER PROTEIN 142,beta-beta-alpha zinc fingers,,
TC034987,True,0.5576,TC034987,N/A,N/A,N/A,,,
TC000912,True,0.9967,Antp,Homeodomain,HOMEOBOX PROTEIN HOX,Homeodomain-like,,,
TC004255,True,0.5127,TC004255,Retrotransposon gag protein,CCHC-TYPE DOMAIN-CONTAINING PROTEIN,Retrovirus zinc finger-like domains,,,
TC012021,True,0.7025,TC012021,N/A,N/A,N/A,,,
TC002550,True,0.997,ftz-f1,Ligand-binding domain of nuclear hormone receptor,NUCLEAR RECEPTOR SUBFAMILY 5 GROUP A,Glucocorticoid receptor-like (DNA-binding domain),,,
TC007676,True,0.7051,CG10710,N/A,N/A,N/A,,,
TC033122,True,0.9978,TC033122,T-box,T-BOX PROTEIN-RELATED,p53-like transcription factors,,,
TC014756,True,0.9837,TfIIS,Transcription factor S-II (TFIIS), central domain,TRANSCRIPTION FACTOR S-II ZINC FINGER DOMAIN-CONTAINING PROTEIN,Zinc beta-ribbon,,
TC000922,True,0.989,TC000922,Homeodomain,PROTEIN ZERKNUELLT 1-RELATED,Homeodomain-like,,,
TC032657,True,0.9948,TC032657,Zinc finger, C2H2 type,ZINC FINGER AND BTB DOMAIN-CONTAINING,beta-beta-alpha zinc fingers,,
TC034819,True,0.6436,TC034819,KIAA1064-like, CCCH zinc finger,ZINC FINGER CCCH DOMAIN-CONTAINING PROTEI,CCCH zinc finger,,
TC032404,True,0.6005,nuf,FIP domain,RAB11-FAMILY INTERACTING PROTEIN,Eferin C-derminal domain-like,,,
TC002021,True,0.7781,TC002021,N/A,N/A,N/A,,,
TC002704,True,0.6183,TC002704,N/A,N/A,N/A,,,
TC011249,True,0.8034,TC011249,HEC/Ndc80p family,KINETOCHORE PROTEIN NDC80,N/A,,,
TC009976,True,0.9981,Max,Helix-loop-helix DNA-binding domain,PROTEIN MAX  MYC-ASSOCIATED FACTOR X,HLH, helix-loop-helix DNA-binding domain,,
TC004945,True,0.9904,TC004945,bZIP transcription factor,N/A,Leucine zipper domain,,,
TC033205,True,0.5129,Hinfp,HORMA domain,HISTONE H4 TRANSCRIPTION FACTOR-RELATED,The spindle assembly checkpoint protein mad2,,,
TC001987,True,0.5948,TC001987,N/A,N/A,N/A,,,
TC005738,True,0.6192,TC005738,Ubiquitin family,AN1-TYPE ZINC FINGER PROTEIN 4,AN1-like Zinc finger,,,
TC034783,True,0.999,pnt,Sterile alpha motif (SAM)/Pointed domain,ETS,SAM/Pointed domain,,,
TC031968,True,0.9993,Eip74EF,Ets-domain,ETS,"""Winged helix"" DNA-binding domain",,,
TC031947,True,0.9321,TC031947,N/A,N/A,N/A,,,
TC014042,True,0.9752,Fadd,Death domain,N/A,DEATH domain,,,
TC013425,True,0.9909,CG2202,Zinc finger, C2H2 type,ZINC FINGER PROTEIN,beta-beta-alpha zinc fingers,,
TC014378,True,0.7234,Rubicon,Rubicon, PI3K-binding domain,PHOX (PX) DOMAIN-CONTAINING PROTEIN,RUN domain-like,,
TC000840,True,0.9913,wdn,Zinc finger, C2H2 type,ZINC FINGER AND BTB DOMAIN-CONTAINING,beta-beta-alpha zinc fingers,,
TC012990,True,0.9759,Kr-h1,C2H2-type zinc finger,ODD-SKIPPED - RELATED,beta-beta-alpha zinc fingers,,,
TC034305,True,0.7874,EcR,Ligand-binding domain of nuclear hormone receptor,NUCLEAR HORMONE RECEPTOR,Nuclear receptor ligand-binding domain,,,
TC006542,True,0.7172,run,Runt domain,RUNT RELATED,p53-like transcription factors,,,
TC014961,True,0.9355,Hsc20,DnaJ domain,IRON-SULFUR CLUSTER CO-CHAPERONE PROTEIN HSCB,HSC20 (HSCB), C-terminal oligomerisation domain,,
TC012552,True,0.6692,Unc-115a,Villin headpiece domain,ACTIN-BINDING LIM PROTEIN,Glucocorticoid receptor-like (DNA-binding domain),,,
TC009262,True,0.973,Hexim,Hexamethylene bis-acetamide-inducible protein,HEXAMETHYLENE BISACETAMIDE INDUCIBLE 1,N/A,,,
TC034534,True,0.996,TC034534,HSF-type DNA-binding,HEAT SHOCK TRANSCRIPTION FACTOR,"""Winged helix"" DNA-binding domain",,,
TC009734,True,0.5675,TC009734,N/A,N/A,N/A,,,
TC008909,True,0.9725,Hr3,Ligand-binding domain of nuclear hormone receptor,NUCLEAR HORMONE RECEPTOR HR3-RELATED,Glucocorticoid receptor-like (DNA-binding domain),,,
TC008182,True,0.8967,Mst85C,N/A,HOST CELL FACTOR C1 REGULATOR 1,N/A,,,
TC014225,True,0.9992,Mitf,Helix-loop-helix DNA-binding domain,MIP04163P,HLH, helix-loop-helix DNA-binding domain,,
TC010220,True,0.6245,TC010220,N/A,N/A,N/A,,,
TC014967,True,0.5437,TC014967,Helix-turn-helix of DDE superfamily endonuclease,THAP DOMAIN PROTEIN,N/A,,,
TC007382,True,0.9979,CG12769,Zinc finger, C2H2 type,ZINC FINGER PROTEIN,beta-beta-alpha zinc fingers,,
TC005686,True,0.6146,TC005686,Aldo/keto reductase family,2,5-DIKETO-D-GLUCONIC ACID REDUCTASE,NAD(P)-linked oxidoreductase,,
TC003418,True,0.8796,TC003418,Zinc-finger associated domain (zf-AD),KRAB AND ZINC FINGER DOMAIN-CONTAINING,Glucocorticoid receptor-like (DNA-binding domain),,,
TC008440,True,0.9812,TC008440,Zinc finger, C2H2 type,ZNF44 PROTEIN,beta-beta-alpha zinc fingers,,
TC034741,True,0.9141,TC034741,Zinc finger, C2H2 type,ZINC FINGER PROTEIN,beta-beta-alpha zinc fingers,,
TC032653,True,0.8306,TC032653,C2H2-type zinc finger,PR DOMAIN ZINC FINGER PROTEIN,beta-beta-alpha zinc fingers,,,
TC032174,True,0.975,Ptx1,Homeodomain,PITUITARY HOMEOBOX HOMOLOG PTX1,Homeodomain-like,,,
TC034767,True,0.9686,TC034767,N/A,N/A,N/A,,,
TC032287,True,0.9625,Ciz1,N/A,N/A,N/A,,,
TC015418,True,0.9962,TC015418,Zinc finger, C2H2 type,ZINC FINGER AND BTB DOMAIN-CONTAINING,beta-beta-alpha zinc fingers,,
TC015309,True,0.9956,TC015309,Zinc finger, C2H2 type,ZNF44 PROTEIN,Glucocorticoid receptor-like (DNA-binding domain),,
TC015928,True,0.7472,CG15696,Homeodomain,HOMEO BOX HB9 LIKE A-RELATED,Homeodomain-like,,,
TC033641,True,0.9226,HLH3B,Helix-loop-helix DNA-binding domain,T-CELL ACUTE LYMPHOCYTIC LEUKEMIA/STEM CELL LEUKEMIA-RELATED,HLH, helix-loop-helix DNA-binding domain,,
TC002152,True,0.8797,TC002152,Helix-turn-helix domain (DUF4817),TRANSPOSABLE ELEMENT TC3 TRANSPOSASE-LIKE PROTEIN,Homeodomain-like,,,
TC002420,True,0.927,TC002420,Zinc finger, C2H2 type,ZINC FINGER AND BTB DOMAIN-CONTAINING,beta-beta-alpha zinc fingers,,
TC009458,True,0.591,Or47a,Domain of unknown function (DUF4802),N/A,N/A,,,
TC032748,True,0.9973,CHES-1-like,Forkhead domain,FORKHEAD BOX PROTEIN N3-LIKE PROTEIN-RELATED,"""Winged helix"" DNA-binding domain",,,
TC032292,True,0.9392,TC032292,Zinc finger, C2H2 type,ZINC FINGER PROTEIN,beta-beta-alpha zinc fingers,,
TC004054,True,0.7559,TC004054,Helix-turn-helix domain (DUF4817),TRANSPOSABLE ELEMENT TC3 TRANSPOSASE-LIKE PROTEIN,DNA/RNA polymerases,,,
TC005573,True,0.9973,CG32006,Forkhead domain,CHECKPOINT SUPPRESSOR 1-LIKE, ISOFORM A-RELATED,"""Winged helix"" DNA-binding domain",,
TC034489,True,0.9875,Xbp1,Basic region leucine zipper,X-BOX BINDING PROTEIN 1,Leucine zipper domain,,,
TC001442,True,0.9715,ken,BTB/POZ domain,B-CELL LYMPHOMA/LEUKEMIA 11,POZ domain,,,
TC004673,True,0.9789,erm,Zinc finger, C2H2 type,ZINC FINGER PROTEIN,beta-beta-alpha zinc fingers,,
TC002261,True,0.6623,dmrt93B,DMRTA motif,DOUBLESEX AND MAB-3 RELATED TRANSCRIPTION FACTOR  DMRT,UBA-like,,,
TC002897,True,0.9859,TC002897,Zinc-finger of C2H2 type,ZINC FINGER PROTEIN,beta-beta-alpha zinc fingers,,,
TC033194,True,0.8662,tj,bZIP Maf transcription factor,TRANSCRIPTION FACTOR MAF,PLP-dependent transferases,,,
TC030888,True,0.6646,TC030888,SH2 domain,HEAVYWEIGHT, ISOFORM A,SH2 domain,,
TC006339,True,0.9907,TC006339,Zinc finger, C2H2 type,TRANSCRIPTIONAL REPRESSOR CTCFL-RELATED,beta-beta-alpha zinc fingers,,
TC014650,True,0.9981,TC014650,HMG (high mobility group) box,SOX TRANSCRIPTION FACTOR,HMG-box,,,
TC031481,True,0.996,vri,Basic region leucine zipper,NUCLEAR FACTOR INTERLEUKIN-3-REGULATED PROTEIN,Leucine zipper domain,,,
TC012356,True,0.9919,mor,SWIRM-associated domain at the C-terminal,CHONDROITIN SULFATE PROTEOGLYCAN 5 -RELATED,Homeodomain-like,,,
TC006407,True,0.953,TC006407,Zinc finger, C2H2 type,KRUEPPEL-LIKE TRANSCRIPTION FACTOR,beta-beta-alpha zinc fingers,,
TC012851,True,0.896,hry,Hairy Orange,BASIC HELIX-LOOP-HELIX TRANSCRIPTION FACTOR, HES-RELATED,Orange domain-like,,
TC034517,True,0.6856,TC034517,N/A,N/A,N/A,,,
TC008064,True,0.9131,TC008064,Forkhead domain,FORKHEAD BOX PROTEIN G1,"""Winged helix"" DNA-binding domain",,,
TC003420,True,0.9172,DEF8,Rubicon Homology Domain,PLECKSTRIN HOMOLOGY DOMAIN CONTAINING PROTEIN,Cysteine-rich domain,,,
TC010512,True,0.7065,TC010512,Transposase,N/A,Homeodomain-like,,,
TC011137,True,0.9954,TC011137,Zinc finger, C2H2 type,BTB DOMAIN TRANSCRIPTION FACTOR,beta-beta-alpha zinc fingers,,
TC034013,True,0.7532,chico,PH domain,INSULIN RECEPTOR SUBSTRATE,PH domain-like,,,
TC010405,True,0.9871,TC010405,GATA zinc finger,TRANSCRIPTION FACTOR GATA FAMILY MEMBER,Glucocorticoid receptor-like (DNA-binding domain),,,
TC013073,True,0.9711,CG13287,Zinc finger, C2H2 type,AGAP007109-PA,beta-beta-alpha zinc fingers,,
TC000356,True,0.9902,CG31224,Zinc finger, C2H2 type,ZINC FINGER PROTEIN,beta-beta-alpha zinc fingers,,
TC010862,True,0.5782,TC010862,N/A,N/A,N/A,,,
TC010645,True,0.9074,Hr96,Double treble clef zinc finger, C4 type,NUCLEAR HORMONE RECEPTOR,Nuclear receptor ligand-binding domain,,
TC010692,True,0.9262,TC010692,Zinc knuckle,N/A,Retrovirus zinc finger-like domains,,,
TC005966,True,0.9965,TC005966,BTB/POZ domain,BTB DOMAIN TRANSCRIPTION FACTOR,beta-beta-alpha zinc fingers,,,
TC012748,True,0.9965,TC012748,Homeodomain,HOMEOBOX PROTEIN MSX,Homeodomain-like,,,
TC009621,True,0.7241,l(3)L1231,Potential DNA-binding domain,N/A,N/A,,,
TC005946,True,0.6884,TC005946,PH domain,SESQUIPEDALIAN,PH domain-like,,,
TC001633,True,0.8581,TC001633,Zinc-finger associated domain (zf-AD),ZINC FINGER PROTEIN,beta-beta-alpha zinc fingers,,,
TC007943,True,0.989,CG9609,Zinc finger, C2H2 type,ZINC FINGER PROTEIN 200,beta-beta-alpha zinc fingers,,
TC013367,True,0.8361,TC013367,Zinc finger, C2H2 type,PR DOMAIN ZINC FINGER PROTEIN,beta-beta-alpha zinc fingers,,
TC004466,True,0.7809,TC004466,Chromo (CHRromatin Organisation MOdifier) domain,CHROMOBOX PROTEIN,Chromo domain-like,,,
TC030971,True,0.8686,TC030971,Zinc finger, C2H2 type,ZINC FINGER PROTEIN,beta-beta-alpha zinc fingers,,
TC010947,True,0.6201,TC010947,Lectin C-type domain,MANNOSE, PHOSPHOLIPASE, LECTIN RECEPTOR RELATED,C-type lectin-like,
TC004912,True,0.9876,TC004912,HTH domain in Mos1 transposase,MARINER MOS1 TRANSPOSASE-LIKE PROTEIN,N/A,,,
TC015514,True,0.922,TC015514,N/A,ZINC FINGER PROTEIN,N/A,,,
TC033720,True,0.9321,Sox15,HMG (high mobility group) box,SOX TRANSCRIPTION FACTOR,HMG-box,,,
TC002210,True,0.609,TC002210,Myb/SANT-like DNA-binding domain,APONTIC,N/A,,,
TC031065,True,0.7781,CG32365,N/A,N/A,N/A,,,
TC032412,True,0.7703,TC032412,Integrin beta epidermal growth factor like domain 1,INTEGRIN BETA SUBUNIT,EGF/Laminin,,,
TC016172,True,0.5315,TC016172,N/A,N/A,ARM repeat,,,
TC002978,True,0.9645,scny,Ubiquitin carboxyl-terminal hydrolase,UBIQUITIN CARBOXYL-TERMINAL HYDROLASE,Cysteine proteinases,,,
TC034025,True,0.9092,Polr2K,DNA directed RNA polymerase, 7 kDa subunit,DNA-DIRECTED RNA POLYMERASES I, II, AND III,RNA polymerase subunits
TC013165,True,0.9973,Sox21b,HMG (high mobility group) box,SOX TRANSCRIPTION FACTOR,HMG-box,,,
TC030749,True,0.8895,lmd,C2H2 zinc finger,TRANSCRIPTIONAL ACTIVATOR CUBITUS INTERRUPTUS,beta-beta-alpha zinc fingers,,,
TC006347,True,0.9064,odd,Zinc finger, C2H2 type,ODD-SKIPPED - RELATED,beta-beta-alpha zinc fingers,,
TC011138,True,0.7097,mamo,Zinc finger, C2H2 type,ZINC FINGER PROTEIN,beta-beta-alpha zinc fingers,,
TC008993,True,0.536,mim,IRSp53/MIM homology domain,ACTIN BUNDLING/MISSING IN METASTASIS-RELATED,BAR/IMD domain-like,,,
TC002621,True,0.8352,TC002621,Zinc finger, C2H2 type,TRANSCRIPTIONAL REPRESSOR PROTEIN YY,beta-beta-alpha zinc fingers,,
TC009586,True,0.996,Nf-YC,Core histone H2A/H2B/H3/H4,HISTONE-LIKE TRANSCRIPTION FACTOR CCAAT-RELATED,Histone-fold,,,
TC013125,True,0.9695,TC013125,C2H2-type zinc-finger domain,ZINC FINGER PROTEIN,beta-beta-alpha zinc fingers,,,
TC005359,True,0.9044,nis,Domain of unknown function (DUF4795),GLUTAMINE-RICH PROTEIN 2,N/A,,,
TC015373,True,0.5927,TC015373,Apolipophorin-III precursor (apoLp-III),N/A,Apolipoprotein A-I,,,
TC013703,True,0.5392,Ing5,Inhibitor of growth proteins N-terminal histone-binding,INHIBITOR OF GROWTH PROTEIN,FYVE/PHD zinc finger,,,
TC034566,True,0.9978,CG4328,Homeodomain,LIM/HOMEOBOX PROTEIN LHX,Glucocorticoid receptor-like (DNA-binding domain),,,
TC013701,True,0.6975,Alh,PHD-finger,PHD FINGER PROTEINS,FYVE/PHD zinc finger,,,
TC013432,True,0.8928,MTF-1,Zinc finger, C2H2 type,ZINC FINGER PROTEIN,beta-beta-alpha zinc fingers,,
TC008455,True,0.5174,CG11380,N/A,N/A,N/A,,,
TC013875,True,0.6723,CG8569,Bromodomain,ZINC FINGER MYND DOMAIN-CONTAINING,Bromodomain,,,
TC009296,True,0.5619,TC009296,N/A,N/A,N/A,,,
TC032610,True,0.6042,TC032610,Calpain large subunit, domain III,CALPAIN,Cysteine proteinases,,
TC006888,True,0.995,ind,Homeodomain,PROTEIN ZERKNUELLT 1-RELATED,Homeodomain-like,,,
TC034116,True,0.9857,RunxA,Runt domain,RUNT RELATED,p53-like transcription factors,,,
TC006926,True,0.9271,TC006926,HTH domain in Mos1 transposase,MARINER MOS1 TRANSPOSASE-LIKE PROTEIN,N/A,,,
TC014732,True,0.9966,TC014732,C2H2-type zinc finger,ODD-SKIPPED - RELATED,beta-beta-alpha zinc fingers,,,
TC001312,True,0.7248,TC001312,N/A,N/A,N/A,,,
TC009536,True,0.6025,MrgBP,Chromatin modification-related protein EAF7,MRG-BINDING PROTEIN,N/A,,,
TC034747,True,0.7466,TC034747,N/A,N/A,N/A,,,
TC006152,True,0.9465,SCAR,N/A,WASP-1,N/A,,,
TC007679,True,0.8964,Cep164,WW domain,RH04127P,WW domain,,,
TC013166,True,0.9987,Sox21a,HMG (high mobility group) box,SOX TRANSCRIPTION FACTOR,HMG-box,,,
TC015197,True,0.5007,Sas-4,T-complex protein 10 C-terminus,T COMPLEX PROTEIN 10,N/A,,,
TC015874,True,0.5078,TC015874,C-terminus of histone H2A,HISTONE H2A,Histone-fold,,,
TC001760,True,0.8949,bnl,Fibroblast growth factor,FIBROBLAST GROWTH FACTOR,Cytokine,,,
TC031851,True,0.552,TC031851,N/A,N/A,N/A,,,
TC000925,True,0.9973,pb,Homeodomain,HOMEO BOX HB9 LIKE A-RELATED,Homeodomain-like,,,
TC001726,True,0.9973,TC001726,Homeodomain,SHORT STATURE HOMEOBOX,Homeodomain-like,,,
TC010919,True,0.9967,TC010919,Zinc-finger associated domain (zf-AD),TRANSCRIPTIONAL REPRESSOR CTCFL-RELATED,beta-beta-alpha zinc fingers,,,
TC032902,True,0.9331,TC032902,Zinc finger, C2H2 type,PR DOMAIN ZINC FINGER PROTEIN,beta-beta-alpha zinc fingers,,
TC001448,True,0.905,trh,PAS fold,HYPOXIA-INDUCIBLE FACTOR 1 ALPHA,PYP-like sensor domain (PAS domain),,,
TC014284,True,0.9782,TC014284,Zinc finger, C2H2 type,KRAB AND ZINC FINGER DOMAIN-CONTAINING,beta-beta-alpha zinc fingers,,
TC031935,True,0.6819,TC031935,N/A,DOMAIN-CONTAINING PROTEIN, PUTATIVE-RELATED,Retrovirus zinc finger-like domains,,
TC010415,True,0.9319,CG14655,Zinc-finger of C2H2 type,ZINC FINGER PROTEIN,beta-beta-alpha zinc fingers,,,
TC004501,True,0.648,CG42724,WW domain,TRANSCRIPTION ELONGATION REGULATOR 1,FF domain,,,
TC009535,True,0.9875,lolal,BTB/POZ domain,BTB DOMAIN TRANSCRIPTION FACTOR,POZ domain,,,
TC009558,True,0.7076,Daxx,Death domain-associated protein 6, histone binding domain,DEATH DOMAIN-ASSOCIATED PROTEIN 6 DAXX,N/A,,
TC008121,True,0.9814,mip130,LIN9 C-terminal,LIN-9,N/A,,,
TC010484,True,0.5004,TC010484,N/A,N/A,N/A,,,
TC033584,True,0.8976,CNBP,Zinc knuckle,DNA-BINDING PROTEIN,Retrovirus zinc finger-like domains,,,
TC000589,True,0.9024,fru,BTB/POZ domain,BTB DOMAIN TRANSCRIPTION FACTOR,beta-beta-alpha zinc fingers,,,
TC005071,True,0.9477,TC005071,Zinc finger, C3HC4 type (RING finger),RING-TYPE DOMAIN-CONTAINING PROTEIN,RING/U-box,,
TC002813,True,0.988,croc,Forkhead domain,FORKHEAD BOX PROTEIN,"""Winged helix"" DNA-binding domain",,,
TC031470,True,0.9838,TC031470,Zinc finger, C2H2 type,ZINC FINGER PROTEIN,beta-beta-alpha zinc fingers,,
TC012332,True,0.9971,slou,Homeodomain,HOMEOBOX PROTEIN NKX,Homeodomain-like,,,
TC007295,True,0.9123,Pits,Interferon regulatory factor 2-binding protein zinc finger,MYELIN TRANSCRIPTION FACTOR 1-RELATED,RING/U-box,,,
TC007725,True,0.9757,HLH4C,Helix-loop-helix DNA-binding domain,T-CELL ACUTE LYMPHOCYTIC LEUKEMIA/STEM CELL LEUKEMIA-RELATED,HLH, helix-loop-helix DNA-binding domain,,
TC015394,True,0.9563,bsh,Homeodomain,HOMEO BOX HB9 LIKE A-RELATED,Homeodomain-like,,,
TC002349,True,0.8868,HLH54F,Helix-loop-helix DNA-binding domain,BASIC HELIX-LOOP-HELIX TRANSCRIPTION FACTOR, TWIST,HLH, helix-loop-helix DNA-binding domain,
TC031254,True,0.9465,TC031254,PR domain zinc finger protein 2, PR domain,PR DOMAIN ZINC FINGER PROTEIN,beta-beta-alpha zinc fingers,,
TC003355,True,0.997,TC003355,Homeodomain,HOMEOBOX PROTEIN,Homeodomain-like,,,
TC001942,True,0.5595,DCTN2-p50,Dynamitin,DYNACTIN SUBUNIT,N/A,,,
TC031695,True,0.9862,sens-2,Zinc finger, C2H2 type,ZINC FINGER AND BTB DOMAIN-CONTAINING,beta-beta-alpha zinc fingers,,
TC004761,True,0.8926,fd102C,Forkhead domain,FORKHEAD BOX PROTEIN,"""Winged helix"" DNA-binding domain",,,
TC009220,True,0.9966,slbo,Basic region leucine zipper,CCAAT/ENHANCER BINDING PROTEIN,Leucine zipper domain,,,
TC005161,True,0.9945,CG31612,Zinc finger, C2H2 type,ZINC FINGER PROTEIN,beta-beta-alpha zinc fingers,,
TC010492,True,0.6313,TC010492,DDE superfamily endonuclease,N/A,N/A,,,
TC006222,True,0.9964,dimm,Helix-loop-helix DNA-binding domain,BASIC HELIX-LOOP-HELIX PROTEIN NEUROGENIN-RELATED,HLH, helix-loop-helix DNA-binding domain,,
TC011190,True,0.9466,TC011190,Zinc finger, C2H2 type,ZINC FINGER PROTEIN,beta-beta-alpha zinc fingers,,
TC007720,True,0.6265,TC007720,N/A,N/A,N/A,,,
TC009048,True,0.6324,TC009048,N/A,N/A,N/A,,,
TC012341,True,0.9123,TC012341,WH2 motif,P300 TRANSCRIPTIONAL COFACTOR JMY-RELATED,N/A,,,
TC002889,True,0.9937,CG18262,Zinc-finger associated domain (zf-AD),ZINC FINGER PROTEIN,beta-beta-alpha zinc fingers,,,
TC015348,True,0.6282,egl,Egalitarian winged helix domain,EGALITARIAN, ISOFORM B,Ribonuclease H-like,,
TC008498,True,0.7909,TC008498,DDE superfamily endonuclease,TRANSPOSABLE ELEMENT-RELATED,N/A,,,
TC014124,True,0.9629,cbt,Zinc finger, C2H2 type,KRUEPPEL-LIKE TRANSCRIPTION FACTOR,beta-beta-alpha zinc fingers,,
TC009461,True,0.9917,exex,Homeodomain,MOTOR NEURON AND PANCREAS HOMEOBOX PROTEIN,Homeodomain-like,,,
TC011542,True,0.7204,Asciz,N/A,ATM INTERACTOR,N/A,,,
TC030619,True,0.7397,mam,MamL-1 domain,N/A,N/A,,,
TC007783,True,0.6193,TC007783,N/A,N/A,N/A,,,
TC001496,True,0.5806,TC001496,N/A,N/A,N/A,,,
TC005724,True,0.9771,mip120,Tesmin/TSO1-like CXC domain, cysteine-rich domain,TESMIN/TSO1-RELATED,N/A,,
TC001801,True,0.6422,TC001801,N/A,N/A,N/A,,,
TC010778,True,0.9097,TC010778,bZIP transcription factor,AGAP001464-PB,Leucine zipper domain,,,
TC014105,True,0.7137,Fer1,Helix-loop-helix DNA-binding domain,BASIC HELIX-LOOP-HELIX TRANSCRIPTION FACTOR, TWIST,HLH, helix-loop-helix DNA-binding domain,
TC000926,True,0.9888,lab,Homeodomain,HOMEOBOX PROTEIN ROUGH-RELATED,Homeodomain-like,,,
TC014221,True,0.6898,TC014221,Uncharacterised protein family UPF0547,UPF0547 PROTEIN C16ORF87,N/A,,,
TC001543,True,0.6442,TC001543,APC repeat,ADENOMATOUS POLYPOSIS COLI PROTEIN FAMILY,N/A,,,
TC002340,True,0.9953,TC002340,C2H2-type zinc finger,IP01015P-RELATED,beta-beta-alpha zinc fingers,,,
TC005224,True,0.9689,dpn,Helix-loop-helix DNA-binding domain,BASIC HELIX-LOOP-HELIX TRANSCRIPTION FACTOR, HES-RELATED,HLH, helix-loop-helix DNA-binding domain,
TC009235,True,0.9685,topi,C2H2-type zinc finger,ZINC FINGER PROTEIN 142,beta-beta-alpha zinc fingers,,,
TC006840,True,0.9321,TC006840,Zinc finger, C2H2 type,ZINC FINGER PROTEIN ZIC AND GLI,beta-beta-alpha zinc fingers,,
TC008092,True,0.9935,TC008092,Zinc finger, C2H2 type,ZINC FINGER PROTEIN,beta-beta-alpha zinc fingers,,
TC004911,True,0.9963,bs,SRF-type transcription factor (DNA-binding and dimerisation domain),SERUM RESPONSE FACTOR HOMOLOG,SRF-like,,,
TC007409,True,0.9961,toy,Homeodomain,PAIRED BOX PROTEIN PAX-6-RELATED-RELATED,Homeodomain-like,,,
TC010699,True,0.9413,CG5516,Zinc knuckle,ZCCHC10 PROTEIN,Retrovirus zinc finger-like domains,,,
TC015884,True,0.9271,TC015884,HTH domain in Mos1 transposase,MARINER MOS1 TRANSPOSASE-LIKE PROTEIN,N/A,,,
TC033446,True,0.9967,TC033446,MH2 domain,SMAD,SMAD/FHA domain,,,
TC009782,True,0.8658,simj,Coiled-coil and interaction region of P66A and P66B with MBD2,TRANSCRIPTIONAL REPRESSOR P66-RELATED,N/A,,,
TC002540,True,0.9934,HDAC1,Histone deacetylase domain,HISTONE DEACETYLASE HDAC1-RELATED,Arginase/deacetylase,,,
TC001164,True,0.9951,CG34031,Homeodomain,HOMEO BOX HB9 LIKE A-RELATED,Homeodomain-like,,,
TC016405,True,0.7126,TC016405,N/A,N/A,N/A,,,
TC032832,True,0.9949,TC032832,Homeodomain,HOMEOBOX PROTEIN ARISTALESS,Homeodomain-like,,,
TC003908,True,0.8811,Met,Helix-loop-helix DNA-binding domain,CIRCADIAN PROTEIN CLOCK/ARNT/BMAL/PAS,PYP-like sensor domain (PAS domain),,,
TC011010,True,0.9966,TC011010,Zinc-finger associated domain (zf-AD),ZINC FINGER PROTEIN,beta-beta-alpha zinc fingers,,,
TC034629,True,0.9747,Pdp1,Basic region leucine zipper,THYROTROPH EMBRYONIC FACTOR RELATED,Leucine zipper domain,,,
TC008986,True,0.9371,CG1233,Zinc finger, C2H2 type,KRAB AND ZINC FINGER DOMAIN-CONTAINING,beta-beta-alpha zinc fingers,,
TC007456,True,0.992,TC007456,C2H2-type zinc finger,KRAB AND ZINC FINGER DOMAIN-CONTAINING,beta-beta-alpha zinc fingers,,,
TC007697,True,0.8849,TC007697,Rel homology dimerisation domain,NUCLEAR FACTOR NF-KAPPA-B PROTEIN,E set domains,,,
TC033102,True,0.7005,Hr83,Double treble clef zinc finger, C4 type,NUCLEAR HORMONE RECEPTOR,Glucocorticoid receptor-like (DNA-binding domain),,
TC005042,True,0.6066,TC005042,N/A,N/A,Homeodomain-like,,,
TC034733,True,0.9323,Dbx,Homeodomain,DBX,Homeodomain-like,,,
TC003600,True,0.639,TC003600,N/A,N/A,N/A,,,
TC010162,True,0.9718,Smox,MH2 domain,SMAD,SMAD MH1 domain,,,
TC010410,True,0.9757,TC010410,C2H2-type zinc finger,PR DOMAIN ZINC FINGER PROTEIN,beta-beta-alpha zinc fingers,,,
TC033809,True,0.5357,TC033809,N/A,N/A,N/A,,,
TC032651,True,0.9729,TC032651,Drought induced 19 protein (Di19), zinc-binding,ZINC FINGER PROTEIN ZIC AND GLI,beta-beta-alpha zinc fingers,,
TC014364,True,0.7118,Got1,Aminotransferase class I and II,ASPARTATE AMINOTRANSFERASE,PLP-dependent transferases,,,
TC031153,True,0.615,CG9795,N/A,N/A,N/A,,,
TC014730,True,0.5612,gcm,GCM motif protein,GLIAL CELLS MISSING RELATED/GLIDE,GCM domain,,,
TC011009,True,0.908,TC011009,Zinc-finger associated domain (zf-AD),ZINC FINGER PROTEIN,beta-beta-alpha zinc fingers,,,
TC009222,True,0.9788,TC009222,Zinc finger, C2H2 type,ZINC FINGER PROTEIN 200,beta-beta-alpha zinc fingers,,
TC007025,True,0.9052,TC007025,TNP-like, RNase H C-terminal domain,TRANSPOSABLE ELEMENT TC3 TRANSPOSASE-LIKE PROTEIN,Homeodomain-like,,
TC011745,True,0.9978,tin,Homeodomain,HOMEOBOX PROTEIN NKX,Homeodomain-like,,,
TC007194,True,0.9946,eyg,Homeodomain,PAIRED BOX PROTEIN PAX-6-RELATED-RELATED,Homeodomain-like,,,
TC005661,True,0.9832,OdsH,Homeodomain,HOMEOBOX PROTEIN UNC-4 HOMOLOG,Homeodomain-like,,,
TC016100,True,0.9451,TC016100,N/A,CCHC-TYPE DOMAIN-CONTAINING PROTEIN,N/A,,,
TC002803,True,0.9499,Kah,Zinc finger, C2H2 type,ZINC FINGER PROTEIN,beta-beta-alpha zinc fingers,,
TC004778,True,0.5328,CG43736,N/A,N/A,N/A,,,
TC015600,True,0.7474,TC015600,Zinc finger, C2H2 type,ZINC FINGER PROTEIN,beta-beta-alpha zinc fingers,,
TC030677,True,0.8517,Topors,Zinc finger, C3HC4 type (RING finger),E3 UBIQUITIN-PROTEIN LIGASE TOPORS,RING/U-box,,
TC000717,True,0.9713,TC000717,Transposase,TRANSPOSABLE ELEMENT-RELATED,Homeodomain-like,,,
TC003852,True,0.9973,Six4,Transcriptional regulator, SIX1, N-terminal SD domain,HOMEOBOX PROTEIN SIX,Homeodomain-like,
TC004980,True,0.934,prtp,Thioredoxin,PROTEIN DISULFIDE-ISOMERASE C17H9.14C-RELATED,Thioredoxin-like,,,
TC030468,True,0.9946,so,Transcriptional regulator, SIX1, N-terminal SD domain,HOMEOBOX PROTEIN SIX,Homeodomain-like,
TC032601,True,0.9565,CG13982,N/A,N/A,N/A,,,
TC007598,True,0.983,TC007598,Helix-loop-helix DNA-binding domain,BASIC HELIX-LOOP-HELIX PROTEIN NEUROGENIN-RELATED,HLH, helix-loop-helix DNA-binding domain,,
TC015900,True,0.9818,TC015900,Sgf11 (transcriptional regulation protein),ATAXIN-7-LIKE PROTEIN 3,N/A,,,
TC032496,True,0.9933,pan,N-terminal CTNNB1 binding,TRANSCRIPTION FACTOR 7 FAMILY MEMBER,HMG-box,,,
TC031386,True,0.9977,CrebA,bZIP transcription factor,CYCLIC AMP RESPONSE ELEMENT-BINDING PROTEIN A,Leucine zipper domain,,,
TC000920,True,0.9954,Dfd,Homeodomain,HOMEOTIC PROTEIN DEFORMED,Homeodomain-like,,,
TC015977,True,0.9269,maf-S,bZIP Maf transcription factor,TRANSCRIPTION FACTOR MAF,A DNA-binding domain in eukaryotic transcription factors,,,
TC015957,True,0.997,fd59A,Forkhead domain,FORKHEAD BOX PROTEIN,"""Winged helix"" DNA-binding domain",,,
TC014312,True,0.9956,ZIPIC,Zinc finger, C2H2 type,PR DOMAIN ZINC FINGER PROTEIN,beta-beta-alpha zinc fingers,,
TC010207,True,0.9274,CG13367,N/A,GATA ZINC FINGER DOMAIN-CONTAINING,N/A,,,
TC000041,True,0.8465,CG6700,SAC3/GANP family,80 KDA MCM3-ASSOCIATED PROTEIN,N/A,,,
TC007162,True,0.9719,rib,BTB/POZ domain,BTB DOMAIN TRANSCRIPTION FACTOR,POZ domain,,,
TC007925,True,0.807,Vps36,Vacuolar protein sorting protein 36 Vps36,VACUOLAR PROTEIN-SORTING-ASSOCIATED PROTEIN 36,"""Winged helix"" DNA-binding domain",,,
TC012593,True,0.6511,TC012593,3'5'-cyclic nucleotide phosphodiesterase,CYCLIC NUCLEOTIDE PHOSPHODIESTERASE,HD-domain/PDEase-like,,,
TC002961,True,0.9879,CTCF,Zinc finger, C2H2 type,ZINC FINGER PROTEIN ZIC AND GLI,beta-beta-alpha zinc fingers,,
TC003167,True,0.8094,hay,ERCC3/RAD25/XPB C-terminal helicase,RAD25/XP-B DNA REPAIR HELICASE,P-loop containing nucleoside triphosphate hydrolases,,,
TC030885,True,0.7111,TC030885,HMG (high mobility group) box,UPSTREAM BINDING TRANSCRIPTION FACTOR,HMG-box,,,
TC004598,True,0.9898,Hr78,Ligand-binding domain of nuclear hormone receptor,NUCLEAR HORMONE RECEPTOR,Glucocorticoid receptor-like (DNA-binding domain),,,
TC008695,True,0.5114,tara,SERTA motif,CELL DIVISION CYCLE ASSOCIATED PROTEIN 4/SERTA DOMAIN-CONTAINING PROTEIN 2,N/A,,,
TC004129,True,0.9145,onecut,Homeodomain,TRANSCRIPTION FACTOR ONECUT,lambda repressor-like DNA-binding domains,,,
TC014296,True,0.9953,TC014296,T-box,T-BOX PROTEIN-RELATED,p53-like transcription factors,,,
TC006040,True,0.9989,TC006040,TALE/MEIS homeobox family N-terminal domain,HOMEOBOX PROTEIN TRANSCRIPTION FACTORS,Homeodomain-like,,,
TC011804,True,0.5845,TC011804,Helix-loop-helix DNA-binding domain,BASIC HELIX-LOOP-HELIX TRANSCRIPTION FACTOR, HES-RELATED,HLH, helix-loop-helix DNA-binding domain,
TC008562,True,0.5025,TC008562,Integrase core domain,INTEGRASE CORE DOMAIN CONTAINING PROTEIN,Ribonuclease H-like,,,
TC032347,True,0.9396,tth,DPF1-3, N-terminal,JUXTAPOSED WITH ANOTHER ZINC FINGER PROTEIN 1,beta-beta-alpha zinc fingers,,
TC001722,True,0.9931,svp,Ligand-binding domain of nuclear hormone receptor,NUCLEAR HORMONE RECEPTOR,Glucocorticoid receptor-like (DNA-binding domain),,,
TC016383,True,0.9981,TC016383,CENP-B N-terminal DNA-binding domain,PROTEIN DISTAL ANTENNA,Homeodomain-like,,,
TC033276,True,0.9938,TC033276,C2H2-type zinc finger,ZNF44 PROTEIN,beta-beta-alpha zinc fingers,,,
TC005863,True,0.6362,TC005863,N/A,N/A,N/A,,,
TC010596,True,0.9955,pros,Homeo-prospero domain,HOMEOBOX PROTEIN PROSPERO/PROX-1/CEH-26,Homeodomain-like,,,
TC003771,True,0.7834,TC003771,N/A,N/A,N/A,,,
TC006162,True,0.6964,Mlf,Myelodysplasia-myeloid leukemia factor 1-interacting protein,MYELOID LEUKEMIA FACTOR,N/A,,,
TC003170,True,0.9982,amos,Helix-loop-helix DNA-binding domain,BASIC HELIX-LOOP-HELIX PROTEIN NEUROGENIN-RELATED,HLH, helix-loop-helix DNA-binding domain,,
TC010306,True,0.8255,TC010306,Siah interacting protein, N terminal,CALICYLIN BINDING PROTEIN,Calcyclin-binding protein-like,,
TC005077,True,0.9111,TC005077,N/A,N/A,N/A,,,
TC015976,True,0.5099,Hrs,FYVE zinc finger,HEPATOCYTE GROWTH FACTOR-REGULATED TYROSINE KINASE SUBSTRATE,ENTH/VHS domain,,,
TC031290,True,0.804,TC031290,N/A,N/A,N/A,,,
TC007492,True,0.9484,gt,Basic region leucine zipper,THYROTROPH EMBRYONIC FACTOR RELATED,Leucine zipper domain,,,
TC005671,True,0.7502,TC005671,N/A,N/A,N/A,,,
TC003954,True,0.9866,TC003954,Zinc-finger double domain,KRAB AND ZINC FINGER DOMAIN-CONTAINING,beta-beta-alpha zinc fingers,,,
TC007335,True,0.9979,CG32532,Homeodomain,HOMEOBOX PROTEIN ARISTALESS,Homeodomain-like,,,
TC003413,True,0.9808,eg,Double treble clef zinc finger, C4 type,KNIRPS-RELATED PROTEIN-RELATED,Glucocorticoid receptor-like (DNA-binding domain),,
TC015577,True,0.9933,pho,Zinc finger, C2H2 type,TRANSCRIPTIONAL REPRESSOR PROTEIN YY,beta-beta-alpha zinc fingers,,
TC031811,True,0.7911,Cpr50Cb,Insect cuticle protein,STRUCTURAL CONTITUENT OF CUTICLE,N/A,,,
TC000822,True,0.9943,TC000822,Zinc finger, C2H2 type,KRUEPPEL-LIKE TRANSCRIPTION FACTOR,beta-beta-alpha zinc fingers,,
TC033326,True,0.766,TC033326,C2H2-type zinc-finger domain,ZINC FINGER PROTEIN,beta-beta-alpha zinc fingers,,,
TC013698,True,0.9868,TC013698,Zinc finger, C2H2 type,KRAB AND ZINC FINGER DOMAIN-CONTAINING,Glucocorticoid receptor-like (DNA-binding domain),,
TC032451,True,0.9992,mirr,Homeobox KN domain,IROQUOIS-CLASS HOMEODOMAIN PROTEIN IRX,Homeodomain-like,,,
TC010848,True,0.5215,Med,MH1 domain,SMAD,SMAD MH1 domain,,,
TC009249,True,0.5804,CG18004,INO80 complex subunit E,INO80 COMPLEX SUBUNIT E,N/A,,,
TC013871,True,0.9828,TC013871,Zinc finger, C2H2 type,KRAB AND ZINC FINGER DOMAIN-CONTAINING,beta-beta-alpha zinc fingers,,
TC010234,True,0.9963,opa,C2H2 zinc finger,TRANSCRIPTIONAL ACTIVATOR CUBITUS INTERRUPTUS,beta-beta-alpha zinc fingers,,,
TC014940,True,0.8744,TC014940,N/A,N/A,N/A,,,
TC007984,True,0.5589,CG3224,Zinc-finger double-stranded RNA-binding,ZINC FINGER PROTEIN 593,beta-beta-alpha zinc fingers,,,
TC014712,True,0.9869,Oli,Helix-loop-helix DNA-binding domain,BASIC HELIX-LOOP-HELIX PROTEIN NEUROGENIN-RELATED,HLH, helix-loop-helix DNA-binding domain,,
TC007176,True,0.6579,CG6769,C2H2 type zinc-finger (2 copies),ZINC FINGER PROTEIN 622,beta-beta-alpha zinc fingers,,,
TC006198,True,0.7184,MED30,Mediator complex subunit 30,MEDIATOR OF RNA POLYMERASE II TRANSCRIPTION SUBUNIT 30,N/A,,,
TC032076,True,0.645,TC032076,L27_1,N/A,L27 domain,,,
TC000364,True,0.7302,TC000364,N/A,N/A,N/A,,,
TC014742,True,0.6257,lin-28,'Cold-shock' DNA-binding domain,PROTEIN LIN-28,Nucleic acid-binding proteins,,,
TC005474,True,0.6496,TC005474,Zinc finger, C2H2 type,BTB DOMAIN TRANSCRIPTION FACTOR,beta-beta-alpha zinc fingers,,
TC033042,True,0.9872,chinmo,Helix-loop-helix DNA-binding domain,BTB DOMAIN TRANSCRIPTION FACTOR,HLH, helix-loop-helix DNA-binding domain,,
TC007718,True,0.8172,bon,Bromodomain,TRANSCRIPTION INTERMEDIARY FACTOR,RING/U-box,,,
TC013380,True,0.9824,CG6654,C2H2-type zinc finger,KRAB AND ZINC FINGER DOMAIN-CONTAINING,beta-beta-alpha zinc fingers,,,
TC007565,True,0.7492,Cka,WD domain, G-beta repeat,STRIATIN,WD40 repeat-like,,
TC014167,True,0.5744,BORCS6,BLOC-1-related complex sub-unit 6 C-terminal helix,BLOC-1 RELATED COMPLEX SUBUNIT 6,N/A,,,
TC006976,True,0.7198,TC006976,Microtubule associated protein 10, N-terminal domain,MICROTUBULE-ASSOCIATED PROTEIN 10,N/A,,
TC013553,True,0.9696,hb,Zinc finger, C2H2 type,ZINC FINGER PROTEIN,beta-beta-alpha zinc fingers,,
TC001576,True,0.9528,TC001576,Helix-loop-helix DNA-binding domain,BASIC HELIX-LOOP-HELIX PROTEIN NEUROGENIN-RELATED,HLH, helix-loop-helix DNA-binding domain,,
TC006883,True,0.9601,TC006883,Helix-turn-helix domain (DUF4817),TRANSPOSABLE ELEMENT TC3 TRANSPOSASE-LIKE PROTEIN,N/A,,,
TC003120,True,0.569,TC003120,N/A,N/A,N/A,,,
TC004467,True,0.9766,CG42726,Zinc finger, C2H2 type,ZINC FINGER PROTEIN,beta-beta-alpha zinc fingers,,
TC033536,True,0.9842,tup,LIM domain,INSULIN GENE ENHANCER PROTEIN,Homeodomain-like,,,
TC006055,True,0.6018,TBPH,RNA recognition motif,RNA-BINDING (RRM/RBD/RNP MOTIFS) FAMILY PROTEIN,RNA-binding domain, RBD,,
TC000114,True,0.9862,TC000114,Zinc finger, C2H2 type,ZINC FINGER AND BTB DOMAIN-CONTAINING,beta-beta-alpha zinc fingers,,
TC034613,True,0.9884,TC034613,Zinc finger, C2H2 type,KRUEPPEL-LIKE TRANSCRIPTION FACTOR,beta-beta-alpha zinc fingers,,
TC000477,True,0.8715,CG1785,Nop53 (60S ribosomal biogenesis),GLIOMA SUPPRESSOR CANDIDATE REGION GENE 2,N/A,,,
TC012565,True,0.999,gl,Zinc finger, C2H2 type,KRUEPPEL-LIKE TRANSCRIPTION FACTOR,beta-beta-alpha zinc fingers,,
TC034431,True,0.9787,Cox10,UbiA prenyltransferase family,PROTOHEME IX FARNESYLTRANSFERASE, MITOCHONDRIAL,Homeodomain-like,,
TC033791,True,0.7025,TC033791,E3 ubiquitin-protein ligase sina/sinah, RING finger,E3 UBIQUITIN-PROTEIN LIGASE SIAH2,TRAF domain-like,,
TC013727,True,0.5275,Phb1,SPFH domain / Band 7 family,PROHIBITIN,Band 7/SPFH domain,,,
TC014373,True,0.99,Prdm13,Zinc finger, C2H2 type,PR DOMAIN ZINC FINGER PROTEIN,beta-beta-alpha zinc fingers,,
TC012723,True,0.8358,CG12104,HMG (high mobility group) box,AGAP000281-PA,HMG-box,,,
TC032325,True,0.7134,TC032325,Domain of unknown function (DUF4806),SI:CH211-262H13.3-RELATED-RELATED,N/A,,,
TC006824,True,0.9123,pdm3,Homeodomain,POU DOMAIN,lambda repressor-like DNA-binding domains,,,
TC012580,True,0.5668,TC012580,Caspase domain,CASPASE RECRUITMENT DOMAIN-CONTAINING PROTEIN 18,Caspase-like,,,
TC001789,True,0.5218,TC001789,Retrotransposon gag protein,CCHC-TYPE DOMAIN-CONTAINING PROTEIN,Retrovirus zinc finger-like domains,,,
TC010406,True,0.962,TC010406,GATA zinc finger,TRANSCRIPTION FACTOR GATA FAMILY MEMBER,Glucocorticoid receptor-like (DNA-binding domain),,,
TC013686,True,0.592,l(2)gd1,C2 domain,COILED-COIL AND C2 DOMAIN-CONTAINING PROTEIN 1-LIKE,C2 domain (Calcium/lipid-binding domain, CaLB),,
TC014185,True,0.7177,fd96Ca,Forkhead domain,FORKHEAD BOX PROTEIN,"""Winged helix"" DNA-binding domain",,,
TC016088,True,0.9569,TC016088,Helix-turn-helix domain,TRANSPOSABLE ELEMENT-RELATED,Homeodomain-like,,,
TC003210,True,0.6914,CG44774,Protein Family FAM60A,SIN3-HDAC COMPLEX-ASSOCIATED FACTOR,N/A,,,
TC034122,True,0.5127,TC034122,Zinc finger, C2H2 type,ZINC FINGER PROTEIN,beta-beta-alpha zinc fingers,,
TC007336,True,0.9969,CoRest,Myb-like DNA-binding domain,REST COREPRESSOR  COREST  PROTEIN-RELATED,Homeodomain-like,,,
TC013870,True,0.6319,TfIIEalpha,C-terminal general transcription factor TFIIE alpha,TRANSCRIPTION INITIATION FACTOR IIE, ALPHA SUBUNIT,Zinc beta-ribbon,,
TC005199,True,0.7658,TC005199,Retrotransposon gag protein,CCHC-TYPE DOMAIN-CONTAINING PROTEIN,Retrovirus zinc finger-like domains,,,
TC002783,True,0.987,klu,Zinc finger, C2H2 type,PR DOMAIN ZINC FINGER PROTEIN,beta-beta-alpha zinc fingers,,
TC009718,True,0.9557,red,LysM domain,LYSM AND PUTATIVE PEPTIDOGLYCAN-BINDING DOMAIN-CONTAINING PROTEIN,LysM domain,,,
TC016055,True,0.7695,TC016055,Zinc finger, C2H2 type,TRANSCRIPTIONAL REPRESSOR PROTEIN YY,beta-beta-alpha zinc fingers,,
TC002375,True,0.5415,Ankrd11,N/A,ANKYRIN REPEAT DOMAIN-CONTAINING PROTEIN 12,N/A,,,
TC009964,True,0.803,CG4619,N/A,MEDIATOR OF RNA POLYMERASE II TRANSCRIPTION, SUBUNIT 9,N/A,,
TC013689,True,0.9369,TC013689,Zinc-finger of C2H2 type,FRIEND OF GATA2-RELATED,beta-beta-alpha zinc fingers,,,
TC007709,True,0.9152,Capr,Caprin-1 dimerization domain,GPI-ANCHORED PROTEIN P137,N/A,,,
TC015515,True,0.957,TC015515,Zinc finger, C2H2 type,ZINC FINGER PROTEIN,beta-beta-alpha zinc fingers,,
TC002315,True,0.9861,grn,GATA zinc finger,TRANSCRIPTION FACTOR GATA FAMILY MEMBER,Glucocorticoid receptor-like (DNA-binding domain),,,
TC010738,True,0.706,TC010738,RNase H-like domain found in reverse transcriptase,PROTEIN CBG26694,DNA/RNA polymerases,,,
TC009784,True,0.5823,Rpn13R,Proteasome complex subunit Rpn13, Pru domain,ADHESION REGULATING MOLECULE 1  110 KDA CELL MEMBRANE GLYCOPROTEIN,N/A,,
TC005609,True,0.7167,TC005609,Cyclin, C-terminal domain,CYCLINS,Cyclin-like,,
TC005051,True,0.9701,TC005051,Helix-turn-helix domain (DUF4817),TRANSPOSABLE ELEMENT TC3 TRANSPOSASE-LIKE PROTEIN,N/A,,,
TC034237,True,0.5716,TC034237,N/A,N/A,N/A,,,
TC013163,True,0.9997,D,HMG (high mobility group) box,SOX TRANSCRIPTION FACTOR,HMG-box,,,
TC005102,True,0.9866,TC005102,Zinc finger, C2H2 type,ZINC FINGER PROTEIN 142,beta-beta-alpha zinc fingers,,
TC011697,True,0.9823,Sp1,Zinc finger, C2H2 type,KRUEPPEL-LIKE TRANSCRIPTION FACTOR,beta-beta-alpha zinc fingers,,
TC010471,True,0.9784,TC010471,Helix-loop-helix DNA-binding domain,BASIC HELIX-LOOP-HELIX ZIP TRANSCRIPTION FACTOR,HLH, helix-loop-helix DNA-binding domain,,
TC007937,True,0.937,Usf,Helix-loop-helix DNA-binding domain,FI24210P1,HLH, helix-loop-helix DNA-binding domain,,
TC011991,True,0.8726,chif,DBF zinc finger,N/A,N/A,,,
TC009743,True,0.7224,da,Helix-loop-helix DNA-binding domain,BASIC HELIX-LOOP-HELIX TRANSCRIPTION FACTOR,HLH, helix-loop-helix DNA-binding domain,,
TC005579,True,0.9523,net,Helix-loop-helix DNA-binding domain,BASIC HELIX-LOOP-HELIX PROTEIN NEUROGENIN-RELATED,HLH, helix-loop-helix DNA-binding domain,,
TC011382,True,0.8969,Cdc5,Myb-like DNA-binding domain,CELL DIVISION CYCLE 5-LIKE PROTEIN,Homeodomain-like,,,
TC011539,True,0.9954,CG11294,Homeodomain,HOMEOBOX PROTEIN ARISTALESS,Homeodomain-like,,,
TC031040,True,0.9976,ara,Homeobox KN domain,IROQUOIS-CLASS HOMEODOMAIN PROTEIN IRX,Homeodomain-like,,,
TC013021,True,0.9778,CG11617,Homeobox KN domain,IROQUOIS-CLASS HOMEODOMAIN PROTEIN IRX,Homeodomain-like,,,
TC012074,True,0.7316,numb,NUMB domain,NUMB,PH domain-like,,,
TC010850,True,0.9982,Mef2,Holliday junction regulator protein family C-terminal repeat,MADS BOX PROTEIN,SRF-like,,,
TC013530,True,0.6386,TC013530,HSF-type DNA-binding,HEAT SHOCK TRANSCRIPTION FACTOR,"""Winged helix"" DNA-binding domain",,,
TC006788,True,0.9999,TC006788,Homeodomain,PAIRED BOX PROTEIN PAX-6-RELATED-RELATED,Homeodomain-like,,,
TC031970,True,0.5101,TC031970,N/A,PROTEIN CBG26694,N/A,,,
TC012532,True,0.999,jumu,Forkhead domain,FORKHEAD BOX PROTEIN N1,"""Winged helix"" DNA-binding domain",,,
TC012802,True,0.5162,CG31156,Helix-hairpin-helix motif,30S RIBOSOMAL PROTEIN S1,Ribonuclease H-like,,,
TC031105,True,0.7693,Cep135,N/A,CENTROSOMAL PROTEIN CEP135,Myosin rod fragments,,,
TC004928,True,0.9823,Aef1,Zinc finger, C2H2 type,KRUEPPEL-LIKE TRANSCRIPTION FACTOR,beta-beta-alpha zinc fingers,,
TC006711,True,0.6834,TC006711,N/A,N/A,N/A,,,
TC033960,True,0.9985,CG42741,Zinc finger, C2H2 type,KRUEPPEL-LIKE TRANSCRIPTION FACTOR,beta-beta-alpha zinc fingers,,
TC001984,True,0.9503,TC001984,HTH domain in Mos1 transposase,MARINER MOS1 TRANSPOSASE-LIKE PROTEIN,N/A,,,
TC014168,True,0.7059,Slip1,PDZ domain,PDZ DOMAIN CONTAINING RING FINGER PROTEIN 3,4,PDZ domain-like,,
TC034962,True,0.6521,TC034962,N/A,N/A,N/A,,,
TC032769,True,0.9966,cad,Homeodomain,HOMEOBOX PROTEIN CDX,Homeodomain-like,,,
TC000575,True,0.9705,CG31365,Zinc-finger associated domain (zf-AD),PR DOMAIN ZINC FINGER PROTEIN,Glucocorticoid receptor-like (DNA-binding domain),,,
TC002926,True,0.9683,twy,Fas-binding factor 1,FAS-BINDING FACTOR 1,N/A,,,
TC001948,True,0.9901,TC001948,Winged helix-turn-helix DNA-binding,TRANSPOSABLE ELEMENT TC3 TRANSPOSASE-LIKE PROTEIN,N/A,,,
TC015256,True,0.9295,TC015256,Zinc finger, C2H2 type,ZINC FINGER PROTEIN,beta-beta-alpha zinc fingers,,
TC006630,True,0.9262,Opbp,Zinc finger, C2H2 type,ZINC FINGER PROTEIN,beta-beta-alpha zinc fingers,,
TC009469,True,0.9964,eve,Homeodomain,SEGMENTATION PROTEIN EVEN-SKIPPED,Homeodomain-like,,,
TC034531,True,0.9908,grh,CP2 transcription factor,TRANSCRIPTION FACTOR CP2,N/A,,,
TC003191,True,0.9992,TC003191,Ets-domain,ETS,"""Winged helix"" DNA-binding domain",,,
TC009519,True,0.94,HnRNP-K,KH domain,KH DOMAIN CONTAINING RNA BINDING PROTEIN,Eukaryotic type KH-domain (KH-domain type I),,,
TC032209,True,0.9913,TC032209,Groucho/TLE N-terminal Q-rich domain,TRANSDUCIN-LIKE ENHANCER PROTEIN,WD40 repeat-like,,,
TC009211,True,0.6779,Irbp18,Basic region leucine zipper,CCAAT/ENHANCER BINDING PROTEIN,Leucine zipper domain,,,
TC010428,True,0.7644,Top1,C-terminal topoisomerase domain,DNA TOPOISOMERASE I,DNA breaking-rejoining enzymes,,,
TC032188,True,0.9175,TC032188,Zinc finger, C2H2 type,ZINC FINGER PROTEIN 532-RELATED,beta-beta-alpha zinc fingers,,
TC010613,True,0.5111,CG10324,G-patch domain,G PATCH AND KOW-CONTAINING,N/A,,,
TC033413,True,0.6796,Cnot4,RING/Ubox like zinc-binding domain,CCR4-NOT TRANSCRIPTION COMPLEX RELATED,RING/U-box,,,
TC000916,True,0.994,TC000916,Homeodomain,HOMEOBOX PROTEIN HOX,Homeodomain-like,,,
TC000275,True,0.9933,REPTOR,N/A,ADULT RETINA PROTEIN,N/A,,,
TC003349,True,0.8867,psq,BTB/POZ domain,BTB DOMAIN TRANSCRIPTION FACTOR,POZ domain,,,
TC010082,True,0.9894,TC010082,Transposase,N/A,Homeodomain-like,,,
TC014899,True,0.5257,TC014899,Zinc finger, C2H2 type,ZINC FINGER PROTEIN 200,beta-beta-alpha zinc fingers,,
TC033736,True,0.6334,TC033736,CSL zinc finger,DPH3 HOMOLOG-RELATED,CSL zinc finger,,,
TC002687,True,0.8875,TC002687,Helix-turn-helix domain,TRANSPOSABLE ELEMENT-RELATED,Homeodomain-like,,,
TC031265,True,0.9675,TC031265,N/A,N/A,N/A,,,
TC034170,True,0.8792,CG30259,Sperm tail,NYD-SP28 PROTEIN,N/A,,,
TC032663,True,0.7964,TC032663,CTP synthase N-terminus,CTP SYNTHASE,P-loop containing nucleoside triphosphate hydrolases,,,
TC031382,True,0.9328,TC031382,Zinc-finger of C2H2 type,FI01434P-RELATED,Glucocorticoid receptor-like (DNA-binding domain),,,
TC008952,True,0.9961,en,Homeodomain,HOMEOBOX PROTEIN ENGRAILED,Homeodomain-like,,,
TC007692,True,0.9206,Dsp1,HMG (high mobility group) box,HIGH MOBILITY GROUP PROTEIN DSP1,HMG-box,,,
TC007831,True,0.9785,aop,Sterile alpha motif (SAM)/Pointed domain,ETS,SAM/Pointed domain,,,
TC007651,True,0.6334,Sfmbt,Zinc finger, FCS-type,POLYCOMB GROUP PROTEIN,Tudor/PWWP/MBT,,
TC031157,True,0.9935,Hr38,Ligand-binding domain of nuclear hormone receptor,NUCLEAR HORMONE RECEPTOR,Nuclear receptor ligand-binding domain,,,
TC007020,True,0.9938,CG12253,DDE superfamily endonuclease,N/A,N/A,,,
TC006419,True,0.9755,CG10348,Zinc finger, C2H2 type,ZINC FINGER PROTEIN ZIC AND GLI,beta-beta-alpha zinc fingers,,
TC010534,True,0.7395,TC010534,Phosphotyrosine interaction domain (PTB/PID),PHOSPHOTYROSINE INTERACTION DOMAIN-CONTAINING FAMILY MEMBER,PH domain-like,,,
TC015473,True,0.9815,TC015473,Zinc finger, C2H2 type,KRUEPPEL-LIKE TRANSCRIPTION FACTOR,beta-beta-alpha zinc fingers,,
TC008444,True,0.9994,TC008444,Zinc-finger associated domain (zf-AD),TRANSCRIPTIONAL REPRESSOR CTCFL-RELATED,beta-beta-alpha zinc fingers,,,
TC032605,True,0.9611,zf30C,Zinc finger, C2H2 type,KRAB AND ZINC FINGER DOMAIN-CONTAINING,beta-beta-alpha zinc fingers,,
TC011674,True,0.6634,TC011674,Zinc-finger associated domain (zf-AD),ZINC FINGER PROTEIN,Glucocorticoid receptor-like (DNA-binding domain),,,
TC015629,True,0.6891,TC015629,C2H2-type zinc-finger domain,ZINC FINGER PROTEIN,beta-beta-alpha zinc fingers,,,
TC014474,True,0.9916,esg,Zinc finger, C2H2 type,ZINC FINGER PROTEIN,beta-beta-alpha zinc fingers,,
TC014950,True,0.7062,Rev1,impB/mucB/samB family C-terminal domain,DNA REPAIR PROTEIN REV1,BRCT domain,,,
TC030596,True,0.7181,CG32409,Ribosome biogenesis regulatory protein (RRS1),RIBOSOME BIOGENESIS REGULATORY PROTEIN,N/A,,,
TC006757,True,0.9846,TC006757,C2H2-type zinc finger,KRAB AND ZINC FINGER DOMAIN-CONTAINING,beta-beta-alpha zinc fingers,,,
TC030769,True,0.747,CG7556,DnaJ domain,DNAJ HOMOLOG SUBFAMILY C MEMBER 1,Homeodomain-like,,,
TC012951,True,0.9932,TC012951,Retrotransposon gag protein,N/A,Homeodomain-like,,,
TC007929,True,0.7357,TC007929,Zinc finger, C3HC4 type (RING finger),RING FINGER PROTEIN 141-RELATED,RING/U-box,,
TC001270,True,0.9396,kn,IPT/TIG domain,TRANSCRIPTION FACTOR COE FAMILY MEMBER,E set domains,,,
TC015411,True,0.9637,TC015411,Zinc finger, C2H2 type,PR DOMAIN ZINC FINGER PROTEIN,beta-beta-alpha zinc fingers,,
TC003817,True,0.997,Taf7,TAFII55 protein conserved region,TRANSCRIPTION INITIATION FACTOR TFIID 55 KD SUBUNIT-RELATED,N/A,,,
TC012346,True,0.9932,Doc1,T-box,T-BOX PROTEIN-RELATED,p53-like transcription factors,,,
TC007652,True,0.9083,crp,Helix-loop-helix DNA-binding domain,BASIC HELIX-LOOP-HELIX ZIP TRANSCRIPTION FACTOR,HLH, helix-loop-helix DNA-binding domain,,
TC013033,True,0.5524,Taf6,TAF6 C-terminal HEAT repeat domain,TRANSCRIPTION INITIATION FACTOR TFIID SUBUNIT 6,ARM repeat,,,
TC007134,True,0.9029,TC007134,N/A,N/A,Homeodomain-like,,,
TC008062,True,0.978,TC008062,Forkhead domain,FORKHEAD BOX PROTEIN G1,"""Winged helix"" DNA-binding domain",,,
TC008435,True,0.865,TC008435,N/A,N/A,N/A,,,
TC034050,True,0.9791,lz,Runt domain,RUNT RELATED,p53-like transcription factors,,,
TC001291,True,0.9993,Lmx1a,LIM domain,LIM/HOMEOBOX PROTEIN LHX,Glucocorticoid receptor-like (DNA-binding domain),,,
TC011599,True,0.7963,TC011599,Transposase,TRANSPOSABLE ELEMENT-RELATED,Homeodomain-like,,,
TC013309,True,0.9991,repo,Homeodomain,HOMEOBOX PROTEIN ARISTALESS,Homeodomain-like,,,
TC000931,True,0.9997,His2Av,Core histone H2A/H2B/H3/H4,HISTONE H2A,Histone-fold,,,
TC015126,True,0.9971,CG8924,BTB/POZ domain,BTB DOMAIN TRANSCRIPTION FACTOR,POZ domain,,,
TC006474,True,0.7062,tkv,Protein kinase domain,TRANSFORMING GROWTH FACTOR-BETA RECEPTOR TYPE I AND II,Snake toxin-like,,,
TC008670,True,0.9948,CG10336,Replication Fork Protection Component Swi3,TIMELESS INTERACTING-RELATED,N/A,,,
TC009434,True,0.6269,TC009434,Zinc finger protein 462, C2H2 zinc finger,ZINC FINGER PROTEIN,beta-beta-alpha zinc fingers,,
TC000056,True,0.999,crc,bZIP transcription factor,ACTIVATING TRANSCRIPTION FACTOR  ATF  4/5,Leucine zipper domain,,,
TC000527,True,0.9926,CG9876,Homeodomain,HOMEOBOX PROTEIN ARISTALESS,Homeodomain-like,,,
TC015846,True,0.8222,TC015846,N/A,N/A,N/A,,,
TC014246,True,0.9946,TC014246,Zinc-finger associated domain (zf-AD),ZINC FINGER PROTEIN,beta-beta-alpha zinc fingers,,,
TC013947,True,0.6077,Vta1,Vta1 like,VACUOLAR PROTEIN SORTING-ASSOCIATED PROTEIN VTA1 HOMOLOG,N/A,,,
TC011576,True,0.7989,TC011576,Helix-turn-helix domain (DUF4817),TRANSPOSABLE ELEMENT TC3 TRANSPOSASE-LIKE PROTEIN,N/A,,,
TC014441,True,0.888,TC014441,Zinc finger protein 462, first C2H2 zinc finger,N/A,Glucocorticoid receptor-like (DNA-binding domain),,
TC034632,True,0.7498,TC034632,N/A,N/A,N/A,,,
TC003162,True,0.7209,TC003162,N/A,N/A,N/A,,,
TC030881,True,0.9246,TC030881,N/A,N/A,N/A,,,
TC000880,True,0.9602,tna,MIZ/SP-RING zinc finger,ZINC FINGER MIZ DOMAIN-CONTAINING PROTEIN,N/A,,,
TC002765,True,0.7901,TC002765,N/A,TRANSPOSABLE ELEMENT TC3 TRANSPOSASE-LIKE PROTEIN,N/A,,,
TC006801,True,0.7671,CG16972,N/A,N/A,WD40 repeat-like,,,
TC008936,True,0.9834,Sox14,HMG (high mobility group) box,SOX TRANSCRIPTION FACTOR,HMG-box,,,
TC008501,True,0.5165,TC008501,'Paired box' domain,N/A,Homeodomain-like,,,
TC014027,True,0.9974,usp,Ligand-binding domain of nuclear hormone receptor,NUCLEAR HORMONE RECEPTOR,Nuclear receptor ligand-binding domain,,,
TC033984,True,0.6763,tay,Autism susceptibility gene 2 protein,FIBROSIN FAMILY MEMBER,N/A,,,
TC032304,True,0.9974,cato,Helix-loop-helix DNA-binding domain,BASIC HELIX-LOOP-HELIX PROTEIN NEUROGENIN-RELATED,HLH, helix-loop-helix DNA-binding domain,,
TC034793,True,0.6047,TC034793,N/A,N/A,N/A,,,
TC012995,True,0.9967,TC012995,C2H2-type zinc finger,KRAB AND ZINC FINGER DOMAIN-CONTAINING,beta-beta-alpha zinc fingers,,,
TC008534,True,0.9859,CrebB,bZIP transcription factor,CYCLIC AMP RESPONSE ELEMENT-BINDING PROTEIN B,Leucine zipper domain,,,
TC032662,True,0.9478,ap,LIM domain,INSULIN GENE ENHANCER PROTEIN,Glucocorticoid receptor-like (DNA-binding domain),,,
TC033532,True,0.9969,lms,Homeodomain,HOMEOBOX PROTEIN EMX-RELATED,Homeodomain-like,,,
TC001775,True,0.9905,NfI,Nuclear factor I protein pre-N-terminus,NUCLEAR FACTOR I,N/A,,,
TC032561,True,0.947,TC032561,Zinc finger, C2H2 type,ZINC FINGER PROTEIN,beta-beta-alpha zinc fingers,,
TC007815,True,0.9443,CG3407,Zinc finger, C2H2 type,ZINC FINGER PROTEIN,beta-beta-alpha zinc fingers,,
TC014452,True,0.802,TC014452,Zinc finger, C3HC4 type (RING finger),E3 UBIQUITIN-PROTEIN LIGASE MIB2,Ankyrin repeat,,
TC008991,True,0.846,TC008991,TBPIP/Hop2 winged helix domain,TBP-1 INTERACTING PROTEIN,"""Winged helix"" DNA-binding domain",,,
TC007594,True,0.9688,TC007594,Helix-loop-helix DNA-binding domain,BASIC HELIX-LOOP-HELIX PROTEIN NEUROGENIN-RELATED,HLH, helix-loop-helix DNA-binding domain,,
TC010407,True,0.9927,pnr,GATA zinc finger,TRANSCRIPTION FACTOR GATA FAMILY MEMBER,Glucocorticoid receptor-like (DNA-binding domain),,,
TC016394,True,0.9898,scrt,Zinc finger, C2H2 type,ZINC FINGER PROTEIN,beta-beta-alpha zinc fingers,,
TC014726,True,0.9935,TC014726,Zinc-finger associated domain (zf-AD),KRUEPPEL-LIKE TRANSCRIPTION FACTOR,Glucocorticoid receptor-like (DNA-binding domain),,,
TC031140,True,0.6819,Imp,KH domain,KH DOMAIN CONTAINING RNA BINDING PROTEIN,Eukaryotic type KH-domain (KH-domain type I),,,
TC031379,True,0.9507,TC031379,N/A,N/A,N/A,,,
TC010771,True,0.8142,CG6688,PDZ domain,E3 UBIQUITIN-PROTEIN LIGASE SIAH2,PDZ domain-like,,,
TC031614,True,0.5783,TC031614,Integrase core domain,RETROVIRUS-RELATED POL POLYPROTEIN FROM TRANSPOSON 412-LIKE PROTEIN-RELATED,Ribonuclease H-like,,,
TC005888,True,0.7482,TC005888,Zinc finger, C2H2 type,ZINC FINGER PROTEIN,beta-beta-alpha zinc fingers,,
TC010885,True,0.6058,TC010885,Zinc finger, C3HC4 type (RING finger),E3 UBIQUITIN-PROTEIN LIGASE RNF220 ISOFORM X1,RING/U-box,,
TC002494,True,0.9984,cyc,Helix-loop-helix DNA-binding domain,CIRCADIAN PROTEIN CLOCK/ARNT/BMAL/PAS,PYP-like sensor domain (PAS domain),,,
TC032160,True,0.944,TC032160,Zinc finger, C3HC4 type (RING finger),OS05G0521000 PROTEIN,Ran binding protein zinc finger-like,,
TC011773,True,0.6974,CG17258,N/A,SFI1 SPINDLE BODY DOMAIN-CONTAINING PROTEIN-RELATED,N/A,,,
TC035021,True,0.6142,TC035021,Bivalent Mical/EHBP Rab binding domain,CALPONIN HOMOLOGY DOMAIN-CONTAINING PROTEIN DDB_G0272472-RELATED,N/A,,,
TC012253,True,0.8201,MRP,ABC transporter,ATP-BINDING CASSETTE SUB-FAMILY C,ABC transporter transmembrane region,,,
TC031642,True,0.9566,Ance-3,Angiotensin-converting enzyme,ANGIOTENSIN-CONVERTING ENZYME,"Metalloproteases (""zincins""), catalytic domain",,,
TC003694,True,0.9746,CG11247,Zinc finger, C2H2 type,ZINC FINGER AND BTB DOMAIN-CONTAINING,beta-beta-alpha zinc fingers,,
TC015317,True,0.575,CG3815,PHD finger protein 12 MRG binding domain,PHD FINGER PROTEIN 12,SMAD/FHA domain,,,
TC000070,True,0.7172,Pep,Zinc-finger of C2H2 type,N/A,beta-beta-alpha zinc fingers,,,
TC011044,True,0.9148,CG10979,Zinc finger, C2H2 type,ZINC FINGER PROTEIN 800,beta-beta-alpha zinc fingers,,
TC012136,True,0.9908,Hmx,Homeodomain,HOMEOBOX PROTEIN HMX,Homeodomain-like,,,
TC032178,True,0.9912,Ets96B,Ets-domain,ETS,"""Winged helix"" DNA-binding domain",,,
TC015327,True,0.9987,org-1,T-box,T-BOX PROTEIN-RELATED,p53-like transcription factors,,,
TC033047,True,0.9929,TC033047,Zinc finger, C2H2 type,ZINC FINGER PROTEIN,beta-beta-alpha zinc fingers,,
TC016391,True,0.9813,CG12605,Zinc finger, C2H2 type,ZINC FINGER PROTEIN 200,beta-beta-alpha zinc fingers,,
TC002620,True,0.5019,TC002620,Zinc finger, C2H2 type,PR DOMAIN ZINC FINGER PROTEIN,beta-beta-alpha zinc fingers,,
TC003570,True,0.9968,TC003570,'Paired box' domain,PAIRED BOX PROTEIN PAX-6-RELATED-RELATED,Homeodomain-like,,,
TC032974,True,0.9846,TC032974,Zinc finger, C2H2 type,N/A,beta-beta-alpha zinc fingers,,
TC033754,True,0.6181,CG4186,N/A,COILED-COIL-HELIX-COILED-COIL-HELIX DOMAIN-CONTAINING PROTEIN 7,Cysteine alpha-hairpin motif,,,
TC002386,True,0.9197,wntD,wnt family,WNT RELATED,N/A,,,
TC032424,True,0.9962,TC032424,C2H2-type zinc finger,ZINC FINGER PROTEIN,beta-beta-alpha zinc fingers,,,
TC005694,True,0.5347,TC005694,N/A,N/A,N/A,,,
TC000326,True,0.7614,sug,C2H2 zinc finger,TRANSCRIPTIONAL ACTIVATOR CUBITUS INTERRUPTUS,beta-beta-alpha zinc fingers,,,
TC032655,True,0.6013,TC032655,Zinc finger, C2H2 type,ZINC FINGER PROTEIN,beta-beta-alpha zinc fingers,,
TC030982,True,0.9397,btn,Homeodomain,HOMEOBOX PROTEIN MOX,Homeodomain-like,,,
TC033811,True,0.6312,TC033811,N/A,N/A,N/A,,,
TC032546,True,0.9923,Polr2L,RNA polymerases N / 8 kDa subunit,DNA-DIRECTED RNA POLYMERASES I, II, AND III SUBUNIT RPABC5 FAMILY MEMBER,RNA polymerase subunit RPB10,
TC000894,True,0.9978,abd-A,Homeodomain,HOMEOBOX PROTEIN HOX,Homeodomain-like,,,
TC031557,True,0.9887,l(3)73Ah,RAWUL domain RING finger- and  WD40-associated ubiquitin-like,POLYCOMB GROUP RING FINGER PROTEIN,RING/U-box,,,
TC009647,True,0.6332,Su(var)2-10,PINIT domain,ZINC FINGER MIZ DOMAIN-CONTAINING PROTEIN,SAP domain,,,
TC016160,True,0.7807,TC016160,N/A,N/A,N/A,,,
TC013881,True,0.9309,mTTF,N/A,TRANSCRIPTION TERMINATION FACTOR, MITOCHONDRIAL,N/A,,
TC014456,True,0.9765,TC014456,Zinc-finger associated domain (zf-AD),ZINC FINGER PROTEIN 200,beta-beta-alpha zinc fingers,,,
TC011687,True,0.8814,E2f2,E2F transcription factor CC-MB domain,TRANSCRIPTION FACTOR E2F,E2F-DP heterodimerization region,,,
TC014741,True,0.9857,Blimp-1,PR domain zinc finger protein 2, PR domain,PR DOMAIN ZINC FINGER PROTEIN,SET domain,,
TC010058,True,0.984,dmrt99B,DMRTA motif,DOUBLESEX AND MAB-3 RELATED TRANSCRIPTION FACTOR  DMRT,UBA-like,,,
TC001356,True,0.7591,escl,WD domain, G-beta repeat,POLYCOMB PROTEIN,WD40 repeat-like,,
TC006859,True,0.7971,TC006859,N/A,N/A,N/A,,,
TC034026,True,0.9188,TC034026,BTB/POZ domain,BTB DOMAIN TRANSCRIPTION FACTOR,beta-beta-alpha zinc fingers,,,
TC014638,True,0.7104,CG17672,N/A,RE41427P,Cystine-knot cytokines,,,
TC006490,True,0.9791,CG4768,Telomere attrition and p53 response 1 protein-like,UPF0472 PROTEIN C16ORF72,N/A,,,
TC005315,True,0.712,BicC,Protein bicaudal C homolog 1, KH-like domain,SCP160,SAM/Pointed domain,,
TC005755,True,0.9673,TC005755,N/A,ZINC FINGER PROTEIN,beta-beta-alpha zinc fingers,,,
TC008838,True,0.9989,Poxm,'Paired box' domain,PAIRED BOX PROTEIN PAX-6-RELATED-RELATED,Homeodomain-like,,,
TC005482,True,0.9887,FoxK,FHA domain,CHECKPOINT SUPPRESSOR 1-LIKE, ISOFORM A-RELATED,"""Winged helix"" DNA-binding domain",,
TC033713,True,0.9701,TC033713,Zinc-finger associated domain (zf-AD),PR DOMAIN ZINC FINGER PROTEIN,Glucocorticoid receptor-like (DNA-binding domain),,,
TC031294,True,0.8123,TC031294,N/A,ZINC FINGER PROTEIN,beta-beta-alpha zinc fingers,,,
TC013711,True,0.9974,TC013711,C2H2-type zinc finger,PR DOMAIN ZINC FINGER PROTEIN,Glucocorticoid receptor-like (DNA-binding domain),,,
TC007228,True,0.9925,Trf,Transcription factor TFIID (or TATA-binding protein, TBP),TATA-BOX BINDING PROTEIN,TATA-box binding protein-like,,
TC008433,True,0.9995,ac,Helix-loop-helix DNA-binding domain,ACHAETE-SCUTE TRANSCRIPTION FACTOR-RELATED,HLH, helix-loop-helix DNA-binding domain,,
TC006277,True,0.9265,Pino,N/A,N/A,N/A,,,
TC004051,True,0.5204,TC004051,TNP-like, GTP-binding insertion domain,N/A,N/A,,
TC007778,True,0.7927,TC007778,N/A,N/A,N/A,,,
TC033497,True,0.9002,TC033497,Zinc finger, C2H2 type,TRANSCRIPTIONAL REPRESSOR CTCFL-RELATED,beta-beta-alpha zinc fingers,,
TC012948,True,0.5795,TC012948,N/A,TRANSPOSABLE ELEMENT TC3 TRANSPOSASE-LIKE PROTEIN,N/A,,,
TC011040,True,0.942,TC011040,C2H2-type zinc-finger domain,ZINC FINGER PROTEIN 200,beta-beta-alpha zinc fingers,,,
TC015038,True,0.9949,TC015038,Homeodomain,HOMEOBOX PROTEIN EMX-RELATED,Homeodomain-like,,,
TC005788,True,0.9865,sob,Zinc finger, C2H2 type,ODD-SKIPPED - RELATED,beta-beta-alpha zinc fingers,,
TC008868,True,0.9748,TC008868,Zinc finger, C2H2 type,ZINC FINGER AND BTB DOMAIN-CONTAINING,beta-beta-alpha zinc fingers,,
TC007693,True,0.7186,TC007693,B-box zinc finger,BONUS, ISOFORM C-RELATED,Calcium-dependent phosphotriesterase,,
TC034888,True,0.5323,TC034888,N/A,N/A,N/A,,,
TC000296,True,0.5365,CG44422,EF-hand domain pair,CALCIUM BINDING PROTEINS,EF-hand,,,
TC007879,True,0.9864,TC007879,Zinc-finger associated domain (zf-AD),ZINC FINGER PROTEIN,beta-beta-alpha zinc fingers,,,
TC006078,True,0.6257,TC006078,Transposase IS4,DDE_TNP_1_7 DOMAIN-CONTAINING PROTEIN,N/A,,,
TC013614,True,0.9966,NK7.1,Homeodomain,HOMEOBOX PROTEIN NKX,Homeodomain-like,,,
TC033920,True,0.9893,TC033920,THAP domain,ZINC FINGER PROTEIN,Glucocorticoid receptor-like (DNA-binding domain),,,
TC000361,True,0.9967,Optix,Homeodomain,HOMEOBOX PROTEIN SIX,Homeodomain-like,,,
TC015873,True,0.6801,TC015873,N/A,N/A,N/A,,,
TC010438,True,0.744,Polr2C,RNA polymerase Rpb3/RpoA insert domain,DNA-DIRECTED RNA POLYMERASE,Insert subdomain of RNA polymerase alpha subunit,,,
TC015257,True,0.5359,CG10510,Sperm tail,NYD-SP28 PROTEIN,N/A,,,
TC015048,True,0.9858,Clamp,C2H2-type zinc finger,ZINC FINGER PROTEIN,beta-beta-alpha zinc fingers,,,
TC010549,True,0.5013,RacGAP84C,Phorbol esters/diacylglycerol binding domain (C1 domain),RAC GTPASE-ACTIVATING PROTEIN 1,GTPase activation domain, GAP,,
TC007168,True,0.996,TC007168,Zinc finger, C2H2 type,ZINC FINGER PROTEIN,Glucocorticoid receptor-like (DNA-binding domain),,
TC009316,True,0.5614,hng2,BESS motif,MADF DOMAIN TRANSCRIPTION FACTOR,N/A,,,
TC000921,True,0.9947,TC000921,Homeodomain,PROTEIN ZERKNUELLT 1-RELATED,Homeodomain-like,,,
TC012138,True,0.863,TC012138,N/A,N/A,N/A,,,
TC013787,True,0.9834,CG15269,Zinc finger, C2H2 type,ZINC FINGER PROTEIN,POZ domain,,
TC014939,True,0.8849,Lim1,Homeodomain,LIM/HOMEOBOX PROTEIN LHX,Glucocorticoid receptor-like (DNA-binding domain),,,
TC011744,True,0.9964,Dr,Homeodomain,HOMEOBOX PROTEIN MSX,Homeodomain-like,,,
TC030676,True,0.9853,TC030676,Ligand-binding domain of nuclear hormone receptor,NUCLEAR HORMONE RECEPTOR,Nuclear receptor ligand-binding domain,,,
TC013872,True,0.9054,Vsp37A,Modifier of rudimentary (Mod(r)) protein,VACUOLAR PROTEIN SORTING-ASSOCIATED PROTEIN 37,Endosomal sorting complex assembly domain,,,
TC013241,True,0.9387,sima,PAS fold,HYPOXIA-INDUCIBLE FACTOR 1 ALPHA,PYP-like sensor domain (PAS domain),,,
TC006256,True,0.8099,TC006256,Zinc finger, C2H2 type,ZINC FINGER PROTEIN,beta-beta-alpha zinc fingers,,
TC031697,True,0.8653,TC031697,Transposase IS4,PIGGYBAC TRANSPOSABLE ELEMENT-DERIVED PROTEIN 4,Acid proteases,,,
TC008966,True,0.9129,nerfin-1,Zinc finger, C2H2 type,INSULINOMA-ASSOCIATED 1,beta-beta-alpha zinc fingers,,
TC012833,True,0.9837,TC012833,Zinc finger, C2H2 type,PR DOMAIN ZINC FINGER PROTEIN,beta-beta-alpha zinc fingers,,
TC007014,True,0.9975,vnd,Homeodomain,HOMEOBOX PROTEIN NKX,Homeodomain-like,,,
TC007931,True,0.905,Sap30,Sin3 binding region of histone deacetylase complex subunit SAP30,SAP30,N/A,,,
TC002395,True,0.9673,MEP-1,N/A,ZINC FINGER PROTEIN,N/A,,,
TC001457,True,0.9529,TC001457,N/A,N/A,N/A,,,
TC014751,True,0.6803,CG4497,N/A,FAMILY WITH SEQUENCE SIMILARITY 122B ISOFORM X1,N/A,,,
TC013474,True,0.9682,sens,Zinc finger, C2H2 type,KRUEPPEL-LIKE TRANSCRIPTION FACTOR,beta-beta-alpha zinc fingers,,
TC003094,True,0.6401,E(z),Ezh2, MCSS domain,HISTONE-LYSINE N-METHYLTRANSFERASE E(Z),SET domain,,
TC016418,True,0.9371,TC016418,HTH domain in Mos1 transposase,MARINER MOS1 TRANSPOSASE-LIKE PROTEIN,N/A,,,
TC003154,True,0.5687,IFT43,Intraflagellar transport protein 43,INTRAFLAGELLAR TRANSPORT PROTEIN 43 HOMOLOG,N/A,,,
TC013245,True,0.9917,fkh,Forkhead domain,FORKHEAD BOX PROTEIN,"""Winged helix"" DNA-binding domain",,,
TC005784,True,0.9908,bowl,Zinc finger, C2H2 type,ODD-SKIPPED - RELATED,beta-beta-alpha zinc fingers,,
TC005541,True,0.909,Hesr,Hairy Orange,BASIC HELIX-LOOP-HELIX TRANSCRIPTION FACTOR, HES-RELATED,Orange domain-like,,
TC005785,True,0.9711,odd,Zinc finger, C2H2 type,ODD-SKIPPED - RELATED,beta-beta-alpha zinc fingers,,
TC009378,True,0.965,Hr51,Double treble clef zinc finger, C4 type,NUCLEAR HORMONE RECEPTOR,Glucocorticoid receptor-like (DNA-binding domain),,
TC008629,True,0.9982,hth,Homeobox KN domain,HOMEOBOX PROTEIN TRANSCRIPTION FACTORS,Homeodomain-like,,,
TC011950,True,0.6231,TC011950,N/A,SHOOTIN-1,N/A,,,
TC011189,True,0.9695,TC011189,Zinc finger, C2H2 type,ZINC FINGER PROTEIN,beta-beta-alpha zinc fingers,,
TC011217,True,0.5422,TC011217,THAP domain,N/A,Glucocorticoid receptor-like (DNA-binding domain),,,
TC006841,True,0.9683,TC006841,C2H2-type zinc finger,KRAB AND ZINC FINGER DOMAIN-CONTAINING,beta-beta-alpha zinc fingers,,,
TC006094,True,0.8411,Br140,Bromodomain,PHD FINGER PROTEINS,Bromodomain,,,
TC015981,True,0.7053,CG5098,PHD-like zinc-binding domain,RETINOIC ACID INDUCED 1/TRANSCRIPTION FACTOR 20,N/A,,,
TC000954,True,0.9835,bigmax,Helix-loop-helix DNA-binding domain,BASIC HELIX-LOOP-HELIX ZIP TRANSCRIPTION FACTOR,HLH, helix-loop-helix DNA-binding domain,,
TC013210,True,0.9975,TC013210,Zinc finger, C2H2 type,ZINC FINGER PROTEIN 200,beta-beta-alpha zinc fingers,,
TC011008,True,0.8734,TC011008,C2H2-type zinc finger,ZINC FINGER PROTEIN,beta-beta-alpha zinc fingers,,,
TC003251,True,0.6461,Coq4,Coenzyme Q (ubiquinone) biosynthesis protein Coq4,UBIQUINONE BIOSYNTHESIS PROTEIN,N/A,,,
TC009911,True,0.9875,Rx,Homeodomain,HOMEOBOX PROTEIN, PUTATIVE-RELATED,Homeodomain-like,,
TC014200,True,0.9972,HGTX,Homeodomain,HOMEOBOX PROTEIN NKX,Homeodomain-like,,,
TC000483,True,0.9974,CG18599,Homeodomain,HOMEOBOX PROTEIN EMX-RELATED,Homeodomain-like,,,
TC033773,True,0.5996,RpS25,S25 ribosomal protein,40S RIBOSOMAL PROTEIN S25,N/A,,,
TC003769,True,0.7335,TC003769,N/A,N/A,N/A,,,
TC000359,True,0.9474,Pfdn2,Prefoldin subunit,PREFOLDIN SUBUNIT 2,Prefoldin,,,
TC004670,True,0.8554,Klf15,Zinc finger, C2H2 type,KRUEPPEL-LIKE TRANSCRIPTION FACTOR,beta-beta-alpha zinc fingers,,
TC034853,True,0.8452,TC034853,N/A,N/A,N/A,,,
TC013909,True,0.9981,TC013909,Homeobox KN domain,HOMEOBOX PROTEIN TRANSCRIPTION FACTORS,Homeodomain-like,,,
TC011144,True,0.7296,TC011144,HMG (high mobility group) box,HIGH MOBILITY GROUP PROTEIN 2,beta-beta-alpha zinc fingers,,,
TC008832,True,0.9932,MTA1-like,ELM2 domain,METASTASIS-ASSOCIATED PROTEIN AND MESODERM INDUCTION EARLY RESPONSE PROTEIN,beta-beta-alpha zinc fingers,,,
TC013017,True,0.7868,hzg,NLI interacting factor-like phosphatase,DULLARD PROTEIN PHOSPHATASE,HAD-like,,,
TC001960,True,0.7488,CG9356,N/A,BASIC LEUCINE ZIPPER NUCLEAR FACTOR 1 BLZF1  PROTEIN,N/A,,,
TC012119,True,0.9178,cwo,Helix-loop-helix DNA-binding domain,BASIC HELIX-LOOP-HELIX TRANSCRIPTION FACTOR, HES-RELATED,HLH, helix-loop-helix DNA-binding domain,
TC013617,True,0.7592,TC013617,N/A,N/A,N/A,,,
TC011696,True,0.9846,btd,Zinc finger, C2H2 type,KRUEPPEL-LIKE TRANSCRIPTION FACTOR,beta-beta-alpha zinc fingers,,
TC008103,True,0.9047,Lint-1,N/A,PHD FINGER PROTEIN,FYVE/PHD zinc finger,,,
TC009351,True,0.9974,Dll,Homeodomain,HOMEOBOX PROTEIN,Homeodomain-like,,,
TC014974,True,0.9235,TC014974,Zinc finger, C2H2 type,ZINC FINGER PROTEIN,beta-beta-alpha zinc fingers,,
TC032606,True,0.9903,dar1,Zinc finger, C2H2 type,KRUEPPEL-LIKE TRANSCRIPTION FACTOR,beta-beta-alpha zinc fingers,,
TC014350,True,0.9906,vvl,Homeodomain,POU DOMAIN,lambda repressor-like DNA-binding domains,,,
TC001560,True,0.9705,dbr,Zinc-finger associated domain (zf-AD),PR DOMAIN ZINC FINGER PROTEIN,Glucocorticoid receptor-like (DNA-binding domain),,,
TC006915,True,0.9444,TC006915,N/A,N/A,N/A,,,
TC032755,True,0.8433,dac,SKI/SNO/DAC Dachshund homology domain,DACHSHUND,Putative DNA-binding domain,,,
TC001693,True,0.9897,disco,N/A,DISCONNECTED-RELATED,N/A,,,
TC000889,True,0.9971,Abd-B,Homeodomain,HOMEOBOX PROTEIN ABDOMINAL-B,Homeodomain-like,,,
